<knowledgeItem xmlns="http://iptc.org/std/nar/2006-10-01/" standard="NewsML-G2"
    standardversion="2.18" conformance="power"
    guid="urn:newsml:iptc.org:20080229:srcncdki-spamfdriveresult" version="1">
    <catalogRef href="http://www.iptc.org/std/catalog/catalog.IPTC-G2-Standards_25.xml"/>
    <catalogRef href="http://www.iptc.org/std/catalog/catalog.IPTC-Sports_1.xml"/>
    <rightsInfo>
        <copyrightHolder uri="http://cv.iptc.org/newscodes/newsprovider/IPTC">
            <name>IPTC - International Press Telecommunications Council</name>
        </copyrightHolder>
        <copyrightNotice>Copyright 2016, IPTC, www.iptc.org, Rights Reserved</copyrightNotice>
        <usageTerms href="http://creativecommons.org/licenses/by/4.0/">the Creative Commons
            Attribution (CC BY) 4.0 license applies to all NewsCodes</usageTerms>
    </rightsInfo>
    <itemMeta>
        <itemClass qcode="cinat:scheme"/>
        <provider uri="http://cv.iptc.org/newscodes/newsprovider/IPTC">
            <name>IPTC</name>
        </provider>
        <versionCreated>2016-06-13T15:15:32-04:00</versionCreated>
        <pubStatus qcode="stat:usable"/>
    </itemMeta>
    <contentMeta>
        <subject qcode="subj:15000000">
            <name xml:lang="en-US">sport</name>
            <name xml:lang="en-GB">sport</name>
        </subject>
        <subject qcode="subj:15003000">
            <name xml:lang="en-US">american-football</name>
            <name xml:lang="en-GB">american-football</name>
            <broader qcode="subj:15000000"/>
        </subject>
        <description>Results of an american football drive.</description>
    </contentMeta>
    <conceptSet>
        <concept id="spamfdriveresultscore">
            <conceptId qcode="spamfdriveresult:score" created="2016-05-02T00:00:00+00:00"/>
            <type qcode="cpnat:abstract"/>
            <name xml:lang="en-US">score</name>
            <name xml:lang="en-GB">score</name>
            <definition/>
            <related uri="http://cv.iptc.org/newscodes/spamfdriveresult/" rel="skos:inScheme"/>
        </concept>
        <concept id="spamfdriveresultscore-attempt">
            <conceptId qcode="spamfdriveresult:score-attempt" created="2016-05-02T00:00:00+00:00"/>
            <type qcode="cpnat:abstract"/>
            <name xml:lang="en-US">score-attempt</name>
            <name xml:lang="en-GB">score-attempt</name>
            <definition/>
            <related uri="http://cv.iptc.org/newscodes/spamfdriveresult/" rel="skos:inScheme"/>
        </concept>
        <concept id="spamfdriveresultpunt">
            <conceptId qcode="spamfdriveresult:punt" created="2016-05-02T00:00:00+00:00"/>
            <type qcode="cpnat:abstract"/>
            <name xml:lang="en-US">punt</name>
            <name xml:lang="en-GB">punt</name>
            <definition/>
            <related uri="http://cv.iptc.org/newscodes/spamfdriveresult/" rel="skos:inScheme"/>
        </concept>
        <concept id="spamfdriveresultfumble">
            <conceptId qcode="spamfdriveresult:fumble" created="2016-05-02T00:00:00+00:00"/>
            <type qcode="cpnat:abstract"/>
            <name xml:lang="en-US">fumble</name>
            <name xml:lang="en-GB">fumble</name>
            <definition/>
            <related uri="http://cv.iptc.org/newscodes/spamfdriveresult/" rel="skos:inScheme"/>
        </concept>
        <concept id="spamfdriveresultinterception">
            <conceptId qcode="spamfdriveresult:interception" created="2016-05-02T00:00:00+00:00"/>
            <type qcode="cpnat:abstract"/>
            <name xml:lang="en-US">interception</name>
            <name xml:lang="en-GB">interception</name>
            <definition/>
            <related uri="http://cv.iptc.org/newscodes/spamfdriveresult/" rel="skos:inScheme"/>
        </concept>
        <concept id="spamfdriveresultmarker-not-reached">
            <conceptId qcode="spamfdriveresult:marker-not-reached" created="2016-05-02T00:00:00+00:00"/>
            <type qcode="cpnat:abstract"/>
            <name xml:lang="en-US">marker-not-reached</name>
            <name xml:lang="en-GB">marker-not-reached</name>
            <definition xml:lang="en-GB">On the final down, the team in possession did not reach the first-down
                marker.</definition>
            <related uri="http://cv.iptc.org/newscodes/spamfdriveresult/" rel="skos:inScheme"/>
        </concept>
    </conceptSet>
    <schemeMeta authority="http://www.iptc.org" uri="http://cv.iptc.org/newscodes/spamfdriveresult/"
        preferredalias="spamfdriveresult">
        <definition xml:lang="en-GB">Results of an american football drive.</definition>
        <name xml:lang="en-US">American Football Drive Results</name>
            <name xml:lang="en-GB">American Football Drive Results</name>
        <related qcode="spamfdriveresult:score" rel="skos:hasTopConcept"/>
        <related qcode="spamfdriveresult:score-attempt" rel="skos:hasTopConcept"/>
        <related qcode="spamfdriveresult:punt" rel="skos:hasTopConcept"/>
        <related qcode="spamfdriveresult:fumble" rel="skos:hasTopConcept"/>
        <related qcode="spamfdriveresult:interception" rel="skos:hasTopConcept"/>
        <related qcode="spamfdriveresult:marker-not-reached" rel="skos:hasTopConcept"/>
        <schemeMetaExtProperty rel="ikos:availLang" value="en-US"/>
        <schemeMetaExtProperty rel="ikos:availLang" value="en-GB"/>
    </schemeMeta>
</knowledgeItem>
