<knowledgeItem xmlns="http://iptc.org/std/nar/2006-10-01/" standard="NewsML-G2"
    standardversion="2.18" conformance="power"
    guid="urn:newsml:iptc.org:20080229:srcncdki-spamfaction" version="1">
    <catalogRef href="http://www.iptc.org/std/catalog/catalog.IPTC-G2-Standards_25.xml"/>
    <catalogRef href="http://www.iptc.org/std/catalog/catalog.IPTC-Sports_1.xml"/>
    <rightsInfo>
        <copyrightHolder uri="http://cv.iptc.org/newscodes/newsprovider/IPTC">
            <name>IPTC - International Press Telecommunications Council</name>
        </copyrightHolder>
        <copyrightNotice>Copyright 2016, IPTC, www.iptc.org, Rights Reserved</copyrightNotice>
        <usageTerms href="http://creativecommons.org/licenses/by/4.0/">the Creative Commons
            Attribution (CC BY) 4.0 license applies to all NewsCodes</usageTerms>
    </rightsInfo>
    <itemMeta>
        <itemClass qcode="cinat:scheme"/>
        <provider uri="http://cv.iptc.org/newscodes/newsprovider/IPTC">
            <name>IPTC</name>
        </provider>
        <versionCreated>2016-06-13T15:15:32-04:00</versionCreated>
        <pubStatus qcode="stat:usable"/>
    </itemMeta>
    <contentMeta>
        <subject qcode="subj:15000000">
            <name xml:lang="en-US">sport</name>
            <name xml:lang="en-GB">sport</name>
        </subject>
        <subject qcode="subj:15003000">
            <name xml:lang="en-US">american-football</name>
            <name xml:lang="en-GB">american-football</name>
            <broader qcode="subj:15000000"/>
        </subject>
        <description>Types of play action in American Football</description>
    </contentMeta>
    <conceptSet>
        <concept id="spamfactiondrive">
            <conceptId qcode="spamfaction:drive" created="2016-05-02T00:00:00+00:00"/>
            <type qcode="cpnat:abstract"/>
            <name xml:lang="en-US">drive</name>
            <name xml:lang="en-GB">drive</name>
            <definition/>
            <related uri="http://cv.iptc.org/newscodes/spamfaction/" rel="skos:inScheme"/>
        </concept>
        <concept id="spamfactionoverturned">
            <conceptId qcode="spamfaction:overturned" created="2016-05-02T00:00:00+00:00"/>
            <type qcode="cpnat:abstract"/>
            <name xml:lang="en-US">overturned</name>
            <name xml:lang="en-GB">overturned</name>
            <definition/>
            <related uri="http://cv.iptc.org/newscodes/spamfaction/" rel="skos:inScheme"/>
        </concept>
        <concept id="spamfactiontimeout">
            <conceptId qcode="spamfaction:timeout" created="2016-05-02T00:00:00+00:00"/>
            <type qcode="cpnat:abstract"/>
            <name xml:lang="en-US">timeout</name>
            <name xml:lang="en-GB">timeout</name>
            <definition/>
            <related uri="http://cv.iptc.org/newscodes/spamfaction/" rel="skos:inScheme"/>
        </concept>
        <concept id="spamfactionpenalty">
            <conceptId qcode="spamfaction:penalty" created="2016-05-02T00:00:00+00:00"/>
            <type qcode="cpnat:abstract"/>
            <name xml:lang="en-US">penalty</name>
            <name xml:lang="en-GB">penalty</name>
            <definition/>
            <related uri="http://cv.iptc.org/newscodes/spamfaction/" rel="skos:inScheme"/>
        </concept>
        <concept id="spamfactionfumble-return">
            <conceptId qcode="spamfaction:fumble-return" created="2016-05-02T00:00:00+00:00"/>
            <type qcode="cpnat:abstract"/>
            <name xml:lang="en-US">fumble-return</name>
            <name xml:lang="en-GB">fumble-return</name>
            <definition/>
            <related uri="http://cv.iptc.org/newscodes/spamfaction/" rel="skos:inScheme"/>
        </concept>
        <concept id="spamfactionpass-intercepted">
            <conceptId qcode="spamfaction:pass-intercepted" created="2016-05-02T00:00:00+00:00"/>
            <type qcode="cpnat:abstract"/>
            <name xml:lang="en-US">pass-intercepted</name>
            <name xml:lang="en-GB">pass-intercepted</name>
            <definition/>
            <related uri="http://cv.iptc.org/newscodes/spamfaction/" rel="skos:inScheme"/>
        </concept>
        <concept id="spamfactionfield-goal">
            <conceptId qcode="spamfaction:field-goal" created="2016-05-02T00:00:00+00:00"/>
            <type qcode="cpnat:abstract"/>
            <name xml:lang="en-US">field-goal</name>
            <name xml:lang="en-GB">field-goal</name>
            <definition/>
            <related uri="http://cv.iptc.org/newscodes/spamfaction/" rel="skos:inScheme"/>
        </concept>
        <concept id="spamfactionpass-complete">
            <conceptId qcode="spamfaction:pass-complete" created="2016-05-02T00:00:00+00:00"/>
            <type qcode="cpnat:abstract"/>
            <name xml:lang="en-US">pass-complete</name>
            <name xml:lang="en-GB">pass-complete</name>
            <definition/>
            <related uri="http://cv.iptc.org/newscodes/spamfaction/" rel="skos:inScheme"/>
        </concept>
        <concept id="spamfactionkickoff">
            <conceptId qcode="spamfaction:kickoff" created="2016-05-02T00:00:00+00:00"/>
            <type qcode="cpnat:abstract"/>
            <name xml:lang="en-US">kickoff</name>
            <name xml:lang="en-GB">kickoff</name>
            <definition/>
            <related uri="http://cv.iptc.org/newscodes/spamfaction/" rel="skos:inScheme"/>
        </concept>
        <concept id="spamfactionrush">
            <conceptId qcode="spamfaction:rush" created="2016-05-02T00:00:00+00:00"/>
            <type qcode="cpnat:abstract"/>
            <name xml:lang="en-US">rush</name>
            <name xml:lang="en-GB">rush</name>
            <definition/>
            <related uri="http://cv.iptc.org/newscodes/spamfaction/" rel="skos:inScheme"/>
        </concept>
        <concept id="spamfactionkickoff-onside">
            <conceptId qcode="spamfaction:kickoff-onside" created="2016-05-02T00:00:00+00:00"/>
            <type qcode="cpnat:abstract"/>
            <name xml:lang="en-US">kickoff-onside</name>
            <name xml:lang="en-GB">kickoff-onside</name>
            <definition/>
            <related uri="http://cv.iptc.org/newscodes/spamfaction/" rel="skos:inScheme"/>
        </concept>
        <concept id="spamfactionextra-point">
            <conceptId qcode="spamfaction:extra-point" created="2016-05-02T00:00:00+00:00"/>
            <type qcode="cpnat:abstract"/>
            <name xml:lang="en-US">extra-point</name>
            <name xml:lang="en-GB">extra-point</name>
            <definition/>
            <related uri="http://cv.iptc.org/newscodes/spamfaction/" rel="skos:inScheme"/>
        </concept>
        <concept id="spamfactionpass-incomplete">
            <conceptId qcode="spamfaction:pass-incomplete" created="2016-05-02T00:00:00+00:00"/>
            <type qcode="cpnat:abstract"/>
            <name xml:lang="en-US">pass-incomplete</name>
            <name xml:lang="en-GB">pass-incomplete</name>
            <definition/>
            <related uri="http://cv.iptc.org/newscodes/spamfaction/" rel="skos:inScheme"/>
        </concept>
        <concept id="spamfactionpunt">
            <conceptId qcode="spamfaction:punt" created="2016-05-02T00:00:00+00:00"/>
            <type qcode="cpnat:abstract"/>
            <name xml:lang="en-US">punt</name>
            <name xml:lang="en-GB">punt</name>
            <definition/>
            <related uri="http://cv.iptc.org/newscodes/spamfaction/" rel="skos:inScheme"/>
        </concept>
        <concept id="spamfactionsack">
            <conceptId qcode="spamfaction:sack" created="2016-05-02T00:00:00+00:00"/>
            <type qcode="cpnat:abstract"/>
            <name xml:lang="en-US">sack</name>
            <name xml:lang="en-GB">sack</name>
            <definition/>
            <related uri="http://cv.iptc.org/newscodes/spamfaction/" rel="skos:inScheme"/>
        </concept>
    </conceptSet>
    <schemeMeta authority="http://www.iptc.org" uri="http://cv.iptc.org/newscodes/spamfaction/"
        preferredalias="spamfaction">
        <definition xml:lang="en-GB">Types of play action in American Football</definition>
        <name xml:lang="en-US">American Football Actions</name>
            <name xml:lang="en-GB">American Football Actions</name>
        <related qcode="spamfaction:drive" rel="skos:hasTopConcept"/>
        <related qcode="spamfaction:overturned" rel="skos:hasTopConcept"/>
        <related qcode="spamfaction:timeout" rel="skos:hasTopConcept"/>
        <related qcode="spamfaction:penalty" rel="skos:hasTopConcept"/>
        <related qcode="spamfaction:fumble-return" rel="skos:hasTopConcept"/>
        <related qcode="spamfaction:pass-intercepted" rel="skos:hasTopConcept"/>
        <related qcode="spamfaction:field-goal" rel="skos:hasTopConcept"/>
        <related qcode="spamfaction:pass-complete" rel="skos:hasTopConcept"/>
        <related qcode="spamfaction:kickoff" rel="skos:hasTopConcept"/>
        <related qcode="spamfaction:rush" rel="skos:hasTopConcept"/>
        <related qcode="spamfaction:kickoff-onside" rel="skos:hasTopConcept"/>
        <related qcode="spamfaction:extra-point" rel="skos:hasTopConcept"/>
        <related qcode="spamfaction:pass-incomplete" rel="skos:hasTopConcept"/>
        <related qcode="spamfaction:punt" rel="skos:hasTopConcept"/>
        <related qcode="spamfaction:sack" rel="skos:hasTopConcept"/>
        <schemeMetaExtProperty rel="ikos:availLang" value="en-US"/>
        <schemeMetaExtProperty rel="ikos:availLang" value="en-GB"/>
    </schemeMeta>
</knowledgeItem>
