<knowledgeItem xmlns="http://iptc.org/std/nar/2006-10-01/" standard="NewsML-G2"
    standardversion="2.18" conformance="power"
    guid="urn:newsml:iptc.org:20080229:srcncdki-spamfpenalty" version="1">
    <catalogRef href="http://www.iptc.org/std/catalog/catalog.IPTC-G2-Standards_25.xml"/>
    <catalogRef href="http://www.iptc.org/std/catalog/catalog.IPTC-Sports_1.xml"/>
    <rightsInfo>
        <copyrightHolder uri="http://cv.iptc.org/newscodes/newsprovider/IPTC">
            <name>IPTC - International Press Telecommunications Council</name>
        </copyrightHolder>
        <copyrightNotice>Copyright 2016, IPTC, www.iptc.org, Rights Reserved</copyrightNotice>
        <usageTerms href="http://creativecommons.org/licenses/by/4.0/">the Creative Commons
            Attribution (CC BY) 4.0 license applies to all NewsCodes</usageTerms>
    </rightsInfo>
    <itemMeta>
        <itemClass qcode="cinat:scheme"/>
        <provider uri="http://cv.iptc.org/newscodes/newsprovider/IPTC">
            <name>IPTC</name>
        </provider>
        <versionCreated>2016-06-13T15:15:32-04:00</versionCreated>
        <pubStatus qcode="stat:usable"/>
    </itemMeta>
    <contentMeta>
        <subject qcode="subj:15000000">
            <name xml:lang="en-US">sport</name>
            <name xml:lang="en-GB">sport</name>
        </subject>
        <subject qcode="subj:15003000">
            <name xml:lang="en-US">american-football</name>
            <name xml:lang="en-GB">american-football</name>
            <broader qcode="subj:15000000"/>
        </subject>
        <description>Types of penalty in american-football.</description>
    </contentMeta>
    <conceptSet>
        <concept id="spamfpenaltybatting-ball">
            <conceptId qcode="spamfpenalty:batting-ball" created="2016-05-02T00:00:00+00:00"/>
            <type qcode="cpnat:abstract"/>
            <name xml:lang="en-US">batting-ball</name>
            <name xml:lang="en-GB">batting-ball</name>
            <definition/>
            <related uri="http://cv.iptc.org/newscodes/spamfpenalty/" rel="skos:inScheme"/>
        </concept>
        <concept id="spamfpenaltyblitzing-infraction">
            <conceptId qcode="spamfpenalty:blitzing-infraction" created="2016-05-02T00:00:00+00:00"/>
            <type qcode="cpnat:abstract"/>
            <name xml:lang="en-US">blitzing-infraction</name>
            <name xml:lang="en-GB">blitzing-infraction</name>
            <definition/>
            <related uri="http://cv.iptc.org/newscodes/spamfpenalty/" rel="skos:inScheme"/>
        </concept>
        <concept id="spamfpenaltyclipping">
            <conceptId qcode="spamfpenalty:clipping" created="2016-05-02T00:00:00+00:00"/>
            <type qcode="cpnat:abstract"/>
            <name xml:lang="en-US">clipping</name>
            <name xml:lang="en-GB">clipping</name>
            <definition/>
            <related uri="http://cv.iptc.org/newscodes/spamfpenalty/" rel="skos:inScheme"/>
        </concept>
        <concept id="spamfpenaltydelay-of-game">
            <conceptId qcode="spamfpenalty:delay-of-game" created="2016-05-02T00:00:00+00:00"/>
            <type qcode="cpnat:abstract"/>
            <name xml:lang="en-US">delay-of-game</name>
            <name xml:lang="en-GB">delay-of-game</name>
            <definition/>
            <related uri="http://cv.iptc.org/newscodes/spamfpenalty/" rel="skos:inScheme"/>
        </concept>
        <concept id="spamfpenaltyencroachment">
            <conceptId qcode="spamfpenalty:encroachment" created="2016-05-02T00:00:00+00:00"/>
            <type qcode="cpnat:abstract"/>
            <name xml:lang="en-US">encroachment</name>
            <name xml:lang="en-GB">encroachment</name>
            <definition/>
            <related uri="http://cv.iptc.org/newscodes/spamfpenalty/" rel="skos:inScheme"/>
        </concept>
        <concept id="spamfpenaltyexcessive-time-outs">
            <conceptId qcode="spamfpenalty:excessive-time-outs" created="2016-05-02T00:00:00+00:00"/>
            <type qcode="cpnat:abstract"/>
            <name xml:lang="en-US">excessive-time-outs</name>
            <name xml:lang="en-GB">excessive-time-outs</name>
            <definition/>
            <related uri="http://cv.iptc.org/newscodes/spamfpenalty/" rel="skos:inScheme"/>
        </concept>
        <concept id="spamfpenaltyexcessive-crowd-noise">
            <conceptId qcode="spamfpenalty:excessive-crowd-noise" created="2016-05-02T00:00:00+00:00"/>
            <type qcode="cpnat:abstract"/>
            <name xml:lang="en-US">excessive-crowd-noise</name>
            <name xml:lang="en-GB">excessive-crowd-noise</name>
            <definition/>
            <related uri="http://cv.iptc.org/newscodes/spamfpenalty/" rel="skos:inScheme"/>
        </concept>
        <concept id="spamfpenaltyfair-catch-interference">
            <conceptId qcode="spamfpenalty:fair-catch-interference" created="2016-05-02T00:00:00+00:00"/>
            <type qcode="cpnat:abstract"/>
            <name xml:lang="en-US">fair-catch-interference</name>
            <name xml:lang="en-GB">fair-catch-interference</name>
            <definition/>
            <related uri="http://cv.iptc.org/newscodes/spamfpenalty/" rel="skos:inScheme"/>
        </concept>
        <concept id="spamfpenaltyfacemask-incidental">
            <conceptId qcode="spamfpenalty:facemask-incidental" created="2016-05-02T00:00:00+00:00"/>
            <type qcode="cpnat:abstract"/>
            <name xml:lang="en-US">facemask-incidental</name>
            <name xml:lang="en-GB">facemask-incidental</name>
            <definition/>
            <related uri="http://cv.iptc.org/newscodes/spamfpenalty/" rel="skos:inScheme"/>
        </concept>
        <concept id="spamfpenaltyfacemask-flagrant">
            <conceptId qcode="spamfpenalty:facemask-flagrant" created="2016-05-02T00:00:00+00:00"/>
            <type qcode="cpnat:abstract"/>
            <name xml:lang="en-US">facemask-flagrant</name>
            <name xml:lang="en-GB">facemask-flagrant</name>
            <definition/>
            <related uri="http://cv.iptc.org/newscodes/spamfpenalty/" rel="skos:inScheme"/>
        </concept>
        <concept id="spamfpenaltyfalse-start">
            <conceptId qcode="spamfpenalty:false-start" created="2016-05-02T00:00:00+00:00"/>
            <type qcode="cpnat:abstract"/>
            <name xml:lang="en-US">false-start</name>
            <name xml:lang="en-GB">false-start</name>
            <definition/>
            <related uri="http://cv.iptc.org/newscodes/spamfpenalty/" rel="skos:inScheme"/>
        </concept>
        <concept id="spamfpenaltyholding">
            <conceptId qcode="spamfpenalty:holding" created="2016-05-02T00:00:00+00:00"/>
            <type qcode="cpnat:abstract"/>
            <name xml:lang="en-US">holding</name>
            <name xml:lang="en-GB">holding</name>
            <definition/>
            <related uri="http://cv.iptc.org/newscodes/spamfpenalty/" rel="skos:inScheme"/>
        </concept>
        <concept id="spamfpenaltyoffside">
            <conceptId qcode="spamfpenalty:offside" created="2016-05-02T00:00:00+00:00"/>
            <type qcode="cpnat:abstract"/>
            <name xml:lang="en-US">offside</name>
            <name xml:lang="en-GB">offside</name>
            <definition/>
            <related uri="http://cv.iptc.org/newscodes/spamfpenalty/" rel="skos:inScheme"/>
        </concept>
        <concept id="spamfpenaltytripping">
            <conceptId qcode="spamfpenalty:tripping" created="2016-05-02T00:00:00+00:00"/>
            <type qcode="cpnat:abstract"/>
            <name xml:lang="en-US">tripping</name>
            <name xml:lang="en-GB">tripping</name>
            <definition/>
            <related uri="http://cv.iptc.org/newscodes/spamfpenalty/" rel="skos:inScheme"/>
        </concept>
        <concept id="spamfpenaltyhelping-runner">
            <conceptId qcode="spamfpenalty:helping-runner" created="2016-05-02T00:00:00+00:00"/>
            <type qcode="cpnat:abstract"/>
            <name xml:lang="en-US">helping-runner</name>
            <name xml:lang="en-GB">helping-runner</name>
            <definition/>
            <related uri="http://cv.iptc.org/newscodes/spamfpenalty/" rel="skos:inScheme"/>
        </concept>
        <concept id="spamfpenaltyillegal-block">
            <conceptId qcode="spamfpenalty:illegal-block" created="2016-05-02T00:00:00+00:00"/>
            <type qcode="cpnat:abstract"/>
            <name xml:lang="en-US">illegal-block</name>
            <name xml:lang="en-GB">illegal-block</name>
            <definition/>
            <related uri="http://cv.iptc.org/newscodes/spamfpenalty/" rel="skos:inScheme"/>
        </concept>
        <concept id="spamfpenaltyillegal-contact">
            <conceptId qcode="spamfpenalty:illegal-contact" created="2016-05-02T00:00:00+00:00"/>
            <type qcode="cpnat:abstract"/>
            <name xml:lang="en-US">illegal-contact</name>
            <name xml:lang="en-GB">illegal-contact</name>
            <definition/>
            <related uri="http://cv.iptc.org/newscodes/spamfpenalty/" rel="skos:inScheme"/>
        </concept>
        <concept id="spamfpenaltyillegal-formation">
            <conceptId qcode="spamfpenalty:illegal-formation" created="2016-05-02T00:00:00+00:00"/>
            <type qcode="cpnat:abstract"/>
            <name xml:lang="en-US">illegal-formation</name>
            <name xml:lang="en-GB">illegal-formation</name>
            <definition/>
            <related uri="http://cv.iptc.org/newscodes/spamfpenalty/" rel="skos:inScheme"/>
        </concept>
        <concept id="spamfpenaltyillegal-forward-pass">
            <conceptId qcode="spamfpenalty:illegal-forward-pass" created="2016-05-02T00:00:00+00:00"/>
            <type qcode="cpnat:abstract"/>
            <name xml:lang="en-US">illegal-forward-pass</name>
            <name xml:lang="en-GB">illegal-forward-pass</name>
            <definition/>
            <related uri="http://cv.iptc.org/newscodes/spamfpenalty/" rel="skos:inScheme"/>
        </concept>
        <concept id="spamfpenaltyillegal-motion">
            <conceptId qcode="spamfpenalty:illegal-motion" created="2016-05-02T00:00:00+00:00"/>
            <type qcode="cpnat:abstract"/>
            <name xml:lang="en-US">illegal-motion</name>
            <name xml:lang="en-GB">illegal-motion</name>
            <definition/>
            <related uri="http://cv.iptc.org/newscodes/spamfpenalty/" rel="skos:inScheme"/>
        </concept>
        <concept id="spamfpenaltyillegal-procedure">
            <conceptId qcode="spamfpenalty:illegal-procedure" created="2016-05-02T00:00:00+00:00"/>
            <type qcode="cpnat:abstract"/>
            <name xml:lang="en-US">illegal-procedure</name>
            <name xml:lang="en-GB">illegal-procedure</name>
            <definition/>
            <related uri="http://cv.iptc.org/newscodes/spamfpenalty/" rel="skos:inScheme"/>
        </concept>
        <concept id="spamfpenaltyillegal-return">
            <conceptId qcode="spamfpenalty:illegal-return" created="2016-05-02T00:00:00+00:00"/>
            <type qcode="cpnat:abstract"/>
            <name xml:lang="en-US">illegal-return</name>
            <name xml:lang="en-GB">illegal-return</name>
            <definition/>
            <related uri="http://cv.iptc.org/newscodes/spamfpenalty/" rel="skos:inScheme"/>
        </concept>
        <concept id="spamfpenaltyillegal-shift">
            <conceptId qcode="spamfpenalty:illegal-shift" created="2016-05-02T00:00:00+00:00"/>
            <type qcode="cpnat:abstract"/>
            <name xml:lang="en-US">illegal-shift</name>
            <name xml:lang="en-GB">illegal-shift</name>
            <definition/>
            <related uri="http://cv.iptc.org/newscodes/spamfpenalty/" rel="skos:inScheme"/>
        </concept>
        <concept id="spamfpenaltyillegal-substitution">
            <conceptId qcode="spamfpenalty:illegal-substitution" created="2016-05-02T00:00:00+00:00"/>
            <type qcode="cpnat:abstract"/>
            <name xml:lang="en-US">illegal-substitution</name>
            <name xml:lang="en-GB">illegal-substitution</name>
            <definition/>
            <related uri="http://cv.iptc.org/newscodes/spamfpenalty/" rel="skos:inScheme"/>
        </concept>
        <concept id="spamfpenaltyineligible-player-downfield">
            <conceptId qcode="spamfpenalty:ineligible-player-downfield" created="2016-05-02T00:00:00+00:00"/>
            <type qcode="cpnat:abstract"/>
            <name xml:lang="en-US">ineligible-player-downfield</name>
            <name xml:lang="en-GB">ineligible-player-downfield</name>
            <definition/>
            <related uri="http://cv.iptc.org/newscodes/spamfpenalty/" rel="skos:inScheme"/>
        </concept>
        <concept id="spamfpenaltyineligible-downfield-kick">
            <conceptId qcode="spamfpenalty:ineligible-downfield-kick" created="2016-05-02T00:00:00+00:00"/>
            <type qcode="cpnat:abstract"/>
            <name xml:lang="en-US">ineligible-downfield-kick</name>
            <name xml:lang="en-GB">ineligible-downfield-kick</name>
            <definition/>
            <related uri="http://cv.iptc.org/newscodes/spamfpenalty/" rel="skos:inScheme"/>
        </concept>
        <concept id="spamfpenaltyinvalid-fair-catch">
            <conceptId qcode="spamfpenalty:invalid-fair-catch" created="2016-05-02T00:00:00+00:00"/>
            <type qcode="cpnat:abstract"/>
            <name xml:lang="en-US">invalid-fair-catch</name>
            <name xml:lang="en-GB">invalid-fair-catch</name>
            <definition/>
            <related uri="http://cv.iptc.org/newscodes/spamfpenalty/" rel="skos:inScheme"/>
        </concept>
        <concept id="spamfpenaltyintentional-grounding">
            <conceptId qcode="spamfpenalty:intentional-grounding" created="2016-05-02T00:00:00+00:00"/>
            <type qcode="cpnat:abstract"/>
            <name xml:lang="en-US">intentional-grounding</name>
            <name xml:lang="en-GB">intentional-grounding</name>
            <definition/>
            <related uri="http://cv.iptc.org/newscodes/spamfpenalty/" rel="skos:inScheme"/>
        </concept>
        <concept id="spamfpenaltykick-out-of-bounds">
            <conceptId qcode="spamfpenalty:kick-out-of-bounds" created="2016-05-02T00:00:00+00:00"/>
            <type qcode="cpnat:abstract"/>
            <name xml:lang="en-US">kick-out-of-bounds</name>
            <name xml:lang="en-GB">kick-out-of-bounds</name>
            <definition/>
            <related uri="http://cv.iptc.org/newscodes/spamfpenalty/" rel="skos:inScheme"/>
        </concept>
        <concept id="spamfpenaltymotion-more-than-one">
            <conceptId qcode="spamfpenalty:motion-more-than-one" created="2016-05-02T00:00:00+00:00"/>
            <type qcode="cpnat:abstract"/>
            <name xml:lang="en-US">motion-more-than-one</name>
            <name xml:lang="en-GB">motion-more-than-one</name>
            <definition/>
            <related uri="http://cv.iptc.org/newscodes/spamfpenalty/" rel="skos:inScheme"/>
        </concept>
        <concept id="spamfpenaltyneutral-zone-infraction">
            <conceptId qcode="spamfpenalty:neutral-zone-infraction" created="2016-05-02T00:00:00+00:00"/>
            <type qcode="cpnat:abstract"/>
            <name xml:lang="en-US">neutral-zone-infraction</name>
            <name xml:lang="en-GB">neutral-zone-infraction</name>
            <definition/>
            <related uri="http://cv.iptc.org/newscodes/spamfpenalty/" rel="skos:inScheme"/>
        </concept>
        <concept id="spamfpenaltyoffensive-pass-interference">
            <conceptId qcode="spamfpenalty:offensive-pass-interference" created="2016-05-02T00:00:00+00:00"/>
            <type qcode="cpnat:abstract"/>
            <name xml:lang="en-US">offensive-pass-interference</name>
            <name xml:lang="en-GB">offensive-pass-interference</name>
            <definition/>
            <related uri="http://cv.iptc.org/newscodes/spamfpenalty/" rel="skos:inScheme"/>
        </concept>
        <concept id="spamfpenaltypass-beyond-scrimmage">
            <conceptId qcode="spamfpenalty:pass-beyond-scrimmage" created="2016-05-02T00:00:00+00:00"/>
            <type qcode="cpnat:abstract"/>
            <name xml:lang="en-US">pass-beyond-scrimmage</name>
            <name xml:lang="en-GB">pass-beyond-scrimmage</name>
            <definition/>
            <related uri="http://cv.iptc.org/newscodes/spamfpenalty/" rel="skos:inScheme"/>
        </concept>
        <concept id="spamfpenaltypass-interference">
            <conceptId qcode="spamfpenalty:pass-interference" created="2016-05-02T00:00:00+00:00"/>
            <type qcode="cpnat:abstract"/>
            <name xml:lang="en-US">pass-interference</name>
            <name xml:lang="en-GB">pass-interference</name>
            <definition/>
            <related uri="http://cv.iptc.org/newscodes/spamfpenalty/" rel="skos:inScheme"/>
        </concept>
        <concept id="spamfpenaltypersonal-infraction">
            <conceptId qcode="spamfpenalty:personal-infraction" created="2016-05-02T00:00:00+00:00"/>
            <type qcode="cpnat:abstract"/>
            <name xml:lang="en-US">personal-infraction</name>
            <name xml:lang="en-GB">personal-infraction</name>
            <definition/>
            <related uri="http://cv.iptc.org/newscodes/spamfpenalty/" rel="skos:inScheme"/>
        </concept>
        <concept id="spamfpenaltypiling-on">
            <conceptId qcode="spamfpenalty:piling-on" created="2016-05-02T00:00:00+00:00"/>
            <type qcode="cpnat:abstract"/>
            <name xml:lang="en-US">piling-on</name>
            <name xml:lang="en-GB">piling-on</name>
            <definition/>
            <related uri="http://cv.iptc.org/newscodes/spamfpenalty/" rel="skos:inScheme"/>
        </concept>
        <concept id="spamfpenaltypyramiding">
            <conceptId qcode="spamfpenalty:pyramiding" created="2016-05-02T00:00:00+00:00"/>
            <type qcode="cpnat:abstract"/>
            <name xml:lang="en-US">pyramiding</name>
            <name xml:lang="en-GB">pyramiding</name>
            <definition/>
            <related uri="http://cv.iptc.org/newscodes/spamfpenalty/" rel="skos:inScheme"/>
        </concept>
        <concept id="spamfpenaltyroughing-passer">
            <conceptId qcode="spamfpenalty:roughing-passer" created="2016-05-02T00:00:00+00:00"/>
            <type qcode="cpnat:abstract"/>
            <name xml:lang="en-US">roughing-passer</name>
            <name xml:lang="en-GB">roughing-passer</name>
            <definition/>
            <related uri="http://cv.iptc.org/newscodes/spamfpenalty/" rel="skos:inScheme"/>
        </concept>
        <concept id="spamfpenaltyroughing-kicker">
            <conceptId qcode="spamfpenalty:roughing-kicker" created="2016-05-02T00:00:00+00:00"/>
            <type qcode="cpnat:abstract"/>
            <name xml:lang="en-US">roughing-kicker</name>
            <name xml:lang="en-GB">roughing-kicker</name>
            <definition/>
            <related uri="http://cv.iptc.org/newscodes/spamfpenalty/" rel="skos:inScheme"/>
        </concept>
        <concept id="spamfpenaltysnap-infraction">
            <conceptId qcode="spamfpenalty:snap-infraction" created="2016-05-02T00:00:00+00:00"/>
            <type qcode="cpnat:abstract"/>
            <name xml:lang="en-US">snap-infraction</name>
            <name xml:lang="en-GB">snap-infraction</name>
            <definition/>
            <related uri="http://cv.iptc.org/newscodes/spamfpenalty/" rel="skos:inScheme"/>
        </concept>
        <concept id="spamfpenaltytandem-block">
            <conceptId qcode="spamfpenalty:tandem-block" created="2016-05-02T00:00:00+00:00"/>
            <type qcode="cpnat:abstract"/>
            <name xml:lang="en-US">tandem-block</name>
            <name xml:lang="en-GB">tandem-block</name>
            <definition/>
            <related uri="http://cv.iptc.org/newscodes/spamfpenalty/" rel="skos:inScheme"/>
        </concept>
        <concept id="spamfpenaltytoo-many-players">
            <conceptId qcode="spamfpenalty:too-many-players" created="2016-05-02T00:00:00+00:00"/>
            <type qcode="cpnat:abstract"/>
            <name xml:lang="en-US">too-many-players</name>
            <name xml:lang="en-GB">too-many-players</name>
            <definition/>
            <related uri="http://cv.iptc.org/newscodes/spamfpenalty/" rel="skos:inScheme"/>
        </concept>
        <concept id="spamfpenaltyunder-seven-line">
            <conceptId qcode="spamfpenalty:under-seven-line" created="2016-05-02T00:00:00+00:00"/>
            <type qcode="cpnat:abstract"/>
            <name xml:lang="en-US">under-seven-line</name>
            <name xml:lang="en-GB">under-seven-line</name>
            <definition/>
            <related uri="http://cv.iptc.org/newscodes/spamfpenalty/" rel="skos:inScheme"/>
        </concept>
        <concept id="spamfpenaltyunder-five-line">
            <conceptId qcode="spamfpenalty:under-five-line" created="2016-05-02T00:00:00+00:00"/>
            <type qcode="cpnat:abstract"/>
            <name xml:lang="en-US">under-five-line</name>
            <name xml:lang="en-GB">under-five-line</name>
            <definition/>
            <related uri="http://cv.iptc.org/newscodes/spamfpenalty/" rel="skos:inScheme"/>
        </concept>
        <concept id="spamfpenaltyunnecessary-roughness">
            <conceptId qcode="spamfpenalty:unnecessary-roughness" created="2016-05-02T00:00:00+00:00"/>
            <type qcode="cpnat:abstract"/>
            <name xml:lang="en-US">unnecessary-roughness</name>
            <name xml:lang="en-GB">unnecessary-roughness</name>
            <definition/>
            <related uri="http://cv.iptc.org/newscodes/spamfpenalty/" rel="skos:inScheme"/>
        </concept>
        <concept id="spamfpenaltyunsportsmanlike-conduct">
            <conceptId qcode="spamfpenalty:unsportsmanlike-conduct" created="2016-05-02T00:00:00+00:00"/>
            <type qcode="cpnat:abstract"/>
            <name xml:lang="en-US">unsportsmanlike-conduct</name>
            <name xml:lang="en-GB">unsportsmanlike-conduct</name>
            <definition/>
            <related uri="http://cv.iptc.org/newscodes/spamfpenalty/" rel="skos:inScheme"/>
        </concept>
    </conceptSet>
    <schemeMeta authority="http://www.iptc.org" uri="http://cv.iptc.org/newscodes/spamfpenalty/"
        preferredalias="spamfpenalty">
        <definition xml:lang="en-GB">Types of penalty in american-football.</definition>
        <name xml:lang="en-US">American Football Penalty Types</name>
            <name xml:lang="en-GB">American Football Penalty Types</name>
        <related qcode="spamfpenalty:batting-ball" rel="skos:hasTopConcept"/>
        <related qcode="spamfpenalty:blitzing-infraction" rel="skos:hasTopConcept"/>
        <related qcode="spamfpenalty:clipping" rel="skos:hasTopConcept"/>
        <related qcode="spamfpenalty:delay-of-game" rel="skos:hasTopConcept"/>
        <related qcode="spamfpenalty:encroachment" rel="skos:hasTopConcept"/>
        <related qcode="spamfpenalty:excessive-time-outs" rel="skos:hasTopConcept"/>
        <related qcode="spamfpenalty:excessive-crowd-noise" rel="skos:hasTopConcept"/>
        <related qcode="spamfpenalty:fair-catch-interference" rel="skos:hasTopConcept"/>
        <related qcode="spamfpenalty:facemask-incidental" rel="skos:hasTopConcept"/>
        <related qcode="spamfpenalty:facemask-flagrant" rel="skos:hasTopConcept"/>
        <related qcode="spamfpenalty:false-start" rel="skos:hasTopConcept"/>
        <related qcode="spamfpenalty:holding" rel="skos:hasTopConcept"/>
        <related qcode="spamfpenalty:offside" rel="skos:hasTopConcept"/>
        <related qcode="spamfpenalty:tripping" rel="skos:hasTopConcept"/>
        <related qcode="spamfpenalty:helping-runner" rel="skos:hasTopConcept"/>
        <related qcode="spamfpenalty:illegal-block" rel="skos:hasTopConcept"/>
        <related qcode="spamfpenalty:illegal-contact" rel="skos:hasTopConcept"/>
        <related qcode="spamfpenalty:illegal-formation" rel="skos:hasTopConcept"/>
        <related qcode="spamfpenalty:illegal-forward-pass" rel="skos:hasTopConcept"/>
        <related qcode="spamfpenalty:illegal-motion" rel="skos:hasTopConcept"/>
        <related qcode="spamfpenalty:illegal-procedure" rel="skos:hasTopConcept"/>
        <related qcode="spamfpenalty:illegal-return" rel="skos:hasTopConcept"/>
        <related qcode="spamfpenalty:illegal-shift" rel="skos:hasTopConcept"/>
        <related qcode="spamfpenalty:illegal-substitution" rel="skos:hasTopConcept"/>
        <related qcode="spamfpenalty:ineligible-player-downfield" rel="skos:hasTopConcept"/>
        <related qcode="spamfpenalty:ineligible-downfield-kick" rel="skos:hasTopConcept"/>
        <related qcode="spamfpenalty:invalid-fair-catch" rel="skos:hasTopConcept"/>
        <related qcode="spamfpenalty:intentional-grounding" rel="skos:hasTopConcept"/>
        <related qcode="spamfpenalty:kick-out-of-bounds" rel="skos:hasTopConcept"/>
        <related qcode="spamfpenalty:motion-more-than-one" rel="skos:hasTopConcept"/>
        <related qcode="spamfpenalty:neutral-zone-infraction" rel="skos:hasTopConcept"/>
        <related qcode="spamfpenalty:offensive-pass-interference" rel="skos:hasTopConcept"/>
        <related qcode="spamfpenalty:pass-beyond-scrimmage" rel="skos:hasTopConcept"/>
        <related qcode="spamfpenalty:pass-interference" rel="skos:hasTopConcept"/>
        <related qcode="spamfpenalty:personal-infraction" rel="skos:hasTopConcept"/>
        <related qcode="spamfpenalty:piling-on" rel="skos:hasTopConcept"/>
        <related qcode="spamfpenalty:pyramiding" rel="skos:hasTopConcept"/>
        <related qcode="spamfpenalty:roughing-passer" rel="skos:hasTopConcept"/>
        <related qcode="spamfpenalty:roughing-kicker" rel="skos:hasTopConcept"/>
        <related qcode="spamfpenalty:snap-infraction" rel="skos:hasTopConcept"/>
        <related qcode="spamfpenalty:tandem-block" rel="skos:hasTopConcept"/>
        <related qcode="spamfpenalty:too-many-players" rel="skos:hasTopConcept"/>
        <related qcode="spamfpenalty:under-seven-line" rel="skos:hasTopConcept"/>
        <related qcode="spamfpenalty:under-five-line" rel="skos:hasTopConcept"/>
        <related qcode="spamfpenalty:unnecessary-roughness" rel="skos:hasTopConcept"/>
        <related qcode="spamfpenalty:unsportsmanlike-conduct" rel="skos:hasTopConcept"/>
        <schemeMetaExtProperty rel="ikos:availLang" value="en-US"/>
        <schemeMetaExtProperty rel="ikos:availLang" value="en-GB"/>
    </schemeMeta>
</knowledgeItem>
