<knowledgeItem xmlns="http://iptc.org/std/nar/2006-10-01/"
    xmlns:xs="http://www.w3.org/2001/XMLSchema" xmlns:newsml="http://iptc.org/std/nar/2006-10-01/"
    standard="NewsML-G2" standardversion="2.18" conformance="power"
    guid="urn:newsml:iptc.org:20080229:srcncdki-spamfrole" version="1">
    <catalogRef href="http://www.iptc.org/std/catalog/catalog.IPTC-G2-Standards_25.xml"/>
    <catalogRef href="http://www.iptc.org/std/catalog/catalog.IPTC-Sports_1.xml"/>
    <rightsInfo>
        <copyrightHolder uri="http://cv.iptc.org/newscodes/newsprovider/IPTC">
            <name>IPTC - International Press Telecommunications Council</name>
        </copyrightHolder>
        <copyrightNotice>Copyright 2016, IPTC, www.iptc.org, Rights Reserved</copyrightNotice>
        <usageTerms href="http://creativecommons.org/licenses/by/4.0/">the Creative Commons
            Attribution (CC BY) 4.0 license applies to all NewsCodes</usageTerms>
    </rightsInfo>
    <itemMeta>
        <itemClass qcode="cinat:scheme"/>
        <provider uri="http://cv.iptc.org/newscodes/newsprovider/IPTC">
            <name>IPTC</name>
        </provider>
        <versionCreated>2016-06-13T15:15:32-04:00</versionCreated>
        <pubStatus qcode="stat:usable"/>
    </itemMeta>
    <contentMeta>
        <subject qcode="subj:15000000">
            <name xml:lang="en-US">sport</name>
            <name xml:lang="en-GB">sport</name>
        </subject>
        <subject qcode="subj:15003000">
            <name xml:lang="en-US">americanfootball</name>
            <name xml:lang="en-GB">americanfootball</name>
            <broader qcode="subj:15000000"/>
        </subject>
        <description>Roles of American Football players</description>
    </contentMeta>
    <conceptSet>
        <concept id="spamfrolesnapper">
            <conceptId qcode="spamfrole:snapper" created="2016-05-02T00:00:00+00:00"/>
            <type qcode="cpnat:abstract"/>
            <name xml:lang="en-US">snapper</name>
            <name xml:lang="en-GB">snapper</name>
            <definition/>
            <related uri="http://cv.iptc.org/newscodes/spamfrole/" rel="skos:inScheme"/>
        </concept>
        <concept id="spamfrolesnap-receiver">
            <conceptId qcode="spamfrole:snap-receiver" created="2016-05-02T00:00:00+00:00"/>
            <type qcode="cpnat:abstract"/>
            <name xml:lang="en-US">snap-receiver</name>
            <name xml:lang="en-GB">snap-receiver</name>
            <definition/>
            <related uri="http://cv.iptc.org/newscodes/spamfrole/" rel="skos:inScheme"/>
        </concept>
        <concept id="spamfrolehandoff-receiver">
            <conceptId qcode="spamfrole:handoff-receiver" created="2016-05-02T00:00:00+00:00"/>
            <type qcode="cpnat:abstract"/>
            <name xml:lang="en-US">handoff-receiver</name>
            <name xml:lang="en-GB">handoff-receiver</name>
            <definition/>
            <related uri="http://cv.iptc.org/newscodes/spamfrole/" rel="skos:inScheme"/>
        </concept>
        <concept id="spamfrolelateral-receiver">
            <conceptId qcode="spamfrole:lateral-receiver" created="2016-05-02T00:00:00+00:00"/>
            <type qcode="cpnat:abstract"/>
            <name xml:lang="en-US">lateral-receiver</name>
            <name xml:lang="en-GB">lateral-receiver</name>
            <definition/>
            <related uri="http://cv.iptc.org/newscodes/spamfrole/" rel="skos:inScheme"/>
        </concept>
        <concept id="spamfroleinterceptor">
            <conceptId qcode="spamfrole:interceptor" created="2016-05-02T00:00:00+00:00"/>
            <type qcode="cpnat:abstract"/>
            <name xml:lang="en-US">interceptor</name>
            <name xml:lang="en-GB">interceptor</name>
            <definition/>
            <related uri="http://cv.iptc.org/newscodes/spamfrole/" rel="skos:inScheme"/>
        </concept>
        <concept id="spamfrolerusher">
            <conceptId qcode="spamfrole:rusher" created="2016-05-02T00:00:00+00:00"/>
            <type qcode="cpnat:abstract"/>
            <name xml:lang="en-US">rusher</name>
            <name xml:lang="en-GB">rusher</name>
            <definition/>
            <related uri="http://cv.iptc.org/newscodes/spamfrole/" rel="skos:inScheme"/>
        </concept>
        <concept id="spamfroletackler">
            <conceptId qcode="spamfrole:tackler" created="2016-05-02T00:00:00+00:00"/>
            <type qcode="cpnat:abstract"/>
            <name xml:lang="en-US">tackler</name>
            <name xml:lang="en-GB">tackler</name>
            <definition/>
            <related uri="http://cv.iptc.org/newscodes/spamfrole/" rel="skos:inScheme"/>
        </concept>
        <concept id="spamfrolekick-blocker">
            <conceptId qcode="spamfrole:kick-blocker" created="2016-05-02T00:00:00+00:00"/>
            <type qcode="cpnat:abstract"/>
            <name xml:lang="en-US">kick-blocker</name>
            <name xml:lang="en-GB">kick-blocker</name>
            <definition/>
            <related uri="http://cv.iptc.org/newscodes/spamfrole/" rel="skos:inScheme"/>
        </concept>
        <concept id="spamfrolepasser">
            <conceptId qcode="spamfrole:passer" created="2016-05-02T00:00:00+00:00"/>
            <type qcode="cpnat:abstract"/>
            <name xml:lang="en-US">passer</name>
            <name xml:lang="en-GB">passer</name>
            <definition/>
            <related uri="http://cv.iptc.org/newscodes/spamfrole/" rel="skos:inScheme"/>
        </concept>
        <concept id="spamfrolereceiver">
            <conceptId qcode="spamfrole:receiver" created="2016-05-02T00:00:00+00:00"/>
            <type qcode="cpnat:abstract"/>
            <name xml:lang="en-US">receiver</name>
            <name xml:lang="en-GB">receiver</name>
            <definition/>
            <related uri="http://cv.iptc.org/newscodes/spamfrole/" rel="skos:inScheme"/>
        </concept>
        <concept id="spamfrolekicker">
            <conceptId qcode="spamfrole:kicker" created="2016-05-02T00:00:00+00:00"/>
            <type qcode="cpnat:abstract"/>
            <name xml:lang="en-US">kicker</name>
            <name xml:lang="en-GB">kicker</name>
            <definition/>
            <related uri="http://cv.iptc.org/newscodes/spamfrole/" rel="skos:inScheme"/>
        </concept>
        <concept id="spamfrolefumble-returner">
            <conceptId qcode="spamfrole:fumble-returner" created="2016-05-02T00:00:00+00:00"/>
            <type qcode="cpnat:abstract"/>
            <name xml:lang="en-US">fumble-returner</name>
            <name xml:lang="en-GB">fumble-returner</name>
            <definition/>
            <related uri="http://cv.iptc.org/newscodes/spamfrole/" rel="skos:inScheme"/>
        </concept>
        <concept id="spamfrolekick-blocker">
            <conceptId qcode="spamfrole:kick-blocker" created="2016-05-02T00:00:00+00:00"/>
            <type qcode="cpnat:abstract"/>
            <name xml:lang="en-US">kick-blocker</name>
            <name xml:lang="en-GB">kick-blocker</name>
            <definition/>
            <related uri="http://cv.iptc.org/newscodes/spamfrole/" rel="skos:inScheme"/>
        </concept>
        <concept id="spamfrolemissed-field-goal-returner">
            <conceptId qcode="spamfrole:missed-field-goal-returner" created="2016-05-02T00:00:00+00:00"/>
            <type qcode="cpnat:abstract"/>
            <name xml:lang="en-US">missed-field-goal-returner</name>
            <name xml:lang="en-GB">missed-field-goal-returner</name>
            <definition/>
            <related uri="http://cv.iptc.org/newscodes/spamfrole/" rel="skos:inScheme"/>
        </concept>
        <concept id="spamfroleblocked-field-goal-returner">
            <conceptId qcode="spamfrole:blocked-field-goal-returner" created="2016-05-02T00:00:00+00:00"/>
            <type qcode="cpnat:abstract"/>
            <name xml:lang="en-US">blocked-field-goal-returner</name>
            <name xml:lang="en-GB">blocked-field-goal-returner</name>
            <definition/>
            <related uri="http://cv.iptc.org/newscodes/spamfrole/" rel="skos:inScheme"/>
        </concept>
        <concept id="spamfrolekick-returner">
            <conceptId qcode="spamfrole:kick-returner" created="2016-05-02T00:00:00+00:00"/>
            <type qcode="cpnat:abstract"/>
            <name xml:lang="en-US">kick-returner</name>
            <name xml:lang="en-GB">kick-returner</name>
            <definition/>
            <related uri="http://cv.iptc.org/newscodes/spamfrole/" rel="skos:inScheme"/>
        </concept>
        <concept id="spamfroletackle-assistant">
            <conceptId qcode="spamfrole:tackle-assistant" created="2016-05-02T00:00:00+00:00"/>
            <type qcode="cpnat:abstract"/>
            <name xml:lang="en-US">tackle-assistant</name>
            <name xml:lang="en-GB">tackle-assistant</name>
            <definition/>
            <related uri="http://cv.iptc.org/newscodes/spamfrole/" rel="skos:inScheme"/>
        </concept>
        <concept id="spamfrolepunter">
            <conceptId qcode="spamfrole:punter" created="2016-05-02T00:00:00+00:00"/>
            <type qcode="cpnat:abstract"/>
            <name xml:lang="en-US">punter</name>
            <name xml:lang="en-GB">punter</name>
            <definition/>
            <related uri="http://cv.iptc.org/newscodes/spamfrole/" rel="skos:inScheme"/>
        </concept>
        <concept id="spamfrolepunt-blocker">
            <conceptId qcode="spamfrole:punt-blocker" created="2016-05-02T00:00:00+00:00"/>
            <type qcode="cpnat:abstract"/>
            <name xml:lang="en-US">punt-blocker</name>
            <name xml:lang="en-GB">punt-blocker</name>
            <definition/>
            <related uri="http://cv.iptc.org/newscodes/spamfrole/" rel="skos:inScheme"/>
        </concept>
        <concept id="spamfrolepunt-returner">
            <conceptId qcode="spamfrole:punt-returner" created="2016-05-02T00:00:00+00:00"/>
            <type qcode="cpnat:abstract"/>
            <name xml:lang="en-US">punt-returner</name>
            <name xml:lang="en-GB">punt-returner</name>
            <definition/>
            <related uri="http://cv.iptc.org/newscodes/spamfrole/" rel="skos:inScheme"/>
        </concept>
        <concept id="spamfroleblocked-punt-returner">
            <conceptId qcode="spamfrole:blocked-punt-returner" created="2016-05-02T00:00:00+00:00"/>
            <type qcode="cpnat:abstract"/>
            <name xml:lang="en-US">blocked-punt-returner</name>
            <name xml:lang="en-GB">blocked-punt-returner</name>
            <definition/>
            <related uri="http://cv.iptc.org/newscodes/spamfrole/" rel="skos:inScheme"/>
        </concept>
        <concept id="spamfrolesacker">
            <conceptId qcode="spamfrole:sacker" created="2016-05-02T00:00:00+00:00"/>
            <type qcode="cpnat:abstract"/>
            <name xml:lang="en-US">sacker</name>
            <name xml:lang="en-GB">sacker</name>
            <definition/>
            <related uri="http://cv.iptc.org/newscodes/spamfrole/" rel="skos:inScheme"/>
        </concept>
        <concept id="spamfrolesack-assistant">
            <conceptId qcode="spamfrole:sack-assistant" created="2016-05-02T00:00:00+00:00"/>
            <type qcode="cpnat:abstract"/>
            <name xml:lang="en-US">sack-assistant</name>
            <name xml:lang="en-GB">sack-assistant</name>
            <definition/>
            <related uri="http://cv.iptc.org/newscodes/spamfrole/" rel="skos:inScheme"/>
        </concept>
        <concept id="spamfrolefumbler">
            <conceptId qcode="spamfrole:fumbler" created="2016-05-02T00:00:00+00:00"/>
            <type qcode="cpnat:abstract"/>
            <name xml:lang="en-US">fumbler</name>
            <name xml:lang="en-GB">fumbler</name>
            <definition/>
            <related uri="http://cv.iptc.org/newscodes/spamfrole/" rel="skos:inScheme"/>
        </concept>
        <concept id="spamfrolepenalty-recipient">
            <conceptId qcode="spamfrole:penalty-recipient" created="2016-05-02T00:00:00+00:00"/>
            <type qcode="cpnat:abstract"/>
            <name xml:lang="en-US">penalty-recipient</name>
            <name xml:lang="en-GB">penalty-recipient</name>
            <definition/>
            <related uri="http://cv.iptc.org/newscodes/spamfrole/" rel="skos:inScheme"/>
        </concept>
    </conceptSet>
    <schemeMeta authority="http://www.iptc.org" uri="http://cv.iptc.org/newscodes/spamfrole/"
        preferredalias="spamfrole">
        <definition xml:lang="en-GB">Roles of American Football players</definition>
        <name xml:lang="en-US">American Football Player Roles</name>
            <name xml:lang="en-GB">American Football Player Roles</name>
        <related qcode="spamfrole:snapper" rel="skos:hasTopConcept"/>
        <related qcode="spamfrole:snap-receiver" rel="skos:hasTopConcept"/>
        <related qcode="spamfrole:handoff-receiver" rel="skos:hasTopConcept"/>
        <related qcode="spamfrole:lateral-receiver" rel="skos:hasTopConcept"/>
        <related qcode="spamfrole:interceptor" rel="skos:hasTopConcept"/>
        <related qcode="spamfrole:rusher" rel="skos:hasTopConcept"/>
        <related qcode="spamfrole:tackler" rel="skos:hasTopConcept"/>
        <related qcode="spamfrole:kick-blocker" rel="skos:hasTopConcept"/>
        <related qcode="spamfrole:passer" rel="skos:hasTopConcept"/>
        <related qcode="spamfrole:receiver" rel="skos:hasTopConcept"/>
        <related qcode="spamfrole:kicker" rel="skos:hasTopConcept"/>
        <related qcode="spamfrole:fumble-returner" rel="skos:hasTopConcept"/>
        <related qcode="spamfrole:kick-blocker" rel="skos:hasTopConcept"/>
        <related qcode="spamfrole:missed-field-goal-returner" rel="skos:hasTopConcept"/>
        <related qcode="spamfrole:blocked-field-goal-returner" rel="skos:hasTopConcept"/>
        <related qcode="spamfrole:kick-returner" rel="skos:hasTopConcept"/>
        <related qcode="spamfrole:tackle-assistant" rel="skos:hasTopConcept"/>
        <related qcode="spamfrole:punter" rel="skos:hasTopConcept"/>
        <related qcode="spamfrole:punt-blocker" rel="skos:hasTopConcept"/>
        <related qcode="spamfrole:punt-returner" rel="skos:hasTopConcept"/>
        <related qcode="spamfrole:blocked-punt-returner" rel="skos:hasTopConcept"/>
        <related qcode="spamfrole:sacker" rel="skos:hasTopConcept"/>
        <related qcode="spamfrole:sack-assistant" rel="skos:hasTopConcept"/>
        <related qcode="spamfrole:fumbler" rel="skos:hasTopConcept"/>
        <related qcode="spamfrole:penalty-recipient" rel="skos:hasTopConcept"/>
        <schemeMetaExtProperty rel="ikos:availLang" value="en-US"/>
        <schemeMetaExtProperty rel="ikos:availLang" value="en-GB"/>
    </schemeMeta>
</knowledgeItem>
