<knowledgeItem xmlns="http://iptc.org/std/nar/2006-10-01/" standard="NewsML-G2"
    standardversion="2.18" conformance="power"
    guid="urn:newsml:iptc.org:20080229:srcncdki-spamfkick" version="1">
    <catalogRef href="http://www.iptc.org/std/catalog/catalog.IPTC-G2-Standards_25.xml"/>
    <catalogRef href="http://www.iptc.org/std/catalog/catalog.IPTC-Sports_1.xml"/>
    <rightsInfo>
        <copyrightHolder uri="http://cv.iptc.org/newscodes/newsprovider/IPTC">
            <name>IPTC - International Press Telecommunications Council</name>
        </copyrightHolder>
        <copyrightNotice>Copyright 2016, IPTC, www.iptc.org, Rights Reserved</copyrightNotice>
        <usageTerms href="http://creativecommons.org/licenses/by/4.0/">the Creative Commons
            Attribution (CC BY) 4.0 license applies to all NewsCodes</usageTerms>
    </rightsInfo>
    <itemMeta>
        <itemClass qcode="cinat:scheme"/>
        <provider uri="http://cv.iptc.org/newscodes/newsprovider/IPTC">
            <name>IPTC</name>
        </provider>
        <versionCreated>2016-06-13T15:15:32-04:00</versionCreated>
        <pubStatus qcode="stat:usable"/>
    </itemMeta>
    <contentMeta>
        <subject qcode="subj:15000000">
            <name xml:lang="en-US">sport</name>
            <name xml:lang="en-GB">sport</name>
        </subject>
        <subject qcode="subj:15003000">
            <name xml:lang="en-US">american-football</name>
            <name xml:lang="en-GB">american-football</name>
            <broader qcode="subj:15000000"/>
        </subject>
        <description>Types of kicking in American football.</description>
    </contentMeta>
    <conceptSet>
        <concept id="spamfkickpunt">
            <conceptId qcode="spamfkick:punt" created="2016-05-02T00:00:00+00:00"/>
            <type qcode="cpnat:abstract"/>
            <name xml:lang="en-US">punt</name>
            <name xml:lang="en-GB">punt</name>
            <definition/>
            <related uri="http://cv.iptc.org/newscodes/spamfkick/" rel="skos:inScheme"/>
        </concept>
        <concept id="spamfkickonside">
            <conceptId qcode="spamfkick:onside" created="2016-05-02T00:00:00+00:00"/>
            <type qcode="cpnat:abstract"/>
            <name xml:lang="en-US">onside</name>
            <name xml:lang="en-GB">onside</name>
            <definition/>
            <related uri="http://cv.iptc.org/newscodes/spamfkick/" rel="skos:inScheme"/>
        </concept>
        <concept id="spamfkickextra-point">
            <conceptId qcode="spamfkick:extra-point" created="2016-05-02T00:00:00+00:00"/>
            <type qcode="cpnat:abstract"/>
            <name xml:lang="en-US">extra-point</name>
            <name xml:lang="en-GB">extra-point</name>
            <definition/>
            <related uri="http://cv.iptc.org/newscodes/spamfkick/" rel="skos:inScheme"/>
        </concept>
        <concept id="spamfkickfield-goal-attempt">
            <conceptId qcode="spamfkick:field-goal-attempt" created="2016-05-02T00:00:00+00:00"/>
            <type qcode="cpnat:abstract"/>
            <name xml:lang="en-US">field-goal-attempt</name>
            <name xml:lang="en-GB">field-goal-attempt</name>
            <definition/>
            <related uri="http://cv.iptc.org/newscodes/spamfkick/" rel="skos:inScheme"/>
        </concept>
    </conceptSet>
    <schemeMeta authority="http://www.iptc.org" uri="http://cv.iptc.org/newscodes/spamfkick/"
        preferredalias="spamfkick">
        <definition xml:lang="en-GB">Types of kicking in American football.</definition>
        <name xml:lang="en-US">American Football Kick Types</name>
            <name xml:lang="en-GB">American Football Kick Types</name>
        <related qcode="spamfkick:punt" rel="skos:hasTopConcept"/>
        <related qcode="spamfkick:onside" rel="skos:hasTopConcept"/>
        <related qcode="spamfkick:extra-point" rel="skos:hasTopConcept"/>
        <related qcode="spamfkick:field-goal-attempt" rel="skos:hasTopConcept"/>
        <schemeMetaExtProperty rel="ikos:availLang" value="en-US"/>
        <schemeMetaExtProperty rel="ikos:availLang" value="en-GB"/>
    </schemeMeta>
</knowledgeItem>
