<knowledgeItem xmlns="http://iptc.org/std/nar/2006-10-01/" standard="NewsML-G2"
    standardversion="2.18" conformance="power"
    guid="urn:newsml:iptc.org:20080229:srcncdki-spamfresult" version="1">
    <catalogRef href="http://www.iptc.org/std/catalog/catalog.IPTC-G2-Standards_25.xml"/>
    <catalogRef href="http://www.iptc.org/std/catalog/catalog.IPTC-Sports_1.xml"/>
    <rightsInfo>
        <copyrightHolder uri="http://cv.iptc.org/newscodes/newsprovider/IPTC">
            <name>IPTC - International Press Telecommunications Council</name>
        </copyrightHolder>
        <copyrightNotice>Copyright 2016, IPTC, www.iptc.org, Rights Reserved</copyrightNotice>
        <usageTerms href="http://creativecommons.org/licenses/by/4.0/">the Creative Commons
            Attribution (CC BY) 4.0 license applies to all NewsCodes</usageTerms>
    </rightsInfo>
    <itemMeta>
        <itemClass qcode="cinat:scheme"/>
        <provider uri="http://cv.iptc.org/newscodes/newsprovider/IPTC">
            <name>IPTC</name>
        </provider>
        <versionCreated>2016-06-13T15:15:32-04:00</versionCreated>
        <pubStatus qcode="stat:usable"/>
    </itemMeta>
    <contentMeta>
        <subject qcode="subj:15000000">
            <name xml:lang="en-US">sport</name>
            <name xml:lang="en-GB">sport</name>
        </subject>
        <subject qcode="subj:15003000">
            <name xml:lang="en-US">american-football</name>
            <name xml:lang="en-GB">american-football</name>
            <broader qcode="subj:15000000"/>
        </subject>
        <description>Results of american football actions</description>
    </contentMeta>
    <conceptSet>
        <concept id="spamfresulttackle">
            <conceptId qcode="spamfresult:tackle" created="2016-05-02T00:00:00+00:00"/>
            <type qcode="cpnat:abstract"/>
            <name xml:lang="en-US">tackle</name>
            <name xml:lang="en-GB">tackle</name>
            <definition/>
            <related uri="http://cv.iptc.org/newscodes/spamfresult/" rel="skos:inScheme"/>
        </concept>
        <concept id="spamfresultsack">
            <conceptId qcode="spamfresult:sack" created="2016-05-02T00:00:00+00:00"/>
            <type qcode="cpnat:abstract"/>
            <name xml:lang="en-US">sack</name>
            <name xml:lang="en-GB">sack</name>
            <definition/>
            <related uri="http://cv.iptc.org/newscodes/spamfresult/" rel="skos:inScheme"/>
        </concept>
        <concept id="spamfresultforward-pass">
            <conceptId qcode="spamfresult:forward-pass" created="2016-05-02T00:00:00+00:00"/>
            <type qcode="cpnat:abstract"/>
            <name xml:lang="en-US">forward-pass</name>
            <name xml:lang="en-GB">forward-pass</name>
            <definition/>
            <related uri="http://cv.iptc.org/newscodes/spamfresult/" rel="skos:inScheme"/>
        </concept>
        <concept id="spamfresultlateral-pass">
            <conceptId qcode="spamfresult:lateral-pass" created="2016-05-02T00:00:00+00:00"/>
            <type qcode="cpnat:abstract"/>
            <name xml:lang="en-US">lateral-pass</name>
            <name xml:lang="en-GB">lateral-pass</name>
            <definition/>
            <related uri="http://cv.iptc.org/newscodes/spamfresult/" rel="skos:inScheme"/>
        </concept>
        <concept id="spamfresultincomplete-pass">
            <conceptId qcode="spamfresult:incomplete-pass" created="2016-05-02T00:00:00+00:00"/>
            <type qcode="cpnat:abstract"/>
            <name xml:lang="en-US">incomplete-pass</name>
            <name xml:lang="en-GB">incomplete-pass</name>
            <definition/>
            <related uri="http://cv.iptc.org/newscodes/spamfresult/" rel="skos:inScheme"/>
        </concept>
        <concept id="spamfresultkick">
            <conceptId qcode="spamfresult:kick" created="2016-05-02T00:00:00+00:00"/>
            <type qcode="cpnat:abstract"/>
            <name xml:lang="en-US">kick</name>
            <name xml:lang="en-GB">kick</name>
            <definition/>
            <related uri="http://cv.iptc.org/newscodes/spamfresult/" rel="skos:inScheme"/>
        </concept>
        <concept id="spamfresulthandoff">
            <conceptId qcode="spamfresult:handoff" created="2016-05-02T00:00:00+00:00"/>
            <type qcode="cpnat:abstract"/>
            <name xml:lang="en-US">handoff</name>
            <name xml:lang="en-GB">handoff</name>
            <definition/>
            <related uri="http://cv.iptc.org/newscodes/spamfresult/" rel="skos:inScheme"/>
        </concept>
        <concept id="spamfresultfumble">
            <conceptId qcode="spamfresult:fumble" created="2016-05-02T00:00:00+00:00"/>
            <type qcode="cpnat:abstract"/>
            <name xml:lang="en-US">fumble</name>
            <name xml:lang="en-GB">fumble</name>
            <definition/>
            <related uri="http://cv.iptc.org/newscodes/spamfresult/" rel="skos:inScheme"/>
        </concept>
        <concept id="spamfresultball-grounded">
            <conceptId qcode="spamfresult:ball-grounded" created="2016-05-02T00:00:00+00:00"/>
            <type qcode="cpnat:abstract"/>
            <name xml:lang="en-US">ball-grounded</name>
            <name xml:lang="en-GB">ball-grounded</name>
            <definition/>
            <related uri="http://cv.iptc.org/newscodes/spamfresult/" rel="skos:inScheme"/>
        </concept>
        <concept id="spamfresultball-out-of-bounds">
            <conceptId qcode="spamfresult:ball-out-of-bounds" created="2016-05-02T00:00:00+00:00"/>
            <type qcode="cpnat:abstract"/>
            <name xml:lang="en-US">ball-out-of-bounds</name>
            <name xml:lang="en-GB">ball-out-of-bounds</name>
            <definition/>
            <related uri="http://cv.iptc.org/newscodes/spamfresult/" rel="skos:inScheme"/>
        </concept>
        <concept id="spamfresultscore">
            <conceptId qcode="spamfresult:score" created="2016-05-02T00:00:00+00:00"/>
            <type qcode="cpnat:abstract"/>
            <name xml:lang="en-US">score</name>
            <name xml:lang="en-GB">score</name>
            <definition/>
            <related uri="http://cv.iptc.org/newscodes/spamfresult/" rel="skos:inScheme"/>
        </concept>
        <concept id="spamfresultmiss">
            <conceptId qcode="spamfresult:miss" created="2016-05-02T00:00:00+00:00"/>
            <type qcode="cpnat:abstract"/>
            <name xml:lang="en-US">miss</name>
            <name xml:lang="en-GB">miss</name>
            <definition/>
            <related uri="http://cv.iptc.org/newscodes/spamfresult/" rel="skos:inScheme"/>
        </concept>
    </conceptSet>
    <schemeMeta authority="http://www.iptc.org" uri="http://cv.iptc.org/newscodes/spamfresult/"
        preferredalias="spamfresult">
        <definition xml:lang="en-GB">Results of american football actions</definition>
        <name xml:lang="en-US">American Football Action Results</name>
            <name xml:lang="en-GB">American Football Action Results</name>
        <related qcode="spamfresult:tackle" rel="skos:hasTopConcept"/>
        <related qcode="spamfresult:sack" rel="skos:hasTopConcept"/>
        <related qcode="spamfresult:forward-pass" rel="skos:hasTopConcept"/>
        <related qcode="spamfresult:lateral-pass" rel="skos:hasTopConcept"/>
        <related qcode="spamfresult:incomplete-pass" rel="skos:hasTopConcept"/>
        <related qcode="spamfresult:kick" rel="skos:hasTopConcept"/>
        <related qcode="spamfresult:handoff" rel="skos:hasTopConcept"/>
        <related qcode="spamfresult:fumble" rel="skos:hasTopConcept"/>
        <related qcode="spamfresult:ball-grounded" rel="skos:hasTopConcept"/>
        <related qcode="spamfresult:ball-out-of-bounds" rel="skos:hasTopConcept"/>
        <related qcode="spamfresult:score" rel="skos:hasTopConcept"/>
        <related qcode="spamfresult:miss" rel="skos:hasTopConcept"/>
        <schemeMetaExtProperty rel="ikos:availLang" value="en-US"/>
        <schemeMetaExtProperty rel="ikos:availLang" value="en-GB"/>
    </schemeMeta>
</knowledgeItem>
