<knowledgeItem xmlns="http://iptc.org/std/nar/2006-10-01/" standard="NewsML-G2"
    standardversion="2.18" conformance="power"
    guid="urn:newsml:iptc.org:20080229:srcncdki-spamfscore" version="1">
    <catalogRef href="http://www.iptc.org/std/catalog/catalog.IPTC-G2-Standards_25.xml"/>
    <catalogRef href="http://www.iptc.org/std/catalog/catalog.IPTC-Sports_1.xml"/>
    <rightsInfo>
        <copyrightHolder uri="http://cv.iptc.org/newscodes/newsprovider/IPTC">
            <name>IPTC - International Press Telecommunications Council</name>
        </copyrightHolder>
        <copyrightNotice>Copyright 2016, IPTC, www.iptc.org, Rights Reserved</copyrightNotice>
        <usageTerms href="http://creativecommons.org/licenses/by/4.0/">the Creative Commons
            Attribution (CC BY) 4.0 license applies to all NewsCodes</usageTerms>
    </rightsInfo>
    <itemMeta>
        <itemClass qcode="cinat:scheme"/>
        <provider uri="http://cv.iptc.org/newscodes/newsprovider/IPTC">
            <name>IPTC</name>
        </provider>
        <versionCreated>2016-06-13T15:15:32-04:00</versionCreated>
        <pubStatus qcode="stat:usable"/>
    </itemMeta>
    <contentMeta>
        <subject qcode="subj:15000000">
            <name xml:lang="en-US">sport</name>
            <name xml:lang="en-GB">sport</name>
        </subject>
        <subject qcode="subj:15003000">
            <name xml:lang="en-US">american-football</name>
            <name xml:lang="en-GB">american-football</name>
            <broader qcode="subj:15000000"/>
        </subject>
        <description>Types of American Football scores</description>
    </contentMeta>
    <conceptSet>
        <concept id="spamfscoretouchdown">
            <conceptId qcode="spamfscore:touchdown" created="2016-05-02T00:00:00+00:00"/>
            <type qcode="cpnat:abstract"/>
            <name xml:lang="en-US">touchdown</name>
            <name xml:lang="en-GB">touchdown</name>
            <definition/>
            <related uri="http://cv.iptc.org/newscodes/spamfscore/" rel="skos:inScheme"/>
        </concept>
        <concept id="spamfscoresafety">
            <conceptId qcode="spamfscore:safety" created="2016-05-02T00:00:00+00:00"/>
            <type qcode="cpnat:abstract"/>
            <name xml:lang="en-US">safety</name>
            <name xml:lang="en-GB">safety</name>
            <definition/>
            <related uri="http://cv.iptc.org/newscodes/spamfscore/" rel="skos:inScheme"/>
        </concept>
        <concept id="spamfscoreconversion">
            <conceptId qcode="spamfscore:conversion" created="2016-05-02T00:00:00+00:00"/>
            <type qcode="cpnat:abstract"/>
            <name xml:lang="en-US">conversion</name>
            <name xml:lang="en-GB">conversion</name>
            <definition/>
            <related uri="http://cv.iptc.org/newscodes/spamfscore/" rel="skos:inScheme"/>
        </concept>
        <concept id="spamfscoreconversion-1pt">
            <conceptId qcode="spamfscore:conversion-1pt" created="2016-05-02T00:00:00+00:00"/>
            <type qcode="cpnat:abstract"/>
            <name xml:lang="en-US">conversion-1pt</name>
            <name xml:lang="en-GB">conversion-1pt</name>
            <definition/>
            <related uri="http://cv.iptc.org/newscodes/spamfscore/" rel="skos:inScheme"/>
        </concept>
        <concept id="spamfscoreconversion-2pt">
            <conceptId qcode="spamfscore:conversion-2pt" created="2016-05-02T00:00:00+00:00"/>
            <type qcode="cpnat:abstract"/>
            <name xml:lang="en-US">conversion-2pt</name>
            <name xml:lang="en-GB">conversion-2pt</name>
            <definition/>
            <related uri="http://cv.iptc.org/newscodes/spamfscore/" rel="skos:inScheme"/>
        </concept>
        <concept id="spamfscorefield-goal">
            <conceptId qcode="spamfscore:field-goal" created="2016-05-02T00:00:00+00:00"/>
            <type qcode="cpnat:abstract"/>
            <name xml:lang="en-US">field-goal</name>
            <name xml:lang="en-GB">field-goal</name>
            <definition/>
            <related uri="http://cv.iptc.org/newscodes/spamfscore/" rel="skos:inScheme"/>
        </concept>
        <concept id="spamfscoreextra-point">
            <conceptId qcode="spamfscore:extra-point" created="2016-05-02T00:00:00+00:00"/>
            <type qcode="cpnat:abstract"/>
            <name xml:lang="en-US">extra-point</name>
            <name xml:lang="en-GB">extra-point</name>
            <definition/>
            <related uri="http://cv.iptc.org/newscodes/spamfscore/" rel="skos:inScheme"/>
        </concept>
        <concept id="spamfscoresingle-point">
            <conceptId qcode="spamfscore:single-point" created="2016-05-02T00:00:00+00:00"/>
            <type qcode="cpnat:abstract"/>
            <name xml:lang="en-US">single-point</name>
            <name xml:lang="en-GB">single-point</name>
            <definition xml:lang="en-GB">In Canadian football, a single point is awarded when a kick landing in the
                end zone cannot be returned.</definition>
            <related uri="http://cv.iptc.org/newscodes/spamfscore/" rel="skos:inScheme"/>
        </concept>
    </conceptSet>
    <schemeMeta authority="http://www.iptc.org" uri="http://cv.iptc.org/newscodes/spamfscore/"
        preferredalias="spamfscore">
        <definition xml:lang="en-GB">Types of American Football scores</definition>
        <name xml:lang="en-US">American Football Score Types</name>
            <name xml:lang="en-GB">American Football Score Types</name>
        <related qcode="spamfscore:touchdown" rel="skos:hasTopConcept"/>
        <related qcode="spamfscore:safety" rel="skos:hasTopConcept"/>
        <related qcode="spamfscore:conversion" rel="skos:hasTopConcept"/>
        <related qcode="spamfscore:conversion-1pt" rel="skos:hasTopConcept"/>
        <related qcode="spamfscore:conversion-2pt" rel="skos:hasTopConcept"/>
        <related qcode="spamfscore:field-goal" rel="skos:hasTopConcept"/>
        <related qcode="spamfscore:extra-point" rel="skos:hasTopConcept"/>
        <related qcode="spamfscore:single-point" rel="skos:hasTopConcept"/>
        <schemeMetaExtProperty rel="ikos:availLang" value="en-US"/>
        <schemeMetaExtProperty rel="ikos:availLang" value="en-GB"/>
    </schemeMeta>
</knowledgeItem>
