<knowledgeItem xmlns="http://iptc.org/std/nar/2006-10-01/"
    xmlns:xs="http://www.w3.org/2001/XMLSchema" xmlns:newsml="http://iptc.org/std/nar/2006-10-01/"
    standard="NewsML-G2" standardversion="2.18" conformance="power"
    guid="urn:newsml:iptc.org:20080229:srcncdki-spamfcaller" version="1">
    <catalogRef href="http://www.iptc.org/std/catalog/catalog.IPTC-G2-Standards_25.xml"/>
    <catalogRef href="http://www.iptc.org/std/catalog/catalog.IPTC-Sports_1.xml"/>
    <rightsInfo>
        <copyrightHolder uri="http://cv.iptc.org/newscodes/newsprovider/IPTC">
            <name>IPTC - International Press Telecommunications Council</name>
        </copyrightHolder>
        <copyrightNotice>Copyright 2016, IPTC, www.iptc.org, Rights Reserved</copyrightNotice>
        <usageTerms href="http://creativecommons.org/licenses/by/4.0/">the Creative Commons
            Attribution (CC BY) 4.0 license applies to all NewsCodes</usageTerms>
    </rightsInfo>
    <itemMeta>
        <itemClass qcode="cinat:scheme"/>
        <provider uri="http://cv.iptc.org/newscodes/newsprovider/IPTC">
            <name>IPTC</name>
        </provider>
        <versionCreated>2016-06-13T15:15:32-04:00</versionCreated>
        <pubStatus qcode="stat:usable"/>
    </itemMeta>
    <contentMeta>
        <subject qcode="subj:15000000">
            <name xml:lang="en-US">sport</name>
            <name xml:lang="en-GB">sport</name>
        </subject>
        <subject qcode="subj:15003000">
            <name xml:lang="en-US">americanfootball</name>
            <name xml:lang="en-GB">americanfootball</name>
            <broader qcode="subj:15000000"/>
        </subject>
        <description>Requestor of time out in American Football</description>
    </contentMeta>
    <conceptSet>
        <concept id="spamfcallerteam">
            <conceptId qcode="spamfcaller:team" created="2016-05-02T00:00:00+00:00"/>
            <type qcode="cpnat:abstract"/>
            <name xml:lang="en-US">team</name>
            <name xml:lang="en-GB">team</name>
            <definition/>
            <related uri="http://cv.iptc.org/newscodes/spamfcaller/" rel="skos:inScheme"/>
        </concept>
        <concept id="spamfcallerofficial">
            <conceptId qcode="spamfcaller:official" created="2016-05-02T00:00:00+00:00"/>
            <type qcode="cpnat:abstract"/>
            <name xml:lang="en-US">official</name>
            <name xml:lang="en-GB">official</name>
            <definition/>
            <related uri="http://cv.iptc.org/newscodes/spamfcaller/" rel="skos:inScheme"/>
        </concept>
    </conceptSet>
    <schemeMeta authority="http://www.iptc.org" uri="http://cv.iptc.org/newscodes/spamfcaller/"
        preferredalias="spamfcaller">
        <definition xml:lang="en-GB">Requestor of time out in American Football</definition>
        <name xml:lang="en-US">American Football time-out Caller</name>
            <name xml:lang="en-GB">American Football time-out Caller</name>
        <related qcode="spamfcaller:team" rel="skos:hasTopConcept"/>
        <related qcode="spamfcaller:official" rel="skos:hasTopConcept"/>
        <schemeMetaExtProperty rel="ikos:availLang" value="en-US"/>
        <schemeMetaExtProperty rel="ikos:availLang" value="en-GB"/>
    </schemeMeta>
</knowledgeItem>
