<knowledgeItem xmlns="http://iptc.org/std/nar/2006-10-01/"
    xmlns:xs="http://www.w3.org/2001/XMLSchema" xmlns:newsml="http://iptc.org/std/nar/2006-10-01/"
    standard="NewsML-G2" standardversion="2.18" conformance="power"
    guid="urn:newsml:iptc.org:20080229:srcncdki-spamfpenaltylevel" version="1">
    <catalogRef href="http://www.iptc.org/std/catalog/catalog.IPTC-G2-Standards_25.xml"/>
    <catalogRef href="http://www.iptc.org/std/catalog/catalog.IPTC-Sports_1.xml"/>
    <rightsInfo>
        <copyrightHolder uri="http://cv.iptc.org/newscodes/newsprovider/IPTC">
            <name>IPTC - International Press Telecommunications Council</name>
        </copyrightHolder>
        <copyrightNotice>Copyright 2016, IPTC, www.iptc.org, Rights Reserved</copyrightNotice>
        <usageTerms href="http://creativecommons.org/licenses/by/4.0/">the Creative Commons
            Attribution (CC BY) 4.0 license applies to all NewsCodes</usageTerms>
    </rightsInfo>
    <itemMeta>
        <itemClass qcode="cinat:scheme"/>
        <provider uri="http://cv.iptc.org/newscodes/newsprovider/IPTC">
            <name>IPTC</name>
        </provider>
        <versionCreated>2016-06-13T15:15:32-04:00</versionCreated>
        <pubStatus qcode="stat:usable"/>
    </itemMeta>
    <contentMeta>
        <subject qcode="subj:15000000">
            <name xml:lang="en-US">sport</name>
            <name xml:lang="en-GB">sport</name>
        </subject>
        <subject qcode="subj:15003000">
            <name xml:lang="en-US">americanfootball</name>
            <name xml:lang="en-GB">americanfootball</name>
            <broader qcode="subj:15000000"/>
        </subject>
        <description>Levels of penalized infractions in American Football</description>
    </contentMeta>
    <conceptSet>
        <concept id="spamfpenaltyleveldelay-of-game">
            <conceptId qcode="spamfpenaltylevel:delay-of-game" created="2016-05-02T00:00:00+00:00"/>
            <type qcode="cpnat:abstract"/>
            <name xml:lang="en-US">delay-of-game</name>
            <name xml:lang="en-GB">delay-of-game</name>
            <definition/>
            <related uri="http://cv.iptc.org/newscodes/spamfpenaltylevel/" rel="skos:inScheme"/>
        </concept>
        <concept id="spamfpenaltylevelencroachment">
            <conceptId qcode="spamfpenaltylevel:encroachment" created="2016-05-02T00:00:00+00:00"/>
            <type qcode="cpnat:abstract"/>
            <name xml:lang="en-US">encroachment</name>
            <name xml:lang="en-GB">encroachment</name>
            <definition/>
            <related uri="http://cv.iptc.org/newscodes/spamfpenaltylevel/" rel="skos:inScheme"/>
        </concept>
        <concept id="spamfpenaltylevelfalse-start">
            <conceptId qcode="spamfpenaltylevel:false-start" created="2016-05-02T00:00:00+00:00"/>
            <type qcode="cpnat:abstract"/>
            <name xml:lang="en-US">false-start</name>
            <name xml:lang="en-GB">false-start</name>
            <definition/>
            <related uri="http://cv.iptc.org/newscodes/spamfpenaltylevel/" rel="skos:inScheme"/>
        </concept>
        <concept id="spamfpenaltyleveloffside">
            <conceptId qcode="spamfpenaltylevel:offside" created="2016-05-02T00:00:00+00:00"/>
            <type qcode="cpnat:abstract"/>
            <name xml:lang="en-US">offside</name>
            <name xml:lang="en-GB">offside</name>
            <definition/>
            <related uri="http://cv.iptc.org/newscodes/spamfpenaltylevel/" rel="skos:inScheme"/>
        </concept>
    </conceptSet>
    <schemeMeta authority="http://www.iptc.org"
        uri="http://cv.iptc.org/newscodes/spamfpenaltylevel/"
        preferredalias="spamfpenaltylevel">
        <definition xml:lang="en-GB">Levels of penalized infractions in American Football</definition>
        <name xml:lang="en-US">American Football Penalty Levels</name>
            <name xml:lang="en-GB">American Football Penalty Levels</name>
        <related qcode="spamfpenaltylevel:delay-of-game" rel="skos:hasTopConcept"/>
        <related qcode="spamfpenaltylevel:encroachment" rel="skos:hasTopConcept"/>
        <related qcode="spamfpenaltylevel:false-start" rel="skos:hasTopConcept"/>
        <related qcode="spamfpenaltylevel:offside" rel="skos:hasTopConcept"/>
        <schemeMetaExtProperty rel="ikos:availLang" value="en-US"/>
        <schemeMetaExtProperty rel="ikos:availLang" value="en-GB"/>
    </schemeMeta>
</knowledgeItem>
