<knowledgeItem xmlns="http://iptc.org/std/nar/2006-10-01/"
    xmlns:xs="http://www.w3.org/2001/XMLSchema" xmlns:newsml="http://iptc.org/std/nar/2006-10-01/"
    standard="NewsML-G2" standardversion="2.18" conformance="power"
    guid="urn:newsml:iptc.org:20080229:srcncdki-spgolstat" version="1">
    <catalogRef href="http://www.iptc.org/std/catalog/catalog.IPTC-G2-Standards_25.xml"/>
    <catalogRef href="http://www.iptc.org/std/catalog/catalog.IPTC-Sports_1.xml"/>
    <rightsInfo>
        <copyrightHolder uri="http://cv.iptc.org/newscodes/newsprovider/IPTC">
            <name>IPTC - International Press Telecommunications Council</name>
        </copyrightHolder>
        <copyrightNotice>Copyright 2016, IPTC, www.iptc.org, Rights Reserved</copyrightNotice>
        <usageTerms href="http://creativecommons.org/licenses/by/4.0/">the Creative Commons
            Attribution (CC BY) 4.0 license applies to all NewsCodes</usageTerms>
    </rightsInfo>
    <itemMeta>
        <itemClass qcode="cinat:scheme"/>
        <provider uri="http://cv.iptc.org/newscodes/newsprovider/IPTC">
            <name>IPTC</name>
        </provider>
        <versionCreated>2016-06-13T15:15:32-04:00</versionCreated>
        <pubStatus qcode="stat:usable"/>
    </itemMeta>
    <contentMeta>
        <subject qcode="subj:15000000">
            <name xml:lang="en-US">sport</name>
            <name xml:lang="en-GB">sport</name>
        </subject>
        <subject qcode="subj:15027000">
            <name xml:lang="en-US">golf</name>
            <name xml:lang="en-GB">golf</name>
            <broader qcode="subj:15000000"/>
        </subject>
        <description>Vocabulary of statistics for Golf</description>
    </contentMeta>
    <conceptSet>
        <concept id="spgolstatrank">
            <conceptId qcode="spgolstat:rank" created="2016-05-02T00:00:00+00:00"/>
            <type qcode="cpnat:abstract"/>
            <name xml:lang="en-US">rank</name>
            <name xml:lang="en-GB">rank</name>
            <definition xml:lang="en-GB">How this player ranks among the other competing players.</definition>
            <related uri="http://cv.iptc.org/newscodes/spgolstat/" rel="skos:inScheme"/>
        </concept>
        <concept id="spgolstathandicap">
            <conceptId qcode="spgolstat:handicap" created="2016-05-02T00:00:00+00:00"/>
            <type qcode="cpnat:abstract"/>
            <name xml:lang="en-US">handicap</name>
            <name xml:lang="en-GB">handicap</name>
            <definition xml:lang="en-GB">The handicap-value of this player. This will normally not be used in
                professional tournaments.</definition>
            <related uri="http://cv.iptc.org/newscodes/spgolstat/" rel="skos:inScheme"/>
        </concept>
        <concept id="spgolstatrounds">
            <conceptId qcode="spgolstat:rounds" created="2016-05-02T00:00:00+00:00"/>
            <type qcode="cpnat:abstract"/>
            <name xml:lang="en-US">rounds</name>
            <name xml:lang="en-GB">rounds</name>
            <definition xml:lang="en-GB">How many rounds the player or team has completed in this particular
                tournament.</definition>
            <related uri="http://cv.iptc.org/newscodes/spgolstat/" rel="skos:inScheme"/>
        </concept>
        <concept id="spgolstataverage">
            <conceptId qcode="spgolstat:average" created="2016-05-02T00:00:00+00:00"/>
            <type qcode="cpnat:abstract"/>
            <name xml:lang="en-US">average</name>
            <name xml:lang="en-GB">average</name>
            <definition xml:lang="en-GB">Average score of the player or team. Number of shots devided by number of
                holes??</definition>
            <related uri="http://cv.iptc.org/newscodes/spgolstat/" rel="skos:inScheme"/>
        </concept>
        <concept id="spgolstatdistance-longest">
            <conceptId qcode="spgolstat:distance-longest" created="2016-05-02T00:00:00+00:00"/>
            <type qcode="cpnat:abstract"/>
            <name xml:lang="en-US">distance-longest</name>
            <name xml:lang="en-GB">distance-longest</name>
            <definition xml:lang="en-GB">The longest distance the player shot.</definition>
            <related uri="http://cv.iptc.org/newscodes/spgolstat/" rel="skos:inScheme"/>
        </concept>
        <concept id="spgolstatdistance-rank">
            <conceptId qcode="spgolstat:distance-rank" created="2016-05-02T00:00:00+00:00"/>
            <type qcode="cpnat:abstract"/>
            <name xml:lang="en-US">distance-rank</name>
            <name xml:lang="en-GB">distance-rank</name>
            <definition xml:lang="en-GB">The rank in the round or tournament for the player when comparing the
                longest distance shot.</definition>
            <related uri="http://cv.iptc.org/newscodes/spgolstat/" rel="skos:inScheme"/>
        </concept>
        <concept id="spgolstatdrives">
            <conceptId qcode="spgolstat:drives" created="2016-05-02T00:00:00+00:00"/>
            <type qcode="cpnat:abstract"/>
            <name xml:lang="en-US">drives</name>
            <name xml:lang="en-GB">drives</name>
            <definition xml:lang="en-GB">The number of drives made by the player.</definition>
            <related uri="http://cv.iptc.org/newscodes/spgolstat/" rel="skos:inScheme"/>
        </concept>
        <concept id="spgolstattotal-rounds">
            <conceptId qcode="spgolstat:total-rounds" created="2016-05-02T00:00:00+00:00"/>
            <type qcode="cpnat:abstract"/>
            <name xml:lang="en-US">total-rounds</name>
            <name xml:lang="en-GB">total-rounds</name>
            <definition xml:lang="en-GB">Total number of rounds played during the current tournament.</definition>
            <related uri="http://cv.iptc.org/newscodes/spgolstat/" rel="skos:inScheme"/>
        </concept>
        <concept id="spgolstattotal-strokes">
            <conceptId qcode="spgolstat:total-strokes" created="2016-05-02T00:00:00+00:00"/>
            <type qcode="cpnat:abstract"/>
            <name xml:lang="en-US">total-strokes</name>
            <name xml:lang="en-GB">total-strokes</name>
            <definition xml:lang="en-GB">Total number of strokes (or swings) (or shots) made.</definition>
            <related uri="http://cv.iptc.org/newscodes/spgolstat/" rel="skos:inScheme"/>
        </concept>
        <concept id="spgolstattotal-holes">
            <conceptId qcode="spgolstat:total-holes" created="2016-05-02T00:00:00+00:00"/>
            <type qcode="cpnat:abstract"/>
            <name xml:lang="en-US">total-holes</name>
            <name xml:lang="en-GB">total-holes</name>
            <definition xml:lang="en-GB">Total number of holes played.</definition>
            <related uri="http://cv.iptc.org/newscodes/spgolstat/" rel="skos:inScheme"/>
        </concept>
        <concept id="spgolstattotal-putts">
            <conceptId qcode="spgolstat:total-putts" created="2016-05-02T00:00:00+00:00"/>
            <type qcode="cpnat:abstract"/>
            <name xml:lang="en-US">total-putts</name>
            <name xml:lang="en-GB">total-putts</name>
            <definition xml:lang="en-GB">Total number of putts attempted.</definition>
            <related uri="http://cv.iptc.org/newscodes/spgolstat/" rel="skos:inScheme"/>
        </concept>
        <concept id="spgolstattotal-points">
            <conceptId qcode="spgolstat:total-points" created="2016-05-02T00:00:00+00:00"/>
            <type qcode="cpnat:abstract"/>
            <name xml:lang="en-US">total-points</name>
            <name xml:lang="en-GB">total-points</name>
            <definition xml:lang="en-GB">Total score of the player. Depending on the system used in the tournament
                the score could be something other than the actual number of strokes.</definition>
            <related uri="http://cv.iptc.org/newscodes/spgolstat/" rel="skos:inScheme"/>
        </concept>
        <concept id="spgolstattotal-driving">
            <conceptId qcode="spgolstat:total-driving" created="2016-05-02T00:00:00+00:00"/>
            <type qcode="cpnat:abstract"/>
            <name xml:lang="en-US">total-driving</name>
            <name xml:lang="en-GB">total-driving</name>
            <definition xml:lang="en-GB">Total driving distance.</definition>
            <related uri="http://cv.iptc.org/newscodes/spgolstat/" rel="skos:inScheme"/>
        </concept>
        <concept id="spgolstattotal-par-or-less">
            <conceptId qcode="spgolstat:total-par-or-less" created="2016-05-02T00:00:00+00:00"/>
            <type qcode="cpnat:abstract"/>
            <name xml:lang="en-US">total-par-or-less</name>
            <name xml:lang="en-GB">total-par-or-less</name>
            <definition xml:lang="en-GB">Total number of holes played by the player at par or less than
                par.</definition>
            <related uri="http://cv.iptc.org/newscodes/spgolstat/" rel="skos:inScheme"/>
        </concept>
        <concept id="spgolstatbirdies">
            <conceptId qcode="spgolstat:birdies" created="2016-05-02T00:00:00+00:00"/>
            <type qcode="cpnat:abstract"/>
            <name xml:lang="en-US">birdies</name>
            <name xml:lang="en-GB">birdies</name>
            <definition xml:lang="en-GB">Number of birdies.</definition>
            <related uri="http://cv.iptc.org/newscodes/spgolstat/" rel="skos:inScheme"/>
        </concept>
        <concept id="spgolstatbirdies-rank">
            <conceptId qcode="spgolstat:birdies-rank" created="2016-05-02T00:00:00+00:00"/>
            <type qcode="cpnat:abstract"/>
            <name xml:lang="en-US">birdies-rank</name>
            <name xml:lang="en-GB">birdies-rank</name>
            <definition xml:lang="en-GB">How the player ranks in the round or tournament regarding
                birdies.</definition>
            <related uri="http://cv.iptc.org/newscodes/spgolstat/" rel="skos:inScheme"/>
        </concept>
        <concept id="spgolstateagles">
            <conceptId qcode="spgolstat:eagles" created="2016-05-02T00:00:00+00:00"/>
            <type qcode="cpnat:abstract"/>
            <name xml:lang="en-US">eagles</name>
            <name xml:lang="en-GB">eagles</name>
            <definition xml:lang="en-GB">Number of eagles.</definition>
            <related uri="http://cv.iptc.org/newscodes/spgolstat/" rel="skos:inScheme"/>
        </concept>
        <concept id="spgolstateagles-rank">
            <conceptId qcode="spgolstat:eagles-rank" created="2016-05-02T00:00:00+00:00"/>
            <type qcode="cpnat:abstract"/>
            <name xml:lang="en-US">eagles-rank</name>
            <name xml:lang="en-GB">eagles-rank</name>
            <definition xml:lang="en-GB">How the player ranks in the round or tournament regarding
                eagles.</definition>
            <related uri="http://cv.iptc.org/newscodes/spgolstat/" rel="skos:inScheme"/>
        </concept>
        <concept id="spgolstatsaves">
            <conceptId qcode="spgolstat:saves" created="2016-05-02T00:00:00+00:00"/>
            <type qcode="cpnat:abstract"/>
            <name xml:lang="en-US">saves</name>
            <name xml:lang="en-GB">saves</name>
            <definition xml:lang="en-GB">Number of saves when the ball landed in a sand bunker.</definition>
            <related uri="http://cv.iptc.org/newscodes/spgolstat/" rel="skos:inScheme"/>
        </concept>
        <concept id="spgolstatsaves-rank">
            <conceptId qcode="spgolstat:saves-rank" created="2016-05-02T00:00:00+00:00"/>
            <type qcode="cpnat:abstract"/>
            <name xml:lang="en-US">saves-rank</name>
            <name xml:lang="en-GB">saves-rank</name>
            <definition xml:lang="en-GB">How the player ranks in the round or tournament regarding saves from the
                bunker.</definition>
            <related uri="http://cv.iptc.org/newscodes/spgolstat/" rel="skos:inScheme"/>
        </concept>
        <concept id="spgolstatbunkers">
            <conceptId qcode="spgolstat:bunkers" created="2016-05-02T00:00:00+00:00"/>
            <type qcode="cpnat:abstract"/>
            <name xml:lang="en-US">bunkers</name>
            <name xml:lang="en-GB">bunkers</name>
            <definition xml:lang="en-GB">Number of bunker shots the player took.</definition>
            <related uri="http://cv.iptc.org/newscodes/spgolstat/" rel="skos:inScheme"/>
        </concept>
        <concept id="spgolstateagle-per-holes-frequency">
            <conceptId qcode="spgolstat:eagle-per-holes-frequency" created="2016-05-02T00:00:00+00:00"/>
            <type qcode="cpnat:abstract"/>
            <name xml:lang="en-US">eagle-per-holes-frequency</name>
            <name xml:lang="en-GB">eagle-per-holes-frequency</name>
            <definition xml:lang="en-GB">Frequency of hitting eagles.</definition>
            <related uri="http://cv.iptc.org/newscodes/spgolstat/" rel="skos:inScheme"/>
        </concept>
        <concept id="spgolstatgreens-hit">
            <conceptId qcode="spgolstat:greens-hit" created="2016-05-02T00:00:00+00:00"/>
            <type qcode="cpnat:abstract"/>
            <name xml:lang="en-US">greens-hit</name>
            <name xml:lang="en-GB">greens-hit</name>
            <definition xml:lang="en-GB">This is a very special golf term. To reach a green in regulation (GIR) the
                player must place the ball on the green with two strokes less than the par of the
                course. The attribute holds the number of times the player or team has achieved this
                in the timeframe the stats cover.</definition>
            <related uri="http://cv.iptc.org/newscodes/spgolstat/" rel="skos:inScheme"/>
        </concept>
        <concept id="spgolstatgreens-hit-rank">
            <conceptId qcode="spgolstat:greens-hit-rank" created="2016-05-02T00:00:00+00:00"/>
            <type qcode="cpnat:abstract"/>
            <name xml:lang="en-US">greens-hit-rank</name>
            <name xml:lang="en-GB">greens-hit-rank</name>
            <definition xml:lang="en-GB">How the player ranks in the tournament or round regarding greens hit in
                regulation.</definition>
            <related uri="http://cv.iptc.org/newscodes/spgolstat/" rel="skos:inScheme"/>
        </concept>
        <concept id="spgolstatgreens-in-regulation-missed">
            <conceptId qcode="spgolstat:greens-in-regulation-missed" created="2016-05-02T00:00:00+00:00"/>
            <type qcode="cpnat:abstract"/>
            <name xml:lang="en-US">greens-in-regulation-missed</name>
            <name xml:lang="en-GB">greens-in-regulation-missed</name>
            <definition xml:lang="en-GB">Number of greens missed during regulation play.</definition>
            <related uri="http://cv.iptc.org/newscodes/spgolstat/" rel="skos:inScheme"/>
        </concept>
        <concept id="spgolstatgreens-in-regulation-putting">
            <conceptId qcode="spgolstat:greens-in-regulation-putting" created="2016-05-02T00:00:00+00:00"/>
            <type qcode="cpnat:abstract"/>
            <name xml:lang="en-US">greens-in-regulation-putting</name>
            <name xml:lang="en-GB">greens-in-regulation-putting</name>
            <definition xml:lang="en-GB">The average number of puts needed to finish holes after hitting the green in
                regulation (GIR).</definition>
            <related uri="http://cv.iptc.org/newscodes/spgolstat/" rel="skos:inScheme"/>
        </concept>
        <concept id="spgolstatgreens-in-regulation-rank">
            <conceptId qcode="spgolstat:greens-in-regulation-rank" created="2016-05-02T00:00:00+00:00"/>
            <type qcode="cpnat:abstract"/>
            <name xml:lang="en-US">greens-in-regulation-rank</name>
            <name xml:lang="en-GB">greens-in-regulation-rank</name>
            <definition xml:lang="en-GB">Rank of player in terms of the greens-in-regulation putting.</definition>
            <related uri="http://cv.iptc.org/newscodes/spgolstat/" rel="skos:inScheme"/>
        </concept>
        <concept id="spgolstatfairways-hit">
            <conceptId qcode="spgolstat:fairways-hit" created="2016-05-02T00:00:00+00:00"/>
            <type qcode="cpnat:abstract"/>
            <name xml:lang="en-US">fairways-hit</name>
            <name xml:lang="en-GB">fairways-hit</name>
            <definition xml:lang="en-GB">Number of fairways hit.</definition>
            <related uri="http://cv.iptc.org/newscodes/spgolstat/" rel="skos:inScheme"/>
        </concept>
        <concept id="spgolstatfairways-possible">
            <conceptId qcode="spgolstat:fairways-possible" created="2016-05-02T00:00:00+00:00"/>
            <type qcode="cpnat:abstract"/>
            <name xml:lang="en-US">fairways-possible</name>
            <name xml:lang="en-GB">fairways-possible</name>
            <definition xml:lang="en-GB">Maximum number of fairways it was possible to hit.</definition>
            <related uri="http://cv.iptc.org/newscodes/spgolstat/" rel="skos:inScheme"/>
        </concept>
        <concept id="spgolstatputts-per-round">
            <conceptId qcode="spgolstat:putts-per-round" created="2016-05-02T00:00:00+00:00"/>
            <type qcode="cpnat:abstract"/>
            <name xml:lang="en-US">putts-per-round</name>
            <name xml:lang="en-GB">putts-per-round</name>
            <definition xml:lang="en-GB">The average number of putts needed per complete round.</definition>
            <related uri="http://cv.iptc.org/newscodes/spgolstat/" rel="skos:inScheme"/>
        </concept>
        <concept id="spgolstatputts-per-round-rank">
            <conceptId qcode="spgolstat:putts-per-round-rank" created="2016-05-02T00:00:00+00:00"/>
            <type qcode="cpnat:abstract"/>
            <name xml:lang="en-US">putts-per-round-rank</name>
            <name xml:lang="en-GB">putts-per-round-rank</name>
            <definition xml:lang="en-GB">How the player ranks when comparing the average
                putts-per-round.</definition>
            <related uri="http://cv.iptc.org/newscodes/spgolstat/" rel="skos:inScheme"/>
        </concept>
        <concept id="spgolstatholes-under-par">
            <conceptId qcode="spgolstat:holes-under-par" created="2016-05-02T00:00:00+00:00"/>
            <type qcode="cpnat:abstract"/>
            <name xml:lang="en-US">holes-under-par</name>
            <name xml:lang="en-GB">holes-under-par</name>
            <definition xml:lang="en-GB">Number of holes finished under par.</definition>
            <related uri="http://cv.iptc.org/newscodes/spgolstat/" rel="skos:inScheme"/>
        </concept>
        <concept id="spgolstatscoring-adjustment">
            <conceptId qcode="spgolstat:scoring-adjustment" created="2016-05-02T00:00:00+00:00"/>
            <type qcode="cpnat:abstract"/>
            <name xml:lang="en-US">scoring-adjustment</name>
            <name xml:lang="en-GB">scoring-adjustment</name>
            <definition xml:lang="en-GB">Scoring adjustment.</definition>
            <related uri="http://cv.iptc.org/newscodes/spgolstat/" rel="skos:inScheme"/>
        </concept>
        <concept id="spgolstatfinishes-top-10">
            <conceptId qcode="spgolstat:finishes-top-10" created="2016-05-02T00:00:00+00:00"/>
            <type qcode="cpnat:abstract"/>
            <name xml:lang="en-US">finishes-top-10</name>
            <name xml:lang="en-GB">finishes-top-10</name>
            <definition xml:lang="en-GB">Number of finishes the player had in the top ten.</definition>
            <related uri="http://cv.iptc.org/newscodes/spgolstat/" rel="skos:inScheme"/>
        </concept>
        <concept id="spgolstatfinishes-first-place">
            <conceptId qcode="spgolstat:finishes-first-place" created="2016-05-02T00:00:00+00:00"/>
            <type qcode="cpnat:abstract"/>
            <name xml:lang="en-US">finishes-first-place</name>
            <name xml:lang="en-GB">finishes-first-place</name>
            <definition xml:lang="en-GB">Number of first-place finishes the player had.</definition>
            <related uri="http://cv.iptc.org/newscodes/spgolstat/" rel="skos:inScheme"/>
        </concept>
        <concept id="spgolstatfinishes-second-place">
            <conceptId qcode="spgolstat:finishes-second-place" created="2016-05-02T00:00:00+00:00"/>
            <type qcode="cpnat:abstract"/>
            <name xml:lang="en-US">finishes-second-place</name>
            <name xml:lang="en-GB">finishes-second-place</name>
            <definition xml:lang="en-GB">Number of second-place finishes the player had.</definition>
            <related uri="http://cv.iptc.org/newscodes/spgolstat/" rel="skos:inScheme"/>
        </concept>
        <concept id="spgolstatperformance-par-3">
            <conceptId qcode="spgolstat:performance-par-3" created="2016-05-02T00:00:00+00:00"/>
            <type qcode="cpnat:abstract"/>
            <name xml:lang="en-US">performance-par-3</name>
            <name xml:lang="en-GB">performance-par-3</name>
            <definition xml:lang="en-GB">The performance of the player on par-3 holes.</definition>
            <related uri="http://cv.iptc.org/newscodes/spgolstat/" rel="skos:inScheme"/>
        </concept>
        <concept id="spgolstatperformance-par-4">
            <conceptId qcode="spgolstat:performance-par-4" created="2016-05-02T00:00:00+00:00"/>
            <type qcode="cpnat:abstract"/>
            <name xml:lang="en-US">performance-par-4</name>
            <name xml:lang="en-GB">performance-par-4</name>
            <definition xml:lang="en-GB">The performance of the player on par-4 holes.</definition>
            <related uri="http://cv.iptc.org/newscodes/spgolstat/" rel="skos:inScheme"/>
        </concept>
        <concept id="spgolstatperformance-par-5">
            <conceptId qcode="spgolstat:performance-par-5" created="2016-05-02T00:00:00+00:00"/>
            <type qcode="cpnat:abstract"/>
            <name xml:lang="en-US">performance-par-5</name>
            <name xml:lang="en-GB">performance-par-5</name>
            <definition xml:lang="en-GB">The performance of the player on par-5 holes.</definition>
            <related uri="http://cv.iptc.org/newscodes/spgolstat/" rel="skos:inScheme"/>
        </concept>
        <concept id="spgolstatmoney">
            <conceptId qcode="spgolstat:money" created="2016-05-02T00:00:00+00:00"/>
            <type qcode="cpnat:abstract"/>
            <name xml:lang="en-US">money</name>
            <name xml:lang="en-GB">money</name>
            <definition xml:lang="en-GB">Amount of money earned by the player.</definition>
            <related uri="http://cv.iptc.org/newscodes/spgolstat/" rel="skos:inScheme"/>
        </concept>
        <concept id="spgolstatmoney-value">
            <conceptId qcode="spgolstat:money-value" created="2016-05-02T00:00:00+00:00"/>
            <type qcode="cpnat:abstract"/>
            <name xml:lang="en-US">money-value</name>
            <name xml:lang="en-GB">money-value</name>
            <definition xml:lang="en-GB">Money value.</definition>
            <related uri="http://cv.iptc.org/newscodes/spgolstat/" rel="skos:inScheme"/>
        </concept>
        <concept id="spgolstatpoints">
            <conceptId qcode="spgolstat:points" created="2016-05-02T00:00:00+00:00"/>
            <type qcode="cpnat:abstract"/>
            <name xml:lang="en-US">points</name>
            <name xml:lang="en-GB">points</name>
            <definition xml:lang="en-GB">Number of points.</definition>
            <related uri="http://cv.iptc.org/newscodes/spgolstat/" rel="skos:inScheme"/>
        </concept>
        <concept id="spgolstatpoints-lost">
            <conceptId qcode="spgolstat:points-lost" created="2016-05-02T00:00:00+00:00"/>
            <type qcode="cpnat:abstract"/>
            <name xml:lang="en-US">points-lost</name>
            <name xml:lang="en-GB">points-lost</name>
            <definition xml:lang="en-GB">Number of points lost.</definition>
            <related uri="http://cv.iptc.org/newscodes/spgolstat/" rel="skos:inScheme"/>
        </concept>
        <concept id="spgolstatpoints-gained">
            <conceptId qcode="spgolstat:points-gained" created="2016-05-02T00:00:00+00:00"/>
            <type qcode="cpnat:abstract"/>
            <name xml:lang="en-US">points-gained</name>
            <name xml:lang="en-GB">points-gained</name>
            <definition xml:lang="en-GB">Number of points gained.</definition>
            <related uri="http://cv.iptc.org/newscodes/spgolstat/" rel="skos:inScheme"/>
        </concept>
        <concept id="spgolstatdrive-accuracy">
            <conceptId qcode="spgolstat:drive-accuracy" created="2016-05-02T00:00:00+00:00"/>
            <type qcode="cpnat:abstract"/>
            <name xml:lang="en-US">drive-accuracy</name>
            <name xml:lang="en-GB">drive-accuracy</name>
            <definition xml:lang="en-GB">A percentage of how good the drives from the player or team has been in the
                given frame the stats cover.</definition>
            <related uri="http://cv.iptc.org/newscodes/spgolstat/" rel="skos:inScheme"/>
        </concept>
        <concept id="spgolstatdrive-accuracy-rank">
            <conceptId qcode="spgolstat:drive-accuracy-rank" created="2016-05-02T00:00:00+00:00"/>
            <type qcode="cpnat:abstract"/>
            <name xml:lang="en-US">drive-accuracy-rank</name>
            <name xml:lang="en-GB">drive-accuracy-rank</name>
            <definition xml:lang="en-GB">How the player ranks when comparing drive-accuracy.</definition>
            <related uri="http://cv.iptc.org/newscodes/spgolstat/" rel="skos:inScheme"/>
        </concept>
        <concept id="spgolstatrounds-under-par">
            <conceptId qcode="spgolstat:rounds-under-par" created="2016-05-02T00:00:00+00:00"/>
            <type qcode="cpnat:abstract"/>
            <name xml:lang="en-US">rounds-under-par</name>
            <name xml:lang="en-GB">rounds-under-par</name>
            <definition xml:lang="en-GB">The number of rounds the player has completed a course under
                par.</definition>
            <related uri="http://cv.iptc.org/newscodes/spgolstat/" rel="skos:inScheme"/>
        </concept>
        <concept id="spgolstatbogeys">
            <conceptId qcode="spgolstat:bogeys" created="2016-05-02T00:00:00+00:00"/>
            <type qcode="cpnat:abstract"/>
            <name xml:lang="en-US">bogeys</name>
            <name xml:lang="en-GB">bogeys</name>
            <definition xml:lang="en-GB">The number of holes finished one above par for that hole.</definition>
            <related uri="http://cv.iptc.org/newscodes/spgolstat/" rel="skos:inScheme"/>
        </concept>
        <concept id="spgolstatbogeys-rank">
            <conceptId qcode="spgolstat:bogeys-rank" created="2016-05-02T00:00:00+00:00"/>
            <type qcode="cpnat:abstract"/>
            <name xml:lang="en-US">bogeys-rank</name>
            <name xml:lang="en-GB">bogeys-rank</name>
            <definition xml:lang="en-GB">How the player ranks when comparing bogeys.</definition>
            <related uri="http://cv.iptc.org/newscodes/spgolstat/" rel="skos:inScheme"/>
        </concept>
        <concept id="spgolstatdouble-bogeys">
            <conceptId qcode="spgolstat:double-bogeys" created="2016-05-02T00:00:00+00:00"/>
            <type qcode="cpnat:abstract"/>
            <name xml:lang="en-US">double-bogeys</name>
            <name xml:lang="en-GB">double-bogeys</name>
            <definition xml:lang="en-GB">The number of holes finished two above par for that hole.</definition>
            <related uri="http://cv.iptc.org/newscodes/spgolstat/" rel="skos:inScheme"/>
        </concept>
        <concept id="spgolstatdouble-bogeys-rank">
            <conceptId qcode="spgolstat:double-bogeys-rank" created="2016-05-02T00:00:00+00:00"/>
            <type qcode="cpnat:abstract"/>
            <name xml:lang="en-US">double-bogeys-rank</name>
            <name xml:lang="en-GB">double-bogeys-rank</name>
            <definition xml:lang="en-GB">How the player ranks when comparing double-bogeys.</definition>
            <related uri="http://cv.iptc.org/newscodes/spgolstat/" rel="skos:inScheme"/>
        </concept>
        <concept id="spgolstatfinish-other">
            <conceptId qcode="spgolstat:finish-other" created="2016-05-02T00:00:00+00:00"/>
            <type qcode="cpnat:abstract"/>
            <name xml:lang="en-US">finish-other</name>
            <name xml:lang="en-GB">finish-other</name>
            <definition xml:lang="en-GB">The number of holes finished with either more than two under par or two over
                par.</definition>
            <related uri="http://cv.iptc.org/newscodes/spgolstat/" rel="skos:inScheme"/>
        </concept>
        <concept id="spgolstatfinish-other-rank">
            <conceptId qcode="spgolstat:finish-other-rank" created="2016-05-02T00:00:00+00:00"/>
            <type qcode="cpnat:abstract"/>
            <name xml:lang="en-US">finish-other-rank</name>
            <name xml:lang="en-GB">finish-other-rank</name>
            <definition xml:lang="en-GB">How the player ranks when comparing finish-other.</definition>
            <related uri="http://cv.iptc.org/newscodes/spgolstat/" rel="skos:inScheme"/>
        </concept>
        <concept id="spgolstatpars">
            <conceptId qcode="spgolstat:pars" created="2016-05-02T00:00:00+00:00"/>
            <type qcode="cpnat:abstract"/>
            <name xml:lang="en-US">pars</name>
            <name xml:lang="en-GB">pars</name>
            <definition xml:lang="en-GB">The number of holes finished on par.</definition>
            <related uri="http://cv.iptc.org/newscodes/spgolstat/" rel="skos:inScheme"/>
        </concept>
        <concept id="spgolstatpars-rank">
            <conceptId qcode="spgolstat:pars-rank" created="2016-05-02T00:00:00+00:00"/>
            <type qcode="cpnat:abstract"/>
            <name xml:lang="en-US">pars-rank</name>
            <name xml:lang="en-GB">pars-rank</name>
            <definition xml:lang="en-GB">How the player ranks when comparing pars.</definition>
            <related uri="http://cv.iptc.org/newscodes/spgolstat/" rel="skos:inScheme"/>
        </concept>
    </conceptSet>
    <schemeMeta uri="http://cv.iptc.org/newscodes/spgolstat/" authority="http://www.iptc.org"
        preferredalias="spgolstat">
        <definition xml:lang="en-GB">Vocabulary of statistics for Golf</definition>
        <name xml:lang="en-US">Golf Statistics</name>
            <name xml:lang="en-GB">Golf Statistics</name>
        <related qcode="spgolstat:rank" rel="skos:hasTopConcept"/>
        <related qcode="spgolstat:handicap" rel="skos:hasTopConcept"/>
        <related qcode="spgolstat:rounds" rel="skos:hasTopConcept"/>
        <related qcode="spgolstat:average" rel="skos:hasTopConcept"/>
        <related qcode="spgolstat:distance-longest" rel="skos:hasTopConcept"/>
        <related qcode="spgolstat:distance-rank" rel="skos:hasTopConcept"/>
        <related qcode="spgolstat:drives" rel="skos:hasTopConcept"/>
        <related qcode="spgolstat:total-rounds" rel="skos:hasTopConcept"/>
        <related qcode="spgolstat:total-strokes" rel="skos:hasTopConcept"/>
        <related qcode="spgolstat:total-holes" rel="skos:hasTopConcept"/>
        <related qcode="spgolstat:total-putts" rel="skos:hasTopConcept"/>
        <related qcode="spgolstat:total-points" rel="skos:hasTopConcept"/>
        <related qcode="spgolstat:total-driving" rel="skos:hasTopConcept"/>
        <related qcode="spgolstat:total-par-or-less" rel="skos:hasTopConcept"/>
        <related qcode="spgolstat:birdies" rel="skos:hasTopConcept"/>
        <related qcode="spgolstat:birdies-rank" rel="skos:hasTopConcept"/>
        <related qcode="spgolstat:eagles" rel="skos:hasTopConcept"/>
        <related qcode="spgolstat:eagles-rank" rel="skos:hasTopConcept"/>
        <related qcode="spgolstat:saves" rel="skos:hasTopConcept"/>
        <related qcode="spgolstat:saves-rank" rel="skos:hasTopConcept"/>
        <related qcode="spgolstat:bunkers" rel="skos:hasTopConcept"/>
        <related qcode="spgolstat:eagle-per-holes-frequency" rel="skos:hasTopConcept"/>
        <related qcode="spgolstat:greens-hit" rel="skos:hasTopConcept"/>
        <related qcode="spgolstat:greens-hit-rank" rel="skos:hasTopConcept"/>
        <related qcode="spgolstat:greens-in-regulation-missed" rel="skos:hasTopConcept"/>
        <related qcode="spgolstat:greens-in-regulation-putting" rel="skos:hasTopConcept"/>
        <related qcode="spgolstat:greens-in-regulation-rank" rel="skos:hasTopConcept"/>
        <related qcode="spgolstat:fairways-hit" rel="skos:hasTopConcept"/>
        <related qcode="spgolstat:fairways-possible" rel="skos:hasTopConcept"/>
        <related qcode="spgolstat:putts-per-round" rel="skos:hasTopConcept"/>
        <related qcode="spgolstat:putts-per-round-rank" rel="skos:hasTopConcept"/>
        <related qcode="spgolstat:holes-under-par" rel="skos:hasTopConcept"/>
        <related qcode="spgolstat:scoring-adjustment" rel="skos:hasTopConcept"/>
        <related qcode="spgolstat:finishes-top-10" rel="skos:hasTopConcept"/>
        <related qcode="spgolstat:finishes-first-place" rel="skos:hasTopConcept"/>
        <related qcode="spgolstat:finishes-second-place" rel="skos:hasTopConcept"/>
        <related qcode="spgolstat:performance-par-3" rel="skos:hasTopConcept"/>
        <related qcode="spgolstat:performance-par-4" rel="skos:hasTopConcept"/>
        <related qcode="spgolstat:performance-par-5" rel="skos:hasTopConcept"/>
        <related qcode="spgolstat:money" rel="skos:hasTopConcept"/>
        <related qcode="spgolstat:money-value" rel="skos:hasTopConcept"/>
        <related qcode="spgolstat:points" rel="skos:hasTopConcept"/>
        <related qcode="spgolstat:points-lost" rel="skos:hasTopConcept"/>
        <related qcode="spgolstat:points-gained" rel="skos:hasTopConcept"/>
        <related qcode="spgolstat:drive-accuracy" rel="skos:hasTopConcept"/>
        <related qcode="spgolstat:drive-accuracy-rank" rel="skos:hasTopConcept"/>
        <related qcode="spgolstat:rounds-under-par" rel="skos:hasTopConcept"/>
        <related qcode="spgolstat:bogeys" rel="skos:hasTopConcept"/>
        <related qcode="spgolstat:bogeys-rank" rel="skos:hasTopConcept"/>
        <related qcode="spgolstat:double-bogeys" rel="skos:hasTopConcept"/>
        <related qcode="spgolstat:double-bogeys-rank" rel="skos:hasTopConcept"/>
        <related qcode="spgolstat:finish-other" rel="skos:hasTopConcept"/>
        <related qcode="spgolstat:finish-other-rank" rel="skos:hasTopConcept"/>
        <related qcode="spgolstat:pars" rel="skos:hasTopConcept"/>
        <related qcode="spgolstat:pars-rank" rel="skos:hasTopConcept"/>
        <schemeMetaExtProperty rel="ikos:availLang" value="en-US"/>
        <schemeMetaExtProperty rel="ikos:availLang" value="en-GB"/>
    </schemeMeta>
</knowledgeItem>
