<knowledgeItem xmlns="http://iptc.org/std/nar/2006-10-01/" standard="NewsML-G2"
    standardversion="2.18" conformance="power"
    guid="urn:newsml:iptc.org:20080229:srcncdki-spgollanding" version="1">
    <catalogRef href="http://www.iptc.org/std/catalog/catalog.IPTC-G2-Standards_25.xml"/>
    <catalogRef href="http://www.iptc.org/std/catalog/catalog.IPTC-Sports_1.xml"/>
    <rightsInfo>
        <copyrightHolder uri="http://cv.iptc.org/newscodes/newsprovider/IPTC">
            <name>IPTC - International Press Telecommunications Council</name>
        </copyrightHolder>
        <copyrightNotice>Copyright 2016, IPTC, www.iptc.org, Rights Reserved</copyrightNotice>
        <usageTerms href="http://creativecommons.org/licenses/by/4.0/">the Creative Commons
            Attribution (CC BY) 4.0 license applies to all NewsCodes</usageTerms>
    </rightsInfo>
    <itemMeta>
        <itemClass qcode="cinat:scheme"/>
        <provider uri="http://cv.iptc.org/newscodes/newsprovider/IPTC">
            <name>IPTC</name>
        </provider>
        <versionCreated>2016-06-13T15:15:32-04:00</versionCreated>
        <pubStatus qcode="stat:usable"/>
    </itemMeta>
    <contentMeta>
        <subject qcode="subj:15000000">
            <name xml:lang="en-US">sport</name>
            <name xml:lang="en-GB">sport</name>
        </subject>
        <subject qcode="subj:15027000">
            <name xml:lang="en-US">golf</name>
            <name xml:lang="en-GB">golf</name>
            <broader qcode="subj:15000000"/>
        </subject>
        <description>The place or surface where a golf ball lands after being shot.</description>
    </contentMeta>
    <conceptSet>
        <concept id="spgollandingfairway">
            <conceptId qcode="spgollanding:fairway" created="2016-05-02T00:00:00+00:00"/>
            <type qcode="cpnat:abstract"/>
            <name xml:lang="en-US">fairway</name>
            <name xml:lang="en-GB">fairway</name>
            <definition/>
            <related uri="http://cv.iptc.org/newscodes/spgollanding/" rel="skos:inScheme"/>
        </concept>
        <concept id="spgollandingsand">
            <conceptId qcode="spgollanding:sand" created="2016-05-02T00:00:00+00:00"/>
            <type qcode="cpnat:abstract"/>
            <name xml:lang="en-US">sand</name>
            <name xml:lang="en-GB">sand</name>
            <definition/>
            <related uri="http://cv.iptc.org/newscodes/spgollanding/" rel="skos:inScheme"/>
        </concept>
        <concept id="spgollandingwater">
            <conceptId qcode="spgollanding:water" created="2016-05-02T00:00:00+00:00"/>
            <type qcode="cpnat:abstract"/>
            <name xml:lang="en-US">water</name>
            <name xml:lang="en-GB">water</name>
            <definition/>
            <related uri="http://cv.iptc.org/newscodes/spgollanding/" rel="skos:inScheme"/>
        </concept>
        <concept id="spgollandingrough">
            <conceptId qcode="spgollanding:rough" created="2016-05-02T00:00:00+00:00"/>
            <type qcode="cpnat:abstract"/>
            <name xml:lang="en-US">rough</name>
            <name xml:lang="en-GB">rough</name>
            <definition/>
            <related uri="http://cv.iptc.org/newscodes/spgollanding/" rel="skos:inScheme"/>
        </concept>
        <concept id="spgollandinggreen">
            <conceptId qcode="spgollanding:green" created="2016-05-02T00:00:00+00:00"/>
            <type qcode="cpnat:abstract"/>
            <name xml:lang="en-US">green</name>
            <name xml:lang="en-GB">green</name>
            <definition/>
            <related uri="http://cv.iptc.org/newscodes/spgollanding/" rel="skos:inScheme"/>
        </concept>
        <concept id="spgollandinghole">
            <conceptId qcode="spgollanding:hole" created="2016-05-02T00:00:00+00:00"/>
            <type qcode="cpnat:abstract"/>
            <name xml:lang="en-US">hole</name>
            <name xml:lang="en-GB">hole</name>
            <definition/>
            <related uri="http://cv.iptc.org/newscodes/spgollanding/" rel="skos:inScheme"/>
        </concept>
    </conceptSet>
    <schemeMeta authority="http://www.iptc.org" uri="http://cv.iptc.org/newscodes/spgollanding/"
        preferredalias="spgollanding">
        <definition xml:lang="en-GB">The place or surface where a golf ball lands after being
            shot.</definition>
        <name xml:lang="en-US">Golf Shot Landings</name>
            <name xml:lang="en-GB">Golf Shot Landings</name>
        <related qcode="spgollanding:fairway" rel="skos:hasTopConcept"/>
        <related qcode="spgollanding:sand" rel="skos:hasTopConcept"/>
        <related qcode="spgollanding:water" rel="skos:hasTopConcept"/>
        <related qcode="spgollanding:rough" rel="skos:hasTopConcept"/>
        <related qcode="spgollanding:green" rel="skos:hasTopConcept"/>
        <related qcode="spgollanding:hole" rel="skos:hasTopConcept"/>
        <schemeMetaExtProperty rel="ikos:availLang" value="en-US"/>
        <schemeMetaExtProperty rel="ikos:availLang" value="en-GB"/>
    </schemeMeta>
</knowledgeItem>
