<knowledgeItem xmlns="http://iptc.org/std/nar/2006-10-01/" standard="NewsML-G2"
    standardversion="2.18" conformance="power"
    guid="urn:newsml:iptc.org:20080229:srcncdki-spgolshot" version="1">
    <catalogRef href="http://www.iptc.org/std/catalog/catalog.IPTC-G2-Standards_25.xml"/>
    <catalogRef href="http://www.iptc.org/std/catalog/catalog.IPTC-Sports_1.xml"/>
    <rightsInfo>
        <copyrightHolder uri="http://cv.iptc.org/newscodes/newsprovider/IPTC">
            <name>IPTC - International Press Telecommunications Council</name>
        </copyrightHolder>
        <copyrightNotice>Copyright 2016, IPTC, www.iptc.org, Rights Reserved</copyrightNotice>
        <usageTerms href="http://creativecommons.org/licenses/by/4.0/">the Creative Commons
            Attribution (CC BY) 4.0 license applies to all NewsCodes</usageTerms>
    </rightsInfo>
    <itemMeta>
        <itemClass qcode="cinat:scheme"/>
        <provider uri="http://cv.iptc.org/newscodes/newsprovider/IPTC">
            <name>IPTC</name>
        </provider>
        <versionCreated>2016-06-13T15:15:32-04:00</versionCreated>
        <pubStatus qcode="stat:usable"/>
    </itemMeta>
    <contentMeta>
        <subject qcode="subj:15000000">
            <name xml:lang="en-US">sport</name>
            <name xml:lang="en-GB">sport</name>
        </subject>
        <subject qcode="subj:15027000">
            <name xml:lang="en-US">golf</name>
            <name xml:lang="en-GB">golf</name>
            <broader qcode="subj:15000000"/>
        </subject>
        <description>Types of shot in golf.</description>
    </contentMeta>
    <conceptSet>
        <concept id="spgolshotdrive">
            <conceptId qcode="spgolshot:drive" created="2016-05-02T00:00:00+00:00"/>
            <type qcode="cpnat:abstract"/>
            <name xml:lang="en-US">drive</name>
            <name xml:lang="en-GB">drive</name>
            <definition/>
            <related uri="http://cv.iptc.org/newscodes/spgolshot/" rel="skos:inScheme"/>
        </concept>
        <concept id="spgolshotputt">
            <conceptId qcode="spgolshot:putt" created="2016-05-02T00:00:00+00:00"/>
            <type qcode="cpnat:abstract"/>
            <name xml:lang="en-US">putt</name>
            <name xml:lang="en-GB">putt</name>
            <definition/>
            <related uri="http://cv.iptc.org/newscodes/spgolshot/" rel="skos:inScheme"/>
        </concept>
        <concept id="spgolshotpitch">
            <conceptId qcode="spgolshot:pitch" created="2016-05-02T00:00:00+00:00"/>
            <type qcode="cpnat:abstract"/>
            <name xml:lang="en-US">pitch</name>
            <name xml:lang="en-GB">pitch</name>
            <definition/>
            <related uri="http://cv.iptc.org/newscodes/spgolshot/" rel="skos:inScheme"/>
        </concept>
    </conceptSet>
    <schemeMeta authority="http://www.iptc.org" uri="http://cv.iptc.org/newscodes/spgolshot/"
        preferredalias="spgolshot">
        <definition xml:lang="en-GB">Types of shot in golf.</definition>
        <name xml:lang="en-US">Golf Shot Types</name>
            <name xml:lang="en-GB">Golf Shot Types</name>
        <related qcode="spgolshot:drive" rel="skos:hasTopConcept"/>
        <related qcode="spgolshot:putt" rel="skos:hasTopConcept"/>
        <related qcode="spgolshot:pitch" rel="skos:hasTopConcept"/>
        <schemeMetaExtProperty rel="ikos:availLang" value="en-US"/>
        <schemeMetaExtProperty rel="ikos:availLang" value="en-GB"/>
    </schemeMeta>
</knowledgeItem>
