<knowledgeItem xmlns="http://iptc.org/std/nar/2006-10-01/" standard="NewsML-G2"
    standardversion="2.18" conformance="power"
    guid="urn:newsml:iptc.org:20080229:srcncdki-spcurresult" version="1">
    <catalogRef href="http://www.iptc.org/std/catalog/catalog.IPTC-G2-Standards_25.xml"/>
    <catalogRef href="http://www.iptc.org/std/catalog/catalog.IPTC-Sports_1.xml"/>
    <rightsInfo>
        <copyrightHolder uri="http://cv.iptc.org/newscodes/newsprovider/IPTC">
            <name>IPTC - International Press Telecommunications Council</name>
        </copyrightHolder>
        <copyrightNotice>Copyright 2016, IPTC, www.iptc.org, Rights Reserved</copyrightNotice>
        <usageTerms href="http://creativecommons.org/licenses/by/4.0/">the Creative Commons
            Attribution (CC BY) 4.0 license applies to all NewsCodes</usageTerms>
    </rightsInfo>
    <itemMeta>
        <itemClass qcode="cinat:scheme"/>
        <provider uri="http://cv.iptc.org/newscodes/newsprovider/IPTC">
            <name>IPTC</name>
        </provider>
        <versionCreated>2016-06-13T15:15:32-04:00</versionCreated>
        <pubStatus qcode="stat:usable"/>
    </itemMeta>
    <contentMeta>
        <subject qcode="subj:15000000">
            <name xml:lang="en-US">sport</name>
            <name xml:lang="en-GB">sport</name>
        </subject>
        <subject qcode="subj:15018000">
            <name xml:lang="en-US">curling</name>
            <name xml:lang="en-GB">curling</name>
            <broader qcode="subj:15000000"/>
        </subject>
        <description>Curling shot result scores</description>
    </contentMeta>
    <conceptSet>
        <concept id="spcurresult0">
            <conceptId qcode="spcurresult:0" created="2016-05-02T00:00:00+00:00"/>
            <type qcode="cpnat:abstract"/>
            <name xml:lang="en-US">0</name>
            <name xml:lang="en-GB">0</name>
            <definition/>
            <related uri="http://cv.iptc.org/newscodes/spcurresult/" rel="skos:inScheme"/>
        </concept>
        <concept id="spcurresult25">
            <conceptId qcode="spcurresult:25" created="2016-05-02T00:00:00+00:00"/>
            <type qcode="cpnat:abstract"/>
            <name xml:lang="en-US">25</name>
            <name xml:lang="en-GB">25</name>
            <definition/>
            <related uri="http://cv.iptc.org/newscodes/spcurresult/" rel="skos:inScheme"/>
        </concept>
        <concept id="spcurresult50">
            <conceptId qcode="spcurresult:50" created="2016-05-02T00:00:00+00:00"/>
            <type qcode="cpnat:abstract"/>
            <name xml:lang="en-US">50</name>
            <name xml:lang="en-GB">50</name>
            <definition/>
            <related uri="http://cv.iptc.org/newscodes/spcurresult/" rel="skos:inScheme"/>
        </concept>
        <concept id="spcurresult75">
            <conceptId qcode="spcurresult:75" created="2016-05-02T00:00:00+00:00"/>
            <type qcode="cpnat:abstract"/>
            <name xml:lang="en-US">75</name>
            <name xml:lang="en-GB">75</name>
            <definition/>
            <related uri="http://cv.iptc.org/newscodes/spcurresult/" rel="skos:inScheme"/>
        </concept>
        <concept id="spcurresult100">
            <conceptId qcode="spcurresult:100" created="2016-05-02T00:00:00+00:00"/>
            <type qcode="cpnat:abstract"/>
            <name xml:lang="en-US">100</name>
            <name xml:lang="en-GB">100</name>
            <definition/>
            <related uri="http://cv.iptc.org/newscodes/spcurresult/" rel="skos:inScheme"/>
        </concept>
        <concept id="spcurresult125">
            <conceptId qcode="spcurresult:125" created="2016-05-02T00:00:00+00:00"/>
            <type qcode="cpnat:abstract"/>
            <name xml:lang="en-US">125</name>
            <name xml:lang="en-GB">125</name>
            <definition/>
            <related uri="http://cv.iptc.org/newscodes/spcurresult/" rel="skos:inScheme"/>
        </concept>
    </conceptSet>
    <schemeMeta authority="http://www.iptc.org" uri="http://cv.iptc.org/newscodes/spcurresult/"
        preferredalias="spcurresult">
        <definition xml:lang="en-GB">Curling shot result scores</definition>
        <name xml:lang="en-US">Curling Shot Results</name>
            <name xml:lang="en-GB">Curling Shot Results</name>
        <related qcode="spcurresult:0" rel="skos:hasTopConcept"/>
        <related qcode="spcurresult:25" rel="skos:hasTopConcept"/>
        <related qcode="spcurresult:50" rel="skos:hasTopConcept"/>
        <related qcode="spcurresult:75" rel="skos:hasTopConcept"/>
        <related qcode="spcurresult:100" rel="skos:hasTopConcept"/>
        <related qcode="spcurresult:125" rel="skos:hasTopConcept"/>
        <schemeMetaExtProperty rel="ikos:availLang" value="en-US"/>
        <schemeMetaExtProperty rel="ikos:availLang" value="en-GB"/>
    </schemeMeta>
</knowledgeItem>
