<knowledgeItem xmlns="http://iptc.org/std/nar/2006-10-01/"
    xmlns:xs="http://www.w3.org/2001/XMLSchema" xmlns:newsml="http://iptc.org/std/nar/2006-10-01/"
    standard="NewsML-G2" standardversion="2.18" conformance="power"
    guid="urn:newsml:iptc.org:20080229:srcncdki-spcurposition" version="1">
    <catalogRef href="http://www.iptc.org/std/catalog/catalog.IPTC-G2-Standards_25.xml"/>
    <catalogRef href="http://www.iptc.org/std/catalog/catalog.IPTC-Sports_1.xml"/>
    <rightsInfo>
        <copyrightHolder uri="http://cv.iptc.org/newscodes/newsprovider/IPTC">
            <name>IPTC - International Press Telecommunications Council</name>
        </copyrightHolder>
        <copyrightNotice>Copyright 2016, IPTC, www.iptc.org, Rights Reserved</copyrightNotice>
        <usageTerms href="http://creativecommons.org/licenses/by/4.0/">the Creative Commons
            Attribution (CC BY) 4.0 license applies to all NewsCodes</usageTerms>
    </rightsInfo>
    <itemMeta>
        <itemClass qcode="cinat:scheme"/>
        <provider uri="http://cv.iptc.org/newscodes/newsprovider/IPTC">
            <name>IPTC</name>
        </provider>
        <versionCreated>2016-06-13T15:15:32-04:00</versionCreated>
        <pubStatus qcode="stat:usable"/>
    </itemMeta>
    <contentMeta>
        <subject qcode="subj:15000000">
            <name xml:lang="en-US">sport</name>
            <name xml:lang="en-GB">sport</name>
        </subject>
        <subject qcode="subj:15018000">
            <name xml:lang="en-US">curling</name>
            <name xml:lang="en-GB">curling</name>
            <broader qcode="subj:15000000"/>
        </subject>
        <description>Curling player positions</description>
    </contentMeta>
    <conceptSet>
        <concept id="spcurpositionA">
            <conceptId qcode="spcurposition:A" created="2016-05-02T00:00:00+00:00"/>
            <type qcode="cpnat:abstract"/>
            <name xml:lang="en-US">A</name>
            <name xml:lang="en-GB">A</name>
            <definition xml:lang="en-GB">The player is a reserve for the team.</definition>
            <related uri="http://cv.iptc.org/newscodes/spcurposition/" rel="skos:inScheme"/>
        </concept>
        <concept id="spcurposition1">
            <conceptId qcode="spcurposition:1" created="2016-05-02T00:00:00+00:00"/>
            <type qcode="cpnat:abstract"/>
            <name xml:lang="en-US">1</name>
            <name xml:lang="en-GB">1</name>
            <definition xml:lang="en-GB">The player plays the first stones for the team. In a four player team the
                player plays stones 1 and 2. If the team only has three players the first player
                plays stones 1-3.</definition>
            <related uri="http://cv.iptc.org/newscodes/spcurposition/" rel="skos:inScheme"/>
        </concept>
        <concept id="spcurposition2">
            <conceptId qcode="spcurposition:2" created="2016-05-02T00:00:00+00:00"/>
            <type qcode="cpnat:abstract"/>
            <name xml:lang="en-US">2</name>
            <name xml:lang="en-GB">2</name>
            <definition xml:lang="en-GB">The player plays second for the team, stones 3 and 4 when the team has four
                players, stones 4-6 if a three player team.</definition>
            <related uri="http://cv.iptc.org/newscodes/spcurposition/" rel="skos:inScheme"/>
        </concept>
        <concept id="spcurposition3">
            <conceptId qcode="spcurposition:3" created="2016-05-02T00:00:00+00:00"/>
            <type qcode="cpnat:abstract"/>
            <name xml:lang="en-US">3</name>
            <name xml:lang="en-GB">3</name>
            <definition xml:lang="en-GB">The player plays third for the team, stones 5 and 6 if the team has four
                players, the last two stones if a three player team.</definition>
            <related uri="http://cv.iptc.org/newscodes/spcurposition/" rel="skos:inScheme"/>
        </concept>
        <concept id="spcurposition4">
            <conceptId qcode="spcurposition:4" created="2016-05-02T00:00:00+00:00"/>
            <type qcode="cpnat:abstract"/>
            <name xml:lang="en-US">4</name>
            <name xml:lang="en-GB">4</name>
            <definition xml:lang="en-GB">The player plays the last two stones if the team has four
                players.</definition>
            <related uri="http://cv.iptc.org/newscodes/spcurposition/" rel="skos:inScheme"/>
        </concept>
    </conceptSet>
    <schemeMeta authority="http://www.iptc.org" uri="http://cv.iptc.org/newscodes/spcurposition/"
        preferredalias="spcurposition">
        <definition xml:lang="en-GB">Curling player positions</definition>
        <name xml:lang="en-US">Curling Player Positions</name>
            <name xml:lang="en-GB">Curling Player Positions</name>
        <related qcode="spcurposition:A" rel="skos:hasTopConcept"/>
        <related qcode="spcurposition:1" rel="skos:hasTopConcept"/>
        <related qcode="spcurposition:2" rel="skos:hasTopConcept"/>
        <related qcode="spcurposition:3" rel="skos:hasTopConcept"/>
        <related qcode="spcurposition:4" rel="skos:hasTopConcept"/>
        <schemeMetaExtProperty rel="ikos:availLang" value="en-US"/>
        <schemeMetaExtProperty rel="ikos:availLang" value="en-GB"/>
    </schemeMeta>
</knowledgeItem>
