<knowledgeItem xmlns="http://iptc.org/std/nar/2006-10-01/"
    xmlns:xs="http://www.w3.org/2001/XMLSchema" xmlns:newsml="http://iptc.org/std/nar/2006-10-01/"
    standard="NewsML-G2" standardversion="2.18" conformance="power"
    guid="urn:newsml:iptc.org:20080229:srcncdki-spbkbrole" version="1">
    <catalogRef href="http://www.iptc.org/std/catalog/catalog.IPTC-G2-Standards_25.xml"/>
    <catalogRef href="http://www.iptc.org/std/catalog/catalog.IPTC-Sports_1.xml"/>
    <rightsInfo>
        <copyrightHolder uri="http://cv.iptc.org/newscodes/newsprovider/IPTC">
            <name>IPTC - International Press Telecommunications Council</name>
        </copyrightHolder>
        <copyrightNotice>Copyright 2016, IPTC, www.iptc.org, Rights Reserved</copyrightNotice>
        <usageTerms href="http://creativecommons.org/licenses/by/4.0/">the Creative Commons
            Attribution (CC BY) 4.0 license applies to all NewsCodes</usageTerms>
    </rightsInfo>
    <itemMeta>
        <itemClass qcode="cinat:scheme"/>
        <provider uri="http://cv.iptc.org/newscodes/newsprovider/IPTC">
            <name>IPTC</name>
        </provider>
        <versionCreated>2016-06-13T15:15:32-04:00</versionCreated>
        <pubStatus qcode="stat:usable"/>
    </itemMeta>
    <contentMeta>
        <subject qcode="subj:15000000">
            <name xml:lang="en-US">sport</name>
            <name xml:lang="en-GB">sport</name>
        </subject>
        <subject qcode="subj:15008000">
            <name xml:lang="en-US">basketball</name>
            <name xml:lang="en-GB">basketball</name>
            <broader qcode="subj:15000000"/>
        </subject>
        <description>Roles of basketball players</description>
    </contentMeta>
    <conceptSet>
        <concept id="spbkbroleon-court">
            <conceptId qcode="spbkbrole:on-court" created="2016-05-02T00:00:00+00:00"/>
            <type qcode="cpnat:abstract"/>
            <name xml:lang="en-US">on-court</name>
            <name xml:lang="en-GB">on-court</name>
            <definition/>
            <related uri="http://cv.iptc.org/newscodes/spbkbrole/" rel="skos:inScheme"/>
        </concept>
        <concept id="spbkbrolescorer">
            <conceptId qcode="spbkbrole:scorer" created="2016-05-02T00:00:00+00:00"/>
            <type qcode="cpnat:abstract"/>
            <name xml:lang="en-US">scorer</name>
            <name xml:lang="en-GB">scorer</name>
            <definition/>
            <related uri="http://cv.iptc.org/newscodes/spbkbrole/" rel="skos:inScheme"/>
        </concept>
        <concept id="spbkbroleassist">
            <conceptId qcode="spbkbrole:assist" created="2016-05-02T00:00:00+00:00"/>
            <type qcode="cpnat:abstract"/>
            <name xml:lang="en-US">assist</name>
            <name xml:lang="en-GB">assist</name>
            <definition/>
            <related uri="http://cv.iptc.org/newscodes/spbkbrole/" rel="skos:inScheme"/>
        </concept>
        <concept id="spbkbroleshooter">
            <conceptId qcode="spbkbrole:shooter" created="2016-05-02T00:00:00+00:00"/>
            <type qcode="cpnat:abstract"/>
            <name xml:lang="en-US">shooter</name>
            <name xml:lang="en-GB">shooter</name>
            <definition/>
            <related uri="http://cv.iptc.org/newscodes/spbkbrole/" rel="skos:inScheme"/>
        </concept>
        <concept id="spbkbroleblocker">
            <conceptId qcode="spbkbrole:blocker" created="2016-05-02T00:00:00+00:00"/>
            <type qcode="cpnat:abstract"/>
            <name xml:lang="en-US">blocker</name>
            <name xml:lang="en-GB">blocker</name>
            <definition/>
            <related uri="http://cv.iptc.org/newscodes/spbkbrole/" rel="skos:inScheme"/>
        </concept>
        <concept id="spbkbrolepenalty-committed-by">
            <conceptId qcode="spbkbrole:penalty-committed-by" created="2016-05-02T00:00:00+00:00"/>
            <type qcode="cpnat:abstract"/>
            <name xml:lang="en-US">penalty-committed-by</name>
            <name xml:lang="en-GB">penalty-committed-by</name>
            <definition/>
            <related uri="http://cv.iptc.org/newscodes/spbkbrole/" rel="skos:inScheme"/>
        </concept>
        <concept id="spbkbrolepenalty-committed-against">
            <conceptId qcode="spbkbrole:penalty-committed-against" created="2016-05-02T00:00:00+00:00"/>
            <type qcode="cpnat:abstract"/>
            <name xml:lang="en-US">penalty-committed-against</name>
            <name xml:lang="en-GB">penalty-committed-against</name>
            <definition/>
            <related uri="http://cv.iptc.org/newscodes/spbkbrole/" rel="skos:inScheme"/>
        </concept>
        <concept id="spbkbrolejump-ball-winner">
            <conceptId qcode="spbkbrole:jump-ball-winner" created="2016-05-02T00:00:00+00:00"/>
            <type qcode="cpnat:abstract"/>
            <name xml:lang="en-US">jump-ball-winner</name>
            <name xml:lang="en-GB">jump-ball-winner</name>
            <definition/>
            <related uri="http://cv.iptc.org/newscodes/spbkbrole/" rel="skos:inScheme"/>
        </concept>
        <concept id="spbkbrolejump-ball-loser">
            <conceptId qcode="spbkbrole:jump-ball-loser" created="2016-05-02T00:00:00+00:00"/>
            <type qcode="cpnat:abstract"/>
            <name xml:lang="en-US">jump-ball-loser</name>
            <name xml:lang="en-GB">jump-ball-loser</name>
            <definition/>
            <related uri="http://cv.iptc.org/newscodes/spbkbrole/" rel="skos:inScheme"/>
        </concept>
        <concept id="spbkbrolegiveaway">
            <conceptId qcode="spbkbrole:giveaway" created="2016-05-02T00:00:00+00:00"/>
            <type qcode="cpnat:abstract"/>
            <name xml:lang="en-US">giveaway</name>
            <name xml:lang="en-GB">giveaway</name>
            <definition/>
            <related uri="http://cv.iptc.org/newscodes/spbkbrole/" rel="skos:inScheme"/>
        </concept>
        <concept id="spbkbroletakeaway">
            <conceptId qcode="spbkbrole:takeaway" created="2016-05-02T00:00:00+00:00"/>
            <type qcode="cpnat:abstract"/>
            <name xml:lang="en-US">takeaway</name>
            <name xml:lang="en-GB">takeaway</name>
            <definition/>
            <related uri="http://cv.iptc.org/newscodes/spbkbrole/" rel="skos:inScheme"/>
        </concept>
        <concept id="spbkbrolerebounder-offense">
            <conceptId qcode="spbkbrole:rebounder-offense" created="2016-05-02T00:00:00+00:00"/>
            <type qcode="cpnat:abstract"/>
            <name xml:lang="en-US">rebounder-offense</name>
            <name xml:lang="en-GB">rebounder-offense</name>
            <definition/>
            <related uri="http://cv.iptc.org/newscodes/spbkbrole/" rel="skos:inScheme"/>
        </concept>
        <concept id="spbkbrolerebounder-defense">
            <conceptId qcode="spbkbrole:rebounder-defense" created="2016-05-02T00:00:00+00:00"/>
            <type qcode="cpnat:abstract"/>
            <name xml:lang="en-US">rebounder-defense</name>
            <name xml:lang="en-GB">rebounder-defense</name>
            <definition/>
            <related uri="http://cv.iptc.org/newscodes/spbkbrole/" rel="skos:inScheme"/>
        </concept>
    </conceptSet>
    <schemeMeta authority="http://www.iptc.org" uri="http://cv.iptc.org/newscodes/spbkbrole/"
        preferredalias="spbkbrole">
        <definition xml:lang="en-GB">Roles of basketball players</definition>
        <name xml:lang="en-US">Basketball Player Roles</name>
            <name xml:lang="en-GB">Basketball Player Roles</name>
        <related qcode="spbkbrole:on-court" rel="skos:hasTopConcept"/>
        <related qcode="spbkbrole:scorer" rel="skos:hasTopConcept"/>
        <related qcode="spbkbrole:assist" rel="skos:hasTopConcept"/>
        <related qcode="spbkbrole:shooter" rel="skos:hasTopConcept"/>
        <related qcode="spbkbrole:blocker" rel="skos:hasTopConcept"/>
        <related qcode="spbkbrole:penalty-committed-by" rel="skos:hasTopConcept"/>
        <related qcode="spbkbrole:penalty-committed-against" rel="skos:hasTopConcept"/>
        <related qcode="spbkbrole:jump-ball-winner" rel="skos:hasTopConcept"/>
        <related qcode="spbkbrole:jump-ball-loser" rel="skos:hasTopConcept"/>
        <related qcode="spbkbrole:giveaway" rel="skos:hasTopConcept"/>
        <related qcode="spbkbrole:takeaway" rel="skos:hasTopConcept"/>
        <related qcode="spbkbrole:rebounder-offense" rel="skos:hasTopConcept"/>
        <related qcode="spbkbrole:rebounder-defense" rel="skos:hasTopConcept"/>
        <schemeMetaExtProperty rel="ikos:availLang" value="en-US"/>
        <schemeMetaExtProperty rel="ikos:availLang" value="en-GB"/>
    </schemeMeta>
</knowledgeItem>
