<knowledgeItem xmlns="http://iptc.org/std/nar/2006-10-01/"
    xmlns:xs="http://www.w3.org/2001/XMLSchema" xmlns:newsml="http://iptc.org/std/nar/2006-10-01/"
    standard="NewsML-G2" standardversion="2.18" conformance="power"
    guid="urn:newsml:iptc.org:20080229:srcncdki-spbkbstat" version="1">
    <catalogRef href="http://www.iptc.org/std/catalog/catalog.IPTC-G2-Standards_25.xml"/>
    <catalogRef href="http://www.iptc.org/std/catalog/catalog.IPTC-Sports_1.xml"/>
    <rightsInfo>
        <copyrightHolder uri="http://cv.iptc.org/newscodes/newsprovider/IPTC">
            <name>IPTC - International Press Telecommunications Council</name>
        </copyrightHolder>
        <copyrightNotice>Copyright 2016, IPTC, www.iptc.org, Rights Reserved</copyrightNotice>
        <usageTerms href="http://creativecommons.org/licenses/by/4.0/">the Creative Commons
            Attribution (CC BY) 4.0 license applies to all NewsCodes</usageTerms>
    </rightsInfo>
    <itemMeta>
        <itemClass qcode="cinat:scheme"/>
        <provider uri="http://cv.iptc.org/newscodes/newsprovider/IPTC">
            <name>IPTC</name>
        </provider>
        <versionCreated>2016-06-13T15:15:32-04:00</versionCreated>
        <pubStatus qcode="stat:usable"/>
    </itemMeta>
    <contentMeta>
        <subject qcode="subj:15000000">
            <name xml:lang="en-US">sport</name>
            <name xml:lang="en-GB">sport</name>
        </subject>
        <subject qcode="subj:15008000">
            <name xml:lang="en-US">basketball</name>
            <name xml:lang="en-GB">basketball</name>
            <broader qcode="subj:15000000"/>
        </subject>
        <description>Vocabulary of statistics for Basketball</description>
    </contentMeta>
    <conceptSet>
        <concept id="spbkbstatminutes-played">
            <conceptId qcode="spbkbstat:minutes-played" created="2016-05-02T00:00:00+00:00"/>
            <type qcode="cpnat:abstract"/>
            <name xml:lang="en-US">minutes-played</name>
            <name xml:lang="en-GB">minutes-played</name>
            <definition xml:lang="en-GB">Number of minutes this player has spent playing during a particular
                game.</definition>
            <related uri="http://cv.iptc.org/newscodes/spbkbstat/" rel="skos:inScheme"/>
        </concept>
        <concept id="spbkbstatgames-played">
            <conceptId qcode="spbkbstat:games-played" created="2016-05-02T00:00:00+00:00"/>
            <type qcode="cpnat:abstract"/>
            <name xml:lang="en-US">games-played</name>
            <name xml:lang="en-GB">games-played</name>
            <definition xml:lang="en-GB">Number of games played.</definition>
            <related uri="http://cv.iptc.org/newscodes/spbkbstat/" rel="skos:inScheme"/>
        </concept>
        <concept id="spbkbstatgames-started">
            <conceptId qcode="spbkbstat:games-started" created="2016-05-02T00:00:00+00:00"/>
            <type qcode="cpnat:abstract"/>
            <name xml:lang="en-US">games-started</name>
            <name xml:lang="en-GB">games-started</name>
            <definition xml:lang="en-GB">Number of games that started with this player on the court,.</definition>
            <related uri="http://cv.iptc.org/newscodes/spbkbstat/" rel="skos:inScheme"/>
        </concept>
        <concept id="spbkbstataverage-minutes-per-game">
            <conceptId qcode="spbkbstat:average-minutes-per-game" created="2016-05-02T00:00:00+00:00"/>
            <type qcode="cpnat:abstract"/>
            <name xml:lang="en-US">average-minutes-per-game</name>
            <name xml:lang="en-GB">average-minutes-per-game</name>
            <definition xml:lang="en-GB">Average number of minutes per game played by this player.</definition>
            <related uri="http://cv.iptc.org/newscodes/spbkbstat/" rel="skos:inScheme"/>
        </concept>
        <concept id="spbkbstatpersonal-fouls-per-game">
            <conceptId qcode="spbkbstat:personal-fouls-per-game" created="2016-05-02T00:00:00+00:00"/>
            <type qcode="cpnat:abstract"/>
            <name xml:lang="en-US">personal-fouls-per-game</name>
            <name xml:lang="en-GB">personal-fouls-per-game</name>
            <definition xml:lang="en-GB">Average number of fouls made by the player per game.</definition>
            <related uri="http://cv.iptc.org/newscodes/spbkbstat/" rel="skos:inScheme"/>
        </concept>
        <concept id="spbkbstatdouble-doubles">
            <conceptId qcode="spbkbstat:double-doubles" created="2016-05-02T00:00:00+00:00"/>
            <type qcode="cpnat:abstract"/>
            <name xml:lang="en-US">double-doubles</name>
            <name xml:lang="en-GB">double-doubles</name>
            <definition xml:lang="en-GB">A double digit number in any two of these categories: points, rebounds,
                assists, steals, and blocked shots.</definition>
            <related uri="http://cv.iptc.org/newscodes/spbkbstat/" rel="skos:inScheme"/>
        </concept>
        <concept id="spbkbstattriple-doubles">
            <conceptId qcode="spbkbstat:triple-doubles" created="2016-05-02T00:00:00+00:00"/>
            <type qcode="cpnat:abstract"/>
            <name xml:lang="en-US">triple-doubles</name>
            <name xml:lang="en-GB">triple-doubles</name>
            <definition xml:lang="en-GB">A double digit number in any three of these categories: points, rebounds,
                assists, steals, and blocked shots.</definition>
            <related uri="http://cv.iptc.org/newscodes/spbkbstat/" rel="skos:inScheme"/>
        </concept>
        <concept id="spbkbstattimeouts-left">
            <conceptId qcode="spbkbstat:timeouts-left" created="2016-05-02T00:00:00+00:00"/>
            <type qcode="cpnat:abstract"/>
            <name xml:lang="en-US">timeouts-left</name>
            <name xml:lang="en-GB">timeouts-left</name>
            <definition xml:lang="en-GB">Number of timeouts a team has left during the current event.</definition>
            <related uri="http://cv.iptc.org/newscodes/spbkbstat/" rel="skos:inScheme"/>
        </concept>
        <concept id="spbkbstatlargest-lead">
            <conceptId qcode="spbkbstat:largest-lead" created="2016-05-02T00:00:00+00:00"/>
            <type qcode="cpnat:abstract"/>
            <name xml:lang="en-US">largest-lead</name>
            <name xml:lang="en-GB">largest-lead</name>
            <definition xml:lang="en-GB">Largest number of points this team has led the opposition. Could be a
                negative number.</definition>
            <related uri="http://cv.iptc.org/newscodes/spbkbstat/" rel="skos:inScheme"/>
        </concept>
        <concept id="spbkbstatfouls-total">
            <conceptId qcode="spbkbstat:fouls-total" created="2016-05-02T00:00:00+00:00"/>
            <type qcode="cpnat:abstract"/>
            <name xml:lang="en-US">fouls-total</name>
            <name xml:lang="en-GB">fouls-total</name>
            <definition xml:lang="en-GB">Total number of fouls comitted by the team during this event.</definition>
            <related uri="http://cv.iptc.org/newscodes/spbkbstat/" rel="skos:inScheme"/>
        </concept>
        <concept id="spbkbstatturnover-margin">
            <conceptId qcode="spbkbstat:turnover-margin" created="2016-05-02T00:00:00+00:00"/>
            <type qcode="cpnat:abstract"/>
            <name xml:lang="en-US">turnover-margin</name>
            <name xml:lang="en-GB">turnover-margin</name>
            <definition xml:lang="en-GB">Turnover margain is the number of turnovers made by this team minus the
                number of turnovers made by the opposing team.</definition>
            <related uri="http://cv.iptc.org/newscodes/spbkbstat/" rel="skos:inScheme"/>
        </concept>
        <concept id="spbkbstatfield-goals-made">
            <conceptId qcode="spbkbstat:field-goals-made" created="2016-05-02T00:00:00+00:00"/>
            <type qcode="cpnat:abstract"/>
            <related qcode="spct:offense" rel="skos:broader"/>
            <name xml:lang="en-US">field-goals-made</name>
            <name xml:lang="en-GB">field-goals-made</name>
            <definition xml:lang="en-GB">Shots made that were worth two points each.</definition>
            <related uri="http://cv.iptc.org/newscodes/spbkbstat/" rel="skos:inScheme"/>
        </concept>
        <concept id="spbkbstatfield-goals-attempted">
            <conceptId qcode="spbkbstat:field-goals-attempted" created="2016-05-02T00:00:00+00:00"/>
            <type qcode="cpnat:abstract"/>
            <related qcode="spct:offense" rel="skos:broader"/>
            <name xml:lang="en-US">field-goals-attempted</name>
            <name xml:lang="en-GB">field-goals-attempted</name>
            <definition xml:lang="en-GB">Two-point shots that were attempted.</definition>
            <related uri="http://cv.iptc.org/newscodes/spbkbstat/" rel="skos:inScheme"/>
        </concept>
        <concept id="spbkbstatfield-goals-percentage">
            <conceptId qcode="spbkbstat:field-goals-percentage" created="2016-05-02T00:00:00+00:00"/>
            <type qcode="cpnat:abstract"/>
            <related qcode="spct:offense" rel="skos:broader"/>
            <name xml:lang="en-US">field-goals-percentage</name>
            <name xml:lang="en-GB">field-goals-percentage</name>
            <definition xml:lang="en-GB">Field goals made versus attempted. This could also be calculated from the
                above.</definition>
            <related uri="http://cv.iptc.org/newscodes/spbkbstat/" rel="skos:inScheme"/>
        </concept>
        <concept id="spbkbstatfield-goals-per-game">
            <conceptId qcode="spbkbstat:field-goals-per-game" created="2016-05-02T00:00:00+00:00"/>
            <type qcode="cpnat:abstract"/>
            <related qcode="spct:offense" rel="skos:broader"/>
            <name xml:lang="en-US">field-goals-per-game</name>
            <name xml:lang="en-GB">field-goals-per-game</name>
            <definition xml:lang="en-GB">Average number of field goals made per game.</definition>
            <related uri="http://cv.iptc.org/newscodes/spbkbstat/" rel="skos:inScheme"/>
        </concept>
        <concept id="spbkbstatfield-goals-attempted-per-game">
            <conceptId qcode="spbkbstat:field-goals-attempted-per-game" created="2016-05-02T00:00:00+00:00"/>
            <type qcode="cpnat:abstract"/>
            <related qcode="spct:offense" rel="skos:broader"/>
            <name xml:lang="en-US">field-goals-attempted-per-game</name>
            <name xml:lang="en-GB">field-goals-attempted-per-game</name>
            <definition xml:lang="en-GB">Average number of field goals attempted per game.</definition>
            <related uri="http://cv.iptc.org/newscodes/spbkbstat/" rel="skos:inScheme"/>
        </concept>
        <concept id="spbkbstatfield-goals-percentage-adjusted">
            <conceptId qcode="spbkbstat:field-goals-percentage-adjusted" created="2016-05-02T00:00:00+00:00"/>
            <type qcode="cpnat:abstract"/>
            <related qcode="spct:offense" rel="skos:broader"/>
            <name xml:lang="en-US">field-goals-percentage-adjusted</name>
            <name xml:lang="en-GB">field-goals-percentage-adjusted</name>
            <definition xml:lang="en-GB">A formula measuring shooting efficiency: [(points-scored-total -
                free-throws-made)/field-goals-attempted]/2.</definition>
            <related uri="http://cv.iptc.org/newscodes/spbkbstat/" rel="skos:inScheme"/>
        </concept>
        <concept id="spbkbstatthree-pointers-made">
            <conceptId qcode="spbkbstat:three-pointers-made" created="2016-05-02T00:00:00+00:00"/>
            <type qcode="cpnat:abstract"/>
            <related qcode="spct:offense" rel="skos:broader"/>
            <name xml:lang="en-US">three-pointers-made</name>
            <name xml:lang="en-GB">three-pointers-made</name>
            <definition xml:lang="en-GB">Shots made that were worth three points each.</definition>
            <related uri="http://cv.iptc.org/newscodes/spbkbstat/" rel="skos:inScheme"/>
        </concept>
        <concept id="spbkbstatthree-pointers-attempted">
            <conceptId qcode="spbkbstat:three-pointers-attempted" created="2016-05-02T00:00:00+00:00"/>
            <type qcode="cpnat:abstract"/>
            <related qcode="spct:offense" rel="skos:broader"/>
            <name xml:lang="en-US">three-pointers-attempted</name>
            <name xml:lang="en-GB">three-pointers-attempted</name>
            <definition xml:lang="en-GB">Three-point shots that were attempted.</definition>
            <related uri="http://cv.iptc.org/newscodes/spbkbstat/" rel="skos:inScheme"/>
        </concept>
        <concept id="spbkbstatthree-pointers-percentage">
            <conceptId qcode="spbkbstat:three-pointers-percentage" created="2016-05-02T00:00:00+00:00"/>
            <type qcode="cpnat:abstract"/>
            <related qcode="spct:offense" rel="skos:broader"/>
            <name xml:lang="en-US">three-pointers-percentage</name>
            <name xml:lang="en-GB">three-pointers-percentage</name>
            <definition xml:lang="en-GB">Three-pointers made versus attempted. This could be calculated.</definition>
            <related uri="http://cv.iptc.org/newscodes/spbkbstat/" rel="skos:inScheme"/>
        </concept>
        <concept id="spbkbstatthree-pointers-per-game">
            <conceptId qcode="spbkbstat:three-pointers-per-game" created="2016-05-02T00:00:00+00:00"/>
            <type qcode="cpnat:abstract"/>
            <related qcode="spct:offense" rel="skos:broader"/>
            <name xml:lang="en-US">three-pointers-per-game</name>
            <name xml:lang="en-GB">three-pointers-per-game</name>
            <definition xml:lang="en-GB">Average number of three-pointers made per game.</definition>
            <related uri="http://cv.iptc.org/newscodes/spbkbstat/" rel="skos:inScheme"/>
        </concept>
        <concept id="spbkbstatthree-pointers-attempted-per-game">
            <conceptId qcode="spbkbstat:three-pointers-attempted-per-game" created="2016-05-02T00:00:00+00:00"/>
            <type qcode="cpnat:abstract"/>
            <related qcode="spct:offense" rel="skos:broader"/>
            <name xml:lang="en-US">three-pointers-attempted-per-game</name>
            <name xml:lang="en-GB">three-pointers-attempted-per-game</name>
            <definition xml:lang="en-GB">Average number of three-pointers attempted per game.</definition>
            <related uri="http://cv.iptc.org/newscodes/spbkbstat/" rel="skos:inScheme"/>
        </concept>
        <concept id="spbkbstatfree-throws-made">
            <conceptId qcode="spbkbstat:free-throws-made" created="2016-05-02T00:00:00+00:00"/>
            <type qcode="cpnat:abstract"/>
            <related qcode="spct:offense" rel="skos:broader"/>
            <name xml:lang="en-US">free-throws-made</name>
            <name xml:lang="en-GB">free-throws-made</name>
            <definition xml:lang="en-GB">Shots made that were worth one point each.</definition>
            <related uri="http://cv.iptc.org/newscodes/spbkbstat/" rel="skos:inScheme"/>
        </concept>
        <concept id="spbkbstatfree-throws-attempted">
            <conceptId qcode="spbkbstat:free-throws-attempted" created="2016-05-02T00:00:00+00:00"/>
            <type qcode="cpnat:abstract"/>
            <related qcode="spct:offense" rel="skos:broader"/>
            <name xml:lang="en-US">free-throws-attempted</name>
            <name xml:lang="en-GB">free-throws-attempted</name>
            <definition xml:lang="en-GB">One-point shots that were attempted.</definition>
            <related uri="http://cv.iptc.org/newscodes/spbkbstat/" rel="skos:inScheme"/>
        </concept>
        <concept id="spbkbstatfree-throws-percentage">
            <conceptId qcode="spbkbstat:free-throws-percentage" created="2016-05-02T00:00:00+00:00"/>
            <type qcode="cpnat:abstract"/>
            <related qcode="spct:offense" rel="skos:broader"/>
            <name xml:lang="en-US">free-throws-percentage</name>
            <name xml:lang="en-GB">free-throws-percentage</name>
            <definition xml:lang="en-GB">Free throws made versus attempted.</definition>
            <related uri="http://cv.iptc.org/newscodes/spbkbstat/" rel="skos:inScheme"/>
        </concept>
        <concept id="spbkbstatfree-throws-per-game">
            <conceptId qcode="spbkbstat:free-throws-per-game" created="2016-05-02T00:00:00+00:00"/>
            <type qcode="cpnat:abstract"/>
            <related qcode="spct:offense" rel="skos:broader"/>
            <name xml:lang="en-US">free-throws-per-game</name>
            <name xml:lang="en-GB">free-throws-per-game</name>
            <definition xml:lang="en-GB">Average number of free throws made per game.</definition>
            <related uri="http://cv.iptc.org/newscodes/spbkbstat/" rel="skos:inScheme"/>
        </concept>
        <concept id="spbkbstatfree-throws-attempted-per-game">
            <conceptId qcode="spbkbstat:free-throws-attempted-per-game" created="2016-05-02T00:00:00+00:00"/>
            <type qcode="cpnat:abstract"/>
            <related qcode="spct:offense" rel="skos:broader"/>
            <name xml:lang="en-US">free-throws-attempted-per-game</name>
            <name xml:lang="en-GB">free-throws-attempted-per-game</name>
            <definition xml:lang="en-GB">Average number of free throws attempted per game.</definition>
            <related uri="http://cv.iptc.org/newscodes/spbkbstat/" rel="skos:inScheme"/>
        </concept>
        <concept id="spbkbstatpoints-scored-total">
            <conceptId qcode="spbkbstat:points-scored-total" created="2016-05-02T00:00:00+00:00"/>
            <type qcode="cpnat:abstract"/>
            <related qcode="spct:offense" rel="skos:broader"/>
            <name xml:lang="en-US">points-scored-total</name>
            <name xml:lang="en-GB">points-scored-total</name>
            <definition xml:lang="en-GB">Total number of points scored, over.</definition>
            <related uri="http://cv.iptc.org/newscodes/spbkbstat/" rel="skos:inScheme"/>
        </concept>
        <concept id="spbkbstatpoints-scored-per-game">
            <conceptId qcode="spbkbstat:points-scored-per-game" created="2016-05-02T00:00:00+00:00"/>
            <type qcode="cpnat:abstract"/>
            <related qcode="spct:offense" rel="skos:broader"/>
            <name xml:lang="en-US">points-scored-per-game</name>
            <name xml:lang="en-GB">points-scored-per-game</name>
            <definition xml:lang="en-GB">Average number of points scored in games played.</definition>
            <related uri="http://cv.iptc.org/newscodes/spbkbstat/" rel="skos:inScheme"/>
        </concept>
        <concept id="spbkbstatpoints-scored-per-game-highest">
            <conceptId qcode="spbkbstat:points-scored-per-game-highest" created="2016-05-02T00:00:00+00:00"/>
            <type qcode="cpnat:abstract"/>
            <related qcode="spct:offense" rel="skos:broader"/>
            <name xml:lang="en-US">points-scored-per-game-highest</name>
            <name xml:lang="en-GB">points-scored-per-game-highest</name>
            <definition xml:lang="en-GB">Highest number of points scored in one game played.</definition>
            <related uri="http://cv.iptc.org/newscodes/spbkbstat/" rel="skos:inScheme"/>
        </concept>
        <concept id="spbkbstatpoints-scored-per-shot">
            <conceptId qcode="spbkbstat:points-scored-per-shot" created="2016-05-02T00:00:00+00:00"/>
            <type qcode="cpnat:abstract"/>
            <related qcode="spct:offense" rel="skos:broader"/>
            <name xml:lang="en-US">points-scored-per-shot</name>
            <name xml:lang="en-GB">points-scored-per-shot</name>
            <definition xml:lang="en-GB">Calculated by dividing points-scored-total by
                field-goals-attempted.</definition>
            <related uri="http://cv.iptc.org/newscodes/spbkbstat/" rel="skos:inScheme"/>
        </concept>
        <concept id="spbkbstatassists-total">
            <conceptId qcode="spbkbstat:assists-total" created="2016-05-02T00:00:00+00:00"/>
            <type qcode="cpnat:abstract"/>
            <related qcode="spct:offense" rel="skos:broader"/>
            <name xml:lang="en-US">assists-total</name>
            <name xml:lang="en-GB">assists-total</name>
            <definition xml:lang="en-GB">Total number of assists.</definition>
            <related uri="http://cv.iptc.org/newscodes/spbkbstat/" rel="skos:inScheme"/>
        </concept>
        <concept id="spbkbstatassists-per-game">
            <conceptId qcode="spbkbstat:assists-per-game" created="2016-05-02T00:00:00+00:00"/>
            <type qcode="cpnat:abstract"/>
            <related qcode="spct:offense" rel="skos:broader"/>
            <name xml:lang="en-US">assists-per-game</name>
            <name xml:lang="en-GB">assists-per-game</name>
            <definition xml:lang="en-GB">Total number of assists per games played.</definition>
            <related uri="http://cv.iptc.org/newscodes/spbkbstat/" rel="skos:inScheme"/>
        </concept>
        <concept id="spbkbstatturnovers-total">
            <conceptId qcode="spbkbstat:turnovers-total" created="2016-05-02T00:00:00+00:00"/>
            <type qcode="cpnat:abstract"/>
            <related qcode="spct:offense" rel="skos:broader"/>
            <name xml:lang="en-US">turnovers-total</name>
            <name xml:lang="en-GB">turnovers-total</name>
            <definition xml:lang="en-GB">Total number of turnovers.</definition>
            <related uri="http://cv.iptc.org/newscodes/spbkbstat/" rel="skos:inScheme"/>
        </concept>
        <concept id="spbkbstatturnovers-per-game">
            <conceptId qcode="spbkbstat:turnovers-per-game" created="2016-05-02T00:00:00+00:00"/>
            <type qcode="cpnat:abstract"/>
            <related qcode="spct:offense" rel="skos:broader"/>
            <name xml:lang="en-US">turnovers-per-game</name>
            <name xml:lang="en-GB">turnovers-per-game</name>
            <definition xml:lang="en-GB">Average number of turnovers per game.</definition>
            <related uri="http://cv.iptc.org/newscodes/spbkbstat/" rel="skos:inScheme"/>
        </concept>
        <concept id="spbkbstatteam-turnovers-total">
            <conceptId qcode="spbkbstat:team-turnovers-total" created="2016-05-02T00:00:00+00:00"/>
            <type qcode="cpnat:abstract"/>
            <related qcode="spct:offense" rel="skos:broader"/>
            <name xml:lang="en-US">team-turnovers-total</name>
            <name xml:lang="en-GB">team-turnovers-total</name>
            <definition xml:lang="en-GB">Total number of team turnovers.</definition>
            <related uri="http://cv.iptc.org/newscodes/spbkbstat/" rel="skos:inScheme"/>
        </concept>
        <concept id="spbkbstatteam-turnovers-per-game">
            <conceptId qcode="spbkbstat:team-turnovers-per-game" created="2016-05-02T00:00:00+00:00"/>
            <type qcode="cpnat:abstract"/>
            <related qcode="spct:offense" rel="skos:broader"/>
            <name xml:lang="en-US">team-turnovers-per-game</name>
            <name xml:lang="en-GB">team-turnovers-per-game</name>
            <definition xml:lang="en-GB">Average number of team turnovers per game.</definition>
            <related uri="http://cv.iptc.org/newscodes/spbkbstat/" rel="skos:inScheme"/>
        </concept>
        <concept id="spbkbstatpoints-scored-off-turnovers">
            <conceptId qcode="spbkbstat:points-scored-off-turnovers" created="2016-05-02T00:00:00+00:00"/>
            <type qcode="cpnat:abstract"/>
            <related qcode="spct:offense" rel="skos:broader"/>
            <name xml:lang="en-US">points-scored-off-turnovers</name>
            <name xml:lang="en-GB">points-scored-off-turnovers</name>
            <definition xml:lang="en-GB">Total number of points scored off turnovers.</definition>
            <related uri="http://cv.iptc.org/newscodes/spbkbstat/" rel="skos:inScheme"/>
        </concept>
        <concept id="spbkbstatpoints-scored-in-paint">
            <conceptId qcode="spbkbstat:points-scored-in-paint" created="2016-05-02T00:00:00+00:00"/>
            <type qcode="cpnat:abstract"/>
            <related qcode="spct:offense" rel="skos:broader"/>
            <name xml:lang="en-US">points-scored-in-paint</name>
            <name xml:lang="en-GB">points-scored-in-paint</name>
            <definition xml:lang="en-GB">Total number of points scored from within the painted area surrounding the
                basket.</definition>
            <related uri="http://cv.iptc.org/newscodes/spbkbstat/" rel="skos:inScheme"/>
        </concept>
        <concept id="spbkbstatpoints-scored-on-second-chance">
            <conceptId qcode="spbkbstat:points-scored-on-second-chance" created="2016-05-02T00:00:00+00:00"/>
            <type qcode="cpnat:abstract"/>
            <related qcode="spct:offense" rel="skos:broader"/>
            <name xml:lang="en-US">points-scored-on-second-chance</name>
            <name xml:lang="en-GB">points-scored-on-second-chance</name>
            <definition xml:lang="en-GB">Total number of points scored after fielding an offensive
                rebound.</definition>
            <related uri="http://cv.iptc.org/newscodes/spbkbstat/" rel="skos:inScheme"/>
        </concept>
        <concept id="spbkbstatpoints-scored-on-fast-break">
            <conceptId qcode="spbkbstat:points-scored-on-fast-break" created="2016-05-02T00:00:00+00:00"/>
            <type qcode="cpnat:abstract"/>
            <related qcode="spct:offense" rel="skos:broader"/>
            <name xml:lang="en-US">points-scored-on-fast-break</name>
            <name xml:lang="en-GB">points-scored-on-fast-break</name>
            <definition xml:lang="en-GB">Total number of points scored off a fast break.</definition>
            <related uri="http://cv.iptc.org/newscodes/spbkbstat/" rel="skos:inScheme"/>
        </concept>
        <concept id="spbkbstatrebounds-total">
            <conceptId qcode="spbkbstat:rebounds-total" created="2016-05-02T00:00:00+00:00"/>
            <type qcode="cpnat:abstract"/>
            <related qcode="spct:rebounding" rel="skos:broader"/>
            <name xml:lang="en-US">rebounds-total</name>
            <name xml:lang="en-GB">rebounds-total</name>
            <definition xml:lang="en-GB">The sum of all rebounds that were credited to particular
                players.</definition>
            <related uri="http://cv.iptc.org/newscodes/spbkbstat/" rel="skos:inScheme"/>
        </concept>
        <concept id="spbkbstatrebounds-total-percentage">
            <conceptId qcode="spbkbstat:rebounds-total-percentage" created="2016-05-02T00:00:00+00:00"/>
            <type qcode="cpnat:abstract"/>
            <related qcode="spct:rebounding" rel="skos:broader"/>
            <name xml:lang="en-US">rebounds-total-percentage</name>
            <name xml:lang="en-GB">rebounds-total-percentage</name>
            <definition xml:lang="en-GB">The percentage of rebounds total compared to total number of
                attempts.</definition>
            <related uri="http://cv.iptc.org/newscodes/spbkbstat/" rel="skos:inScheme"/>
        </concept>
        <concept id="spbkbstatrebounds-defensive">
            <conceptId qcode="spbkbstat:rebounds-defensive" created="2016-05-02T00:00:00+00:00"/>
            <type qcode="cpnat:abstract"/>
            <related qcode="spct:rebounding" rel="skos:broader"/>
            <name xml:lang="en-US">rebounds-defensive</name>
            <name xml:lang="en-GB">rebounds-defensive</name>
            <definition xml:lang="en-GB">The sum of all defensive rebounds credited to particular players. A
                defensive rebound occurs when the team is in defence but gains possession through a
                rebound.</definition>
            <related uri="http://cv.iptc.org/newscodes/spbkbstat/" rel="skos:inScheme"/>
        </concept>
        <concept id="spbkbstatrebounds-opponent-defensive">
            <conceptId qcode="spbkbstat:rebounds-opponent-defensive" created="2016-05-02T00:00:00+00:00"/>
            <type qcode="cpnat:abstract"/>
            <related qcode="spct:rebounding" rel="skos:broader"/>
            <name xml:lang="en-US">rebounds-opponent-defensive</name>
            <name xml:lang="en-GB">rebounds-opponent-defensive</name>
            <definition xml:lang="en-GB">The total defensive rebounds by the opposing team or player.</definition>
            <related uri="http://cv.iptc.org/newscodes/spbkbstat/" rel="skos:inScheme"/>
        </concept>
        <concept id="spbkbstatrebounds-defensive-percentage">
            <conceptId qcode="spbkbstat:rebounds-defensive-percentage" created="2016-05-02T00:00:00+00:00"/>
            <type qcode="cpnat:abstract"/>
            <related qcode="spct:rebounding" rel="skos:broader"/>
            <name xml:lang="en-US">rebounds-defensive-percentage</name>
            <name xml:lang="en-GB">rebounds-defensive-percentage</name>
            <definition xml:lang="en-GB">The percentage of defensive rebounds.</definition>
            <related uri="http://cv.iptc.org/newscodes/spbkbstat/" rel="skos:inScheme"/>
        </concept>
        <concept id="spbkbstatrebounds-offensive">
            <conceptId qcode="spbkbstat:rebounds-offensive" created="2016-05-02T00:00:00+00:00"/>
            <type qcode="cpnat:abstract"/>
            <related qcode="spct:rebounding" rel="skos:broader"/>
            <name xml:lang="en-US">rebounds-offensive</name>
            <name xml:lang="en-GB">rebounds-offensive</name>
            <definition xml:lang="en-GB">The sum of all offensive rebounds credited to particular player. An
                offensive rebound is when the team keep possession of the ball through a
                rebound.</definition>
            <related uri="http://cv.iptc.org/newscodes/spbkbstat/" rel="skos:inScheme"/>
        </concept>
        <concept id="spbkbstatrebounds-offensive-percentage">
            <conceptId qcode="spbkbstat:rebounds-offensive-percentage" created="2016-05-02T00:00:00+00:00"/>
            <type qcode="cpnat:abstract"/>
            <related qcode="spct:rebounding" rel="skos:broader"/>
            <name xml:lang="en-US">rebounds-offensive-percentage</name>
            <name xml:lang="en-GB">rebounds-offensive-percentage</name>
            <definition xml:lang="en-GB">The percentage of offensive rebounds.</definition>
            <related uri="http://cv.iptc.org/newscodes/spbkbstat/" rel="skos:inScheme"/>
        </concept>
        <concept id="spbkbstatrebounds-opponent-offensive">
            <conceptId qcode="spbkbstat:rebounds-opponent-offensive" created="2016-05-02T00:00:00+00:00"/>
            <type qcode="cpnat:abstract"/>
            <related qcode="spct:rebounding" rel="skos:broader"/>
            <name xml:lang="en-US">rebounds-opponent-offensive</name>
            <name xml:lang="en-GB">rebounds-opponent-offensive</name>
            <definition xml:lang="en-GB">The total offensive rebounds by the opposing team or player.</definition>
            <related uri="http://cv.iptc.org/newscodes/spbkbstat/" rel="skos:inScheme"/>
        </concept>
        <concept id="spbkbstatteam-rebounds-total">
            <conceptId qcode="spbkbstat:team-rebounds-total" created="2016-05-02T00:00:00+00:00"/>
            <type qcode="cpnat:abstract"/>
            <related qcode="spct:rebounding" rel="skos:broader"/>
            <name xml:lang="en-US">team-rebounds-total</name>
            <name xml:lang="en-GB">team-rebounds-total</name>
            <definition xml:lang="en-GB">The number of rebounds that did not credited to individual players, but were
                instead credited to the team as a whole.</definition>
            <related uri="http://cv.iptc.org/newscodes/spbkbstat/" rel="skos:inScheme"/>
        </concept>
        <concept id="spbkbstatteam-rebounds-total-percentage">
            <conceptId qcode="spbkbstat:team-rebounds-total-percentage" created="2016-05-02T00:00:00+00:00"/>
            <type qcode="cpnat:abstract"/>
            <related qcode="spct:rebounding" rel="skos:broader"/>
            <name xml:lang="en-US">team-rebounds-total-percentage</name>
            <name xml:lang="en-GB">team-rebounds-total-percentage</name>
            <definition xml:lang="en-GB">Percentage of team rebounds.</definition>
            <related uri="http://cv.iptc.org/newscodes/spbkbstat/" rel="skos:inScheme"/>
        </concept>
        <concept id="spbkbstatteam-rebounds-defensive">
            <conceptId qcode="spbkbstat:team-rebounds-defensive" created="2016-05-02T00:00:00+00:00"/>
            <type qcode="cpnat:abstract"/>
            <related qcode="spct:rebounding" rel="skos:broader"/>
            <name xml:lang="en-US">team-rebounds-defensive</name>
            <name xml:lang="en-GB">team-rebounds-defensive</name>
            <definition xml:lang="en-GB">The sum of all defensive rebounds credited to the team as a
                whole.</definition>
            <related uri="http://cv.iptc.org/newscodes/spbkbstat/" rel="skos:inScheme"/>
        </concept>
        <concept id="spbkbstatteam-rebounds-defensive-percentage">
            <conceptId qcode="spbkbstat:team-rebounds-defensive-percentage" created="2016-05-02T00:00:00+00:00"/>
            <type qcode="cpnat:abstract"/>
            <related qcode="spct:rebounding" rel="skos:broader"/>
            <name xml:lang="en-US">team-rebounds-defensive-percentage</name>
            <name xml:lang="en-GB">team-rebounds-defensive-percentage</name>
            <definition xml:lang="en-GB">The percentage of defensive rebounds credited to the team.</definition>
            <related uri="http://cv.iptc.org/newscodes/spbkbstat/" rel="skos:inScheme"/>
        </concept>
        <concept id="spbkbstatteam-rebounds-offensive">
            <conceptId qcode="spbkbstat:team-rebounds-offensive" created="2016-05-02T00:00:00+00:00"/>
            <type qcode="cpnat:abstract"/>
            <related qcode="spct:rebounding" rel="skos:broader"/>
            <name xml:lang="en-US">team-rebounds-offensive</name>
            <name xml:lang="en-GB">team-rebounds-offensive</name>
            <definition xml:lang="en-GB">The sum of all offensive rebounds credited to the team as a
                whol.</definition>
            <related uri="http://cv.iptc.org/newscodes/spbkbstat/" rel="skos:inScheme"/>
        </concept>
        <concept id="spbkbstatteam-rebounds-offensive-percentage">
            <conceptId qcode="spbkbstat:team-rebounds-offensive-percentage" created="2016-05-02T00:00:00+00:00"/>
            <type qcode="cpnat:abstract"/>
            <related qcode="spct:rebounding" rel="skos:broader"/>
            <name xml:lang="en-US">team-rebounds-offensive-percentage</name>
            <name xml:lang="en-GB">team-rebounds-offensive-percentage</name>
            <definition xml:lang="en-GB">The percentage of offensive rebounds credited to the team.</definition>
            <related uri="http://cv.iptc.org/newscodes/spbkbstat/" rel="skos:inScheme"/>
        </concept>
        <concept id="spbkbstatteam-rebounds-opponent-defensive">
            <conceptId qcode="spbkbstat:team-rebounds-opponent-defensive" created="2016-05-02T00:00:00+00:00"/>
            <type qcode="cpnat:abstract"/>
            <related qcode="spct:rebounding" rel="skos:broader"/>
            <name xml:lang="en-US">team-rebounds-opponent-defensive</name>
            <name xml:lang="en-GB">team-rebounds-opponent-defensive</name>
            <definition xml:lang="en-GB">The total defensive team rebounds by the opposing team or
                player.</definition>
            <related uri="http://cv.iptc.org/newscodes/spbkbstat/" rel="skos:inScheme"/>
        </concept>
        <concept id="spbkbstatteam-rebounds-opponent-offensive">
            <conceptId qcode="spbkbstat:team-rebounds-opponent-offensive" created="2016-05-02T00:00:00+00:00"/>
            <type qcode="cpnat:abstract"/>
            <related qcode="spct:rebounding" rel="skos:broader"/>
            <name xml:lang="en-US">team-rebounds-opponent-offensive</name>
            <name xml:lang="en-GB">team-rebounds-opponent-offensive</name>
            <definition xml:lang="en-GB">The total offensive team rebounds by the opposing team or
                player.</definition>
            <related uri="http://cv.iptc.org/newscodes/spbkbstat/" rel="skos:inScheme"/>
        </concept>
        <concept id="spbkbstatrebounds-per-game">
            <conceptId qcode="spbkbstat:rebounds-per-game" created="2016-05-02T00:00:00+00:00"/>
            <type qcode="cpnat:abstract"/>
            <related qcode="spct:rebounding" rel="skos:broader"/>
            <name xml:lang="en-US">rebounds-per-game</name>
            <name xml:lang="en-GB">rebounds-per-game</name>
            <definition xml:lang="en-GB">The average number of personal rebounds per game.</definition>
            <related uri="http://cv.iptc.org/newscodes/spbkbstat/" rel="skos:inScheme"/>
        </concept>
        <concept id="spbkbstatteam-rebounds-per-game">
            <conceptId qcode="spbkbstat:team-rebounds-per-game" created="2016-05-02T00:00:00+00:00"/>
            <type qcode="cpnat:abstract"/>
            <related qcode="spct:rebounding" rel="skos:broader"/>
            <name xml:lang="en-US">team-rebounds-per-game</name>
            <name xml:lang="en-GB">team-rebounds-per-game</name>
            <definition xml:lang="en-GB">The average number of team rebounds per game.</definition>
            <related uri="http://cv.iptc.org/newscodes/spbkbstat/" rel="skos:inScheme"/>
        </concept>
        <concept id="spbkbstatrebounds-offensive-per-game">
            <conceptId qcode="spbkbstat:rebounds-offensive-per-game" created="2016-05-02T00:00:00+00:00"/>
            <type qcode="cpnat:abstract"/>
            <related qcode="spct:rebounding" rel="skos:broader"/>
            <name xml:lang="en-US">rebounds-offensive-per-game</name>
            <name xml:lang="en-GB">rebounds-offensive-per-game</name>
            <definition xml:lang="en-GB">The average number of offensive personal rebounds per game.</definition>
            <related uri="http://cv.iptc.org/newscodes/spbkbstat/" rel="skos:inScheme"/>
        </concept>
        <concept id="spbkbstatrebounds-defensive-per-game">
            <conceptId qcode="spbkbstat:rebounds-defensive-per-game" created="2016-05-02T00:00:00+00:00"/>
            <type qcode="cpnat:abstract"/>
            <related qcode="spct:rebounding" rel="skos:broader"/>
            <name xml:lang="en-US">rebounds-defensive-per-game</name>
            <name xml:lang="en-GB">rebounds-defensive-per-game</name>
            <definition xml:lang="en-GB">The average numer of defensive personal rebounds per game.</definition>
            <related uri="http://cv.iptc.org/newscodes/spbkbstat/" rel="skos:inScheme"/>
        </concept>
        <concept id="spbkbstatrebounds-differential">
            <conceptId qcode="spbkbstat:rebounds-differential" created="2016-05-02T00:00:00+00:00"/>
            <type qcode="cpnat:abstract"/>
            <related qcode="spct:rebounding" rel="skos:broader"/>
            <name xml:lang="en-US">rebounds-differential</name>
            <name xml:lang="en-GB">rebounds-differential</name>
            <definition xml:lang="en-GB">The differential between the total number of rebounds from this team
                compared to the opposing team.</definition>
            <related uri="http://cv.iptc.org/newscodes/spbkbstat/" rel="skos:inScheme"/>
        </concept>
        <concept id="spbkbstatrebounds-opponent-total">
            <conceptId qcode="spbkbstat:rebounds-opponent-total" created="2016-05-02T00:00:00+00:00"/>
            <type qcode="cpnat:abstract"/>
            <related qcode="spct:rebounding" rel="skos:broader"/>
            <name xml:lang="en-US">rebounds-opponent-total</name>
            <name xml:lang="en-GB">rebounds-opponent-total</name>
            <definition xml:lang="en-GB">The total number of rebounds (ofensive and defensive) by the opposing team
                or player.</definition>
            <related uri="http://cv.iptc.org/newscodes/spbkbstat/" rel="skos:inScheme"/>
        </concept>
        <concept id="spbkbstatteam-rebounds-opponent-total">
            <conceptId qcode="spbkbstat:team-rebounds-opponent-total" created="2016-05-02T00:00:00+00:00"/>
            <type qcode="cpnat:abstract"/>
            <related qcode="spct:rebounding" rel="skos:broader"/>
            <name xml:lang="en-US">team-rebounds-opponent-total</name>
            <name xml:lang="en-GB">team-rebounds-opponent-total</name>
            <definition xml:lang="en-GB">The total number of rebounds (ofensive and defensive) by the opponent which
                are credited to the team.</definition>
            <related uri="http://cv.iptc.org/newscodes/spbkbstat/" rel="skos:inScheme"/>
        </concept>
        <concept id="spbkbstatsteals-total">
            <conceptId qcode="spbkbstat:steals-total" created="2016-05-02T00:00:00+00:00"/>
            <type qcode="cpnat:abstract"/>
            <related qcode="spct:defense" rel="skos:broader"/>
            <name xml:lang="en-US">steals-total</name>
            <name xml:lang="en-GB">steals-total</name>
            <definition xml:lang="en-GB">Total number of steals.</definition>
            <related uri="http://cv.iptc.org/newscodes/spbkbstat/" rel="skos:inScheme"/>
        </concept>
        <concept id="spbkbstatsteals-per-game">
            <conceptId qcode="spbkbstat:steals-per-game" created="2016-05-02T00:00:00+00:00"/>
            <type qcode="cpnat:abstract"/>
            <related qcode="spct:defense" rel="skos:broader"/>
            <name xml:lang="en-US">steals-per-game</name>
            <name xml:lang="en-GB">steals-per-game</name>
            <definition xml:lang="en-GB">Average number of steals per game.</definition>
            <related uri="http://cv.iptc.org/newscodes/spbkbstat/" rel="skos:inScheme"/>
        </concept>
        <concept id="spbkbstatsteals-opponent">
            <conceptId qcode="spbkbstat:steals-opponent" created="2016-05-02T00:00:00+00:00"/>
            <type qcode="cpnat:abstract"/>
            <related qcode="spct:defense" rel="skos:broader"/>
            <name xml:lang="en-US">steals-opponent</name>
            <name xml:lang="en-GB">steals-opponent</name>
            <definition xml:lang="en-GB">Total number of steals-against by opponent.</definition>
            <related uri="http://cv.iptc.org/newscodes/spbkbstat/" rel="skos:inScheme"/>
        </concept>
        <concept id="spbkbstatsteals-differential">
            <conceptId qcode="spbkbstat:steals-differential" created="2016-05-02T00:00:00+00:00"/>
            <type qcode="cpnat:abstract"/>
            <related qcode="spct:defense" rel="skos:broader"/>
            <name xml:lang="en-US">steals-differential</name>
            <name xml:lang="en-GB">steals-differential</name>
            <definition xml:lang="en-GB">The number of steals made by this team compared to steals made by the other
                team.</definition>
            <related uri="http://cv.iptc.org/newscodes/spbkbstat/" rel="skos:inScheme"/>
        </concept>
        <concept id="spbkbstatblocks-total">
            <conceptId qcode="spbkbstat:blocks-total" created="2016-05-02T00:00:00+00:00"/>
            <type qcode="cpnat:abstract"/>
            <related qcode="spct:defense" rel="skos:broader"/>
            <name xml:lang="en-US">blocks-total</name>
            <name xml:lang="en-GB">blocks-total</name>
            <definition xml:lang="en-GB">Total number of blocks.</definition>
            <related uri="http://cv.iptc.org/newscodes/spbkbstat/" rel="skos:inScheme"/>
        </concept>
        <concept id="spbkbstatblocks-per-game">
            <conceptId qcode="spbkbstat:blocks-per-game" created="2016-05-02T00:00:00+00:00"/>
            <type qcode="cpnat:abstract"/>
            <related qcode="spct:defense" rel="skos:broader"/>
            <name xml:lang="en-US">blocks-per-game</name>
            <name xml:lang="en-GB">blocks-per-game</name>
            <definition xml:lang="en-GB">Average number of blocks per game.</definition>
            <related uri="http://cv.iptc.org/newscodes/spbkbstat/" rel="skos:inScheme"/>
        </concept>
        <concept id="spbkbstatblocks-opponent">
            <conceptId qcode="spbkbstat:blocks-opponent" created="2016-05-02T00:00:00+00:00"/>
            <type qcode="cpnat:abstract"/>
            <related qcode="spct:defense" rel="skos:broader"/>
            <name xml:lang="en-US">blocks-opponent</name>
            <name xml:lang="en-GB">blocks-opponent</name>
            <definition xml:lang="en-GB">Total number of blocks-against by opponent.</definition>
            <related uri="http://cv.iptc.org/newscodes/spbkbstat/" rel="skos:inScheme"/>
        </concept>
        <concept id="spbkbstatblocks-differential">
            <conceptId qcode="spbkbstat:blocks-differential" created="2016-05-02T00:00:00+00:00"/>
            <type qcode="cpnat:abstract"/>
            <related qcode="spct:defense" rel="skos:broader"/>
            <name xml:lang="en-US">blocks-differential</name>
            <name xml:lang="en-GB">blocks-differential</name>
            <definition xml:lang="en-GB">Total number of blocks made by this team compared to blocks made by the
                other team.</definition>
            <related uri="http://cv.iptc.org/newscodes/spbkbstat/" rel="skos:inScheme"/>
        </concept>
        <concept id="spbkbstatpoints-scored-against-per-game">
            <conceptId qcode="spbkbstat:points-scored-against-per-game" created="2016-05-02T00:00:00+00:00"/>
            <type qcode="cpnat:abstract"/>
            <related qcode="spct:defense" rel="skos:broader"/>
            <name xml:lang="en-US">points-scored-against-per-game</name>
            <name xml:lang="en-GB">points-scored-against-per-game</name>
            <definition xml:lang="en-GB">Average of points scored against per game.</definition>
            <related uri="http://cv.iptc.org/newscodes/spbkbstat/" rel="skos:inScheme"/>
        </concept>
        <concept id="spbkbstatpoints-scored-against-per-game-highest">
            <conceptId qcode="spbkbstat:points-scored-against-per-game-highest" created="2016-05-02T00:00:00+00:00"/>
            <type qcode="cpnat:abstract"/>
            <related qcode="spct:defense" rel="skos:broader"/>
            <name xml:lang="en-US">points-scored-against-per-game-highest</name>
            <name xml:lang="en-GB">points-scored-against-per-game-highest</name>
            <definition xml:lang="en-GB">Highest number of points scored against in one game played.</definition>
            <related uri="http://cv.iptc.org/newscodes/spbkbstat/" rel="skos:inScheme"/>
        </concept>
        <concept id="spbkbstatfield-goals-against-per-game">
            <conceptId qcode="spbkbstat:field-goals-against-per-game" created="2016-05-02T00:00:00+00:00"/>
            <type qcode="cpnat:abstract"/>
            <related qcode="spct:defense" rel="skos:broader"/>
            <name xml:lang="en-US">field-goals-against-per-game</name>
            <name xml:lang="en-GB">field-goals-against-per-game</name>
            <definition xml:lang="en-GB">The average number of field goals scored agains per game.</definition>
            <related uri="http://cv.iptc.org/newscodes/spbkbstat/" rel="skos:inScheme"/>
        </concept>
        <concept id="spbkbstatfield-goals-against-percentage">
            <conceptId qcode="spbkbstat:field-goals-against-percentage" created="2016-05-02T00:00:00+00:00"/>
            <type qcode="cpnat:abstract"/>
            <related qcode="spct:defense" rel="skos:broader"/>
            <name xml:lang="en-US">field-goals-against-percentage</name>
            <name xml:lang="en-GB">field-goals-against-percentage</name>
            <definition xml:lang="en-GB">The percentage of field goals scored against.</definition>
            <related uri="http://cv.iptc.org/newscodes/spbkbstat/" rel="skos:inScheme"/>
        </concept>
        <concept id="spbkbstatcharges-taken">
            <conceptId qcode="spbkbstat:charges-taken" created="2016-05-02T00:00:00+00:00"/>
            <type qcode="cpnat:abstract"/>
            <related qcode="spct:defense" rel="skos:broader"/>
            <name xml:lang="en-US">charges-taken</name>
            <name xml:lang="en-GB">charges-taken</name>
            <definition xml:lang="en-GB">Total number of charges taken. A charge is when the referee toss the ball
                and one player of each team try to give their team possession of the
                ball.</definition>
            <related uri="http://cv.iptc.org/newscodes/spbkbstat/" rel="skos:inScheme"/>
        </concept>
    </conceptSet>
    <schemeMeta uri="http://cv.iptc.org/newscodes/spbkbstat/" authority="http://www.iptc.org"
        preferredalias="spbkbstat">
        <definition xml:lang="en-GB">Vocabulary of statistics for Basketball</definition>
        <name xml:lang="en-US">Basketball Statistics</name>
            <name xml:lang="en-GB">Basketball Statistics</name>
        <related qcode="spbkbstat:minutes-played" rel="skos:hasTopConcept"/>
        <related qcode="spbkbstat:games-played" rel="skos:hasTopConcept"/>
        <related qcode="spbkbstat:games-started" rel="skos:hasTopConcept"/>
        <related qcode="spbkbstat:average-minutes-per-game" rel="skos:hasTopConcept"/>
        <related qcode="spbkbstat:personal-fouls-per-game" rel="skos:hasTopConcept"/>
        <related qcode="spbkbstat:double-doubles" rel="skos:hasTopConcept"/>
        <related qcode="spbkbstat:triple-doubles" rel="skos:hasTopConcept"/>
        <related qcode="spbkbstat:timeouts-left" rel="skos:hasTopConcept"/>
        <related qcode="spbkbstat:largest-lead" rel="skos:hasTopConcept"/>
        <related qcode="spbkbstat:fouls-total" rel="skos:hasTopConcept"/>
        <related qcode="spbkbstat:turnover-margin" rel="skos:hasTopConcept"/>
        <related qcode="spbkbstat:field-goals-made" rel="skos:hasTopConcept"/>
        <related qcode="spbkbstat:field-goals-attempted" rel="skos:hasTopConcept"/>
        <related qcode="spbkbstat:field-goals-percentage" rel="skos:hasTopConcept"/>
        <related qcode="spbkbstat:field-goals-per-game" rel="skos:hasTopConcept"/>
        <related qcode="spbkbstat:field-goals-attempted-per-game" rel="skos:hasTopConcept"/>
        <related qcode="spbkbstat:field-goals-percentage-adjusted" rel="skos:hasTopConcept"/>
        <related qcode="spbkbstat:three-pointers-made" rel="skos:hasTopConcept"/>
        <related qcode="spbkbstat:three-pointers-attempted" rel="skos:hasTopConcept"/>
        <related qcode="spbkbstat:three-pointers-percentage" rel="skos:hasTopConcept"/>
        <related qcode="spbkbstat:three-pointers-per-game" rel="skos:hasTopConcept"/>
        <related qcode="spbkbstat:three-pointers-attempted-per-game" rel="skos:hasTopConcept"/>
        <related qcode="spbkbstat:free-throws-made" rel="skos:hasTopConcept"/>
        <related qcode="spbkbstat:free-throws-attempted" rel="skos:hasTopConcept"/>
        <related qcode="spbkbstat:free-throws-percentage" rel="skos:hasTopConcept"/>
        <related qcode="spbkbstat:free-throws-per-game" rel="skos:hasTopConcept"/>
        <related qcode="spbkbstat:free-throws-attempted-per-game" rel="skos:hasTopConcept"/>
        <related qcode="spbkbstat:points-scored-total" rel="skos:hasTopConcept"/>
        <related qcode="spbkbstat:points-scored-per-game" rel="skos:hasTopConcept"/>
        <related qcode="spbkbstat:points-scored-per-game-highest" rel="skos:hasTopConcept"/>
        <related qcode="spbkbstat:points-scored-per-shot" rel="skos:hasTopConcept"/>
        <related qcode="spbkbstat:assists-total" rel="skos:hasTopConcept"/>
        <related qcode="spbkbstat:assists-per-game" rel="skos:hasTopConcept"/>
        <related qcode="spbkbstat:turnovers-total" rel="skos:hasTopConcept"/>
        <related qcode="spbkbstat:turnovers-per-game" rel="skos:hasTopConcept"/>
        <related qcode="spbkbstat:team-turnovers-total" rel="skos:hasTopConcept"/>
        <related qcode="spbkbstat:team-turnovers-per-game" rel="skos:hasTopConcept"/>
        <related qcode="spbkbstat:points-scored-off-turnovers" rel="skos:hasTopConcept"/>
        <related qcode="spbkbstat:points-scored-in-paint" rel="skos:hasTopConcept"/>
        <related qcode="spbkbstat:points-scored-on-second-chance" rel="skos:hasTopConcept"/>
        <related qcode="spbkbstat:points-scored-on-fast-break" rel="skos:hasTopConcept"/>
        <related qcode="spbkbstat:rebounds-total" rel="skos:hasTopConcept"/>
        <related qcode="spbkbstat:rebounds-total-percentage" rel="skos:hasTopConcept"/>
        <related qcode="spbkbstat:rebounds-defensive" rel="skos:hasTopConcept"/>
        <related qcode="spbkbstat:rebounds-opponent-defensive" rel="skos:hasTopConcept"/>
        <related qcode="spbkbstat:rebounds-defensive-percentage" rel="skos:hasTopConcept"/>
        <related qcode="spbkbstat:rebounds-offensive" rel="skos:hasTopConcept"/>
        <related qcode="spbkbstat:rebounds-offensive-percentage" rel="skos:hasTopConcept"/>
        <related qcode="spbkbstat:rebounds-opponent-offensive" rel="skos:hasTopConcept"/>
        <related qcode="spbkbstat:team-rebounds-total" rel="skos:hasTopConcept"/>
        <related qcode="spbkbstat:team-rebounds-total-percentage" rel="skos:hasTopConcept"/>
        <related qcode="spbkbstat:team-rebounds-defensive" rel="skos:hasTopConcept"/>
        <related qcode="spbkbstat:team-rebounds-defensive-percentage" rel="skos:hasTopConcept"/>
        <related qcode="spbkbstat:team-rebounds-offensive" rel="skos:hasTopConcept"/>
        <related qcode="spbkbstat:team-rebounds-offensive-percentage" rel="skos:hasTopConcept"/>
        <related qcode="spbkbstat:team-rebounds-opponent-defensive" rel="skos:hasTopConcept"/>
        <related qcode="spbkbstat:team-rebounds-opponent-offensive" rel="skos:hasTopConcept"/>
        <related qcode="spbkbstat:rebounds-per-game" rel="skos:hasTopConcept"/>
        <related qcode="spbkbstat:team-rebounds-per-game" rel="skos:hasTopConcept"/>
        <related qcode="spbkbstat:rebounds-offensive-per-game" rel="skos:hasTopConcept"/>
        <related qcode="spbkbstat:rebounds-defensive-per-game" rel="skos:hasTopConcept"/>
        <related qcode="spbkbstat:rebounds-differential" rel="skos:hasTopConcept"/>
        <related qcode="spbkbstat:rebounds-opponent-total" rel="skos:hasTopConcept"/>
        <related qcode="spbkbstat:team-rebounds-opponent-total" rel="skos:hasTopConcept"/>
        <related qcode="spbkbstat:steals-total" rel="skos:hasTopConcept"/>
        <related qcode="spbkbstat:steals-per-game" rel="skos:hasTopConcept"/>
        <related qcode="spbkbstat:steals-opponent" rel="skos:hasTopConcept"/>
        <related qcode="spbkbstat:steals-differential" rel="skos:hasTopConcept"/>
        <related qcode="spbkbstat:blocks-total" rel="skos:hasTopConcept"/>
        <related qcode="spbkbstat:blocks-per-game" rel="skos:hasTopConcept"/>
        <related qcode="spbkbstat:blocks-opponent" rel="skos:hasTopConcept"/>
        <related qcode="spbkbstat:blocks-differential" rel="skos:hasTopConcept"/>
        <related qcode="spbkbstat:points-scored-against-per-game" rel="skos:hasTopConcept"/>
        <related qcode="spbkbstat:points-scored-against-per-game-highest" rel="skos:hasTopConcept"/>
        <related qcode="spbkbstat:field-goals-against-per-game" rel="skos:hasTopConcept"/>
        <related qcode="spbkbstat:field-goals-against-percentage" rel="skos:hasTopConcept"/>
        <related qcode="spbkbstat:charges-taken" rel="skos:hasTopConcept"/>
        <schemeMetaExtProperty rel="ikos:availLang" value="en-US"/>
        <schemeMetaExtProperty rel="ikos:availLang" value="en-GB"/>
    </schemeMeta>
</knowledgeItem>
