<knowledgeItem xmlns="http://iptc.org/std/nar/2006-10-01/" standard="NewsML-G2"
    standardversion="2.18" conformance="power"
    guid="urn:newsml:iptc.org:20080229:srcncdki-spbkbscoreattempt" version="1">
    <catalogRef href="http://www.iptc.org/std/catalog/catalog.IPTC-G2-Standards_25.xml"/>
    <catalogRef href="http://www.iptc.org/std/catalog/catalog.IPTC-Sports_1.xml"/>
    <rightsInfo>
        <copyrightHolder uri="http://cv.iptc.org/newscodes/newsprovider/IPTC">
            <name>IPTC - International Press Telecommunications Council</name>
        </copyrightHolder>
        <copyrightNotice>Copyright 2016, IPTC, www.iptc.org, Rights Reserved</copyrightNotice>
        <usageTerms href="http://creativecommons.org/licenses/by/4.0/">the Creative Commons
            Attribution (CC BY) 4.0 license applies to all NewsCodes</usageTerms>
    </rightsInfo>
    <itemMeta>
        <itemClass qcode="cinat:scheme"/>
        <provider uri="http://cv.iptc.org/newscodes/newsprovider/IPTC">
            <name>IPTC</name>
        </provider>
        <versionCreated>2016-06-13T15:15:32-04:00</versionCreated>
        <pubStatus qcode="stat:usable"/>
    </itemMeta>
    <contentMeta>
        <subject qcode="subj:15000000">
            <name xml:lang="en-US">sport</name>
            <name xml:lang="en-GB">sport</name>
        </subject>
        <subject qcode="subj:15008000">
            <name xml:lang="en-US">basketball</name>
            <name xml:lang="en-GB">basketball</name>
            <broader qcode="subj:15000000"/>
        </subject>
        <description>Types of shot in basketball.</description>
    </contentMeta>
    <conceptSet>
        <concept id="spbkbscoreattemptfree-throw">
            <conceptId qcode="spbkbscoreattempt:free-throw" created="2016-05-02T00:00:00+00:00"/>
            <type qcode="cpnat:abstract"/>
            <name xml:lang="en-US">free-throw</name>
            <name xml:lang="en-GB">free-throw</name>
            <definition xml:lang="en-GB">A foul shot, worth one point.</definition>
            <related uri="http://cv.iptc.org/newscodes/spbkbscoreattempt/" rel="skos:inScheme"/>
        </concept>
        <concept id="spbkbscoreattemptfg">
            <conceptId qcode="spbkbscoreattempt:fg" created="2016-05-02T00:00:00+00:00"/>
            <type qcode="cpnat:abstract"/>
            <name xml:lang="en-US">fg</name>
            <name xml:lang="en-GB">fg</name>
            <definition xml:lang="en-GB">A two-point field goal.</definition>
            <related uri="http://cv.iptc.org/newscodes/spbkbscoreattempt/" rel="skos:inScheme"/>
        </concept>
        <concept id="spbkbscoreattemptfg3">
            <conceptId qcode="spbkbscoreattempt:fg3" created="2016-05-02T00:00:00+00:00"/>
            <type qcode="cpnat:abstract"/>
            <name xml:lang="en-US">fg3</name>
            <name xml:lang="en-GB">fg3</name>
            <definition xml:lang="en-GB">A three-pointer.</definition>
            <related uri="http://cv.iptc.org/newscodes/spbkbscoreattempt/" rel="skos:inScheme"/>
        </concept>
    </conceptSet>
    <schemeMeta authority="http://www.iptc.org"
        uri="http://cv.iptc.org/newscodes/spbkbscoreattempt/" preferredalias="spbkbscoreattempt">
        <definition xml:lang="en-GB">Types of shot in basketball.</definition>
        <name xml:lang="en-US">Basketball Score Attempt Types</name>
            <name xml:lang="en-GB">Basketball Score Attempt Types</name>
        <related qcode="spbkbscoreattempt:free-throw" rel="skos:hasTopConcept"/>
        <related qcode="spbkbscoreattempt:fg" rel="skos:hasTopConcept"/>
        <related qcode="spbkbscoreattempt:fg3" rel="skos:hasTopConcept"/>
        <schemeMetaExtProperty rel="ikos:availLang" value="en-US"/>
        <schemeMetaExtProperty rel="ikos:availLang" value="en-GB"/>
    </schemeMeta>
</knowledgeItem>
