<knowledgeItem xmlns="http://iptc.org/std/nar/2006-10-01/" standard="NewsML-G2"
    standardversion="2.18" conformance="power"
    guid="urn:newsml:iptc.org:20080229:srcncdki-spbkbpenaltylevel" version="1">
    <catalogRef href="http://www.iptc.org/std/catalog/catalog.IPTC-G2-Standards_25.xml"/>
    <catalogRef href="http://www.iptc.org/std/catalog/catalog.IPTC-Sports_1.xml"/>
    <rightsInfo>
        <copyrightHolder uri="http://cv.iptc.org/newscodes/newsprovider/IPTC">
            <name>IPTC - International Press Telecommunications Council</name>
        </copyrightHolder>
        <copyrightNotice>Copyright 2016, IPTC, www.iptc.org, Rights Reserved</copyrightNotice>
        <usageTerms href="http://creativecommons.org/licenses/by/4.0/">the Creative Commons
            Attribution (CC BY) 4.0 license applies to all NewsCodes</usageTerms>
    </rightsInfo>
    <itemMeta>
        <itemClass qcode="cinat:scheme"/>
        <provider uri="http://cv.iptc.org/newscodes/newsprovider/IPTC">
            <name>IPTC</name>
        </provider>
        <versionCreated>2016-06-13T15:15:32-04:00</versionCreated>
        <pubStatus qcode="stat:usable"/>
    </itemMeta>
    <contentMeta>
        <subject qcode="subj:15000000">
            <name xml:lang="en-US">sport</name>
            <name xml:lang="en-GB">sport</name>
        </subject>
        <subject qcode="subj:15008000">
            <name xml:lang="en-US">basketball</name>
            <name xml:lang="en-GB">basketball</name>
            <broader qcode="subj:15000000"/>
        </subject>
        <description>Types of penalty in basketball.</description>
    </contentMeta>
    <conceptSet>
        <concept id="spbkbpenaltylevelregular">
            <conceptId qcode="spbkbpenaltylevel:regular" created="2016-05-02T00:00:00+00:00"/>
            <type qcode="cpnat:abstract"/>
            <name xml:lang="en-US">regular</name>
            <name xml:lang="en-GB">regular</name>
            <definition/>
            <related uri="http://cv.iptc.org/newscodes/spbkbpenaltylevel/" rel="skos:inScheme"/>
        </concept>
        <concept id="spbkbpenaltylevelflagrant">
            <conceptId qcode="spbkbpenaltylevel:flagrant" created="2016-05-02T00:00:00+00:00"/>
            <type qcode="cpnat:abstract"/>
            <name xml:lang="en-US">flagrant</name>
            <name xml:lang="en-GB">flagrant</name>
            <definition/>
            <related uri="http://cv.iptc.org/newscodes/spbkbpenaltylevel/" rel="skos:inScheme"/>
        </concept>
        <concept id="spbkbpenaltyleveltechnical">
            <conceptId qcode="spbkbpenaltylevel:technical" created="2016-05-02T00:00:00+00:00"/>
            <type qcode="cpnat:abstract"/>
            <name xml:lang="en-US">technical</name>
            <name xml:lang="en-GB">technical</name>
            <definition/>
            <related uri="http://cv.iptc.org/newscodes/spbkbpenaltylevel/" rel="skos:inScheme"/>
        </concept>
        <concept id="spbkbpenaltylevelillegal-defense">
            <conceptId qcode="spbkbpenaltylevel:illegal-defense" created="2016-05-02T00:00:00+00:00"/>
            <type qcode="cpnat:abstract"/>
            <name xml:lang="en-US">illegal-defense</name>
            <name xml:lang="en-GB">illegal-defense</name>
            <definition/>
            <related uri="http://cv.iptc.org/newscodes/spbkbpenaltylevel/" rel="skos:inScheme"/>
        </concept>
    </conceptSet>
    <schemeMeta authority="http://www.iptc.org"
        uri="http://cv.iptc.org/newscodes/spbkbpenaltylevel/"
        preferredalias="spbkbpenaltylevel">
        <definition xml:lang="en-GB">Types of penalty in basketball.</definition>
        <name xml:lang="en-US">Basketball Penalty Types</name>
            <name xml:lang="en-GB">Basketball Penalty Types</name>
        <related qcode="spbkbpenaltylevel:regular" rel="skos:hasTopConcept"/>
        <related qcode="spbkbpenaltylevel:flagrant" rel="skos:hasTopConcept"/>
        <related qcode="spbkbpenaltylevel:technical" rel="skos:hasTopConcept"/>
        <related qcode="spbkbpenaltylevel:illegal-defense" rel="skos:hasTopConcept"/>
        <schemeMetaExtProperty rel="ikos:availLang" value="en-US"/>
        <schemeMetaExtProperty rel="ikos:availLang" value="en-GB"/>
    </schemeMeta>
</knowledgeItem>
