<knowledgeItem xmlns="http://iptc.org/std/nar/2006-10-01/"
    xmlns:xs="http://www.w3.org/2001/XMLSchema" xmlns:newsml="http://iptc.org/std/nar/2006-10-01/"
    standard="NewsML-G2" standardversion="2.18" conformance="power"
    guid="urn:newsml:iptc.org:20080229:srcncdki-spbkbposition" version="1">
    <catalogRef href="http://www.iptc.org/std/catalog/catalog.IPTC-G2-Standards_25.xml"/>
    <catalogRef href="http://www.iptc.org/std/catalog/catalog.IPTC-Sports_1.xml"/>
    <rightsInfo>
        <copyrightHolder uri="http://cv.iptc.org/newscodes/newsprovider/IPTC">
            <name>IPTC - International Press Telecommunications Council</name>
        </copyrightHolder>
        <copyrightNotice>Copyright 2016, IPTC, www.iptc.org, Rights Reserved</copyrightNotice>
        <usageTerms href="http://creativecommons.org/licenses/by/4.0/">the Creative Commons
            Attribution (CC BY) 4.0 license applies to all NewsCodes</usageTerms>
    </rightsInfo>
    <itemMeta>
        <itemClass qcode="cinat:scheme"/>
        <provider uri="http://cv.iptc.org/newscodes/newsprovider/IPTC">
            <name>IPTC</name>
        </provider>
        <versionCreated>2016-06-13T15:15:32-04:00</versionCreated>
        <pubStatus qcode="stat:usable"/>
    </itemMeta>
    <contentMeta>
        <subject qcode="subj:15000000">
            <name xml:lang="en-US">sport</name>
            <name xml:lang="en-GB">sport</name>
        </subject>
        <subject qcode="subj:15008000">
            <name xml:lang="en-US">basketball</name>
            <name xml:lang="en-GB">basketball</name>
            <broader qcode="subj:15000000"/>
        </subject>
        <description>Basketball player positions</description>
    </contentMeta>
    <conceptSet>
        <concept id="spbkbpositionguard">
            <conceptId qcode="spbkbposition:guard" created="2016-05-02T00:00:00+00:00"/>
            <type qcode="cpnat:abstract"/>
            <name xml:lang="en-US">guard</name>
            <name xml:lang="en-GB">guard</name>
            <definition/>
            <related uri="http://cv.iptc.org/newscodes/spbkbposition/" rel="skos:inScheme"/>
        </concept>
        <concept id="spbkbpositionpoint-guard">
            <conceptId qcode="spbkbposition:point-guard" created="2016-05-02T00:00:00+00:00"/>
            <type qcode="cpnat:abstract"/>
            <name xml:lang="en-US">point-guard</name>
            <name xml:lang="en-GB">point-guard</name>
            <definition/>
            <related uri="http://cv.iptc.org/newscodes/spbkbposition/" rel="skos:inScheme"/>
        </concept>
        <concept id="spbkbpositionshooting-guard">
            <conceptId qcode="spbkbposition:shooting-guard" created="2016-05-02T00:00:00+00:00"/>
            <type qcode="cpnat:abstract"/>
            <name xml:lang="en-US">shooting-guard</name>
            <name xml:lang="en-GB">shooting-guard</name>
            <definition/>
            <related uri="http://cv.iptc.org/newscodes/spbkbposition/" rel="skos:inScheme"/>
        </concept>
        <concept id="spbkbpositionforward">
            <conceptId qcode="spbkbposition:forward" created="2016-05-02T00:00:00+00:00"/>
            <type qcode="cpnat:abstract"/>
            <name xml:lang="en-US">forward</name>
            <name xml:lang="en-GB">forward</name>
            <definition/>
            <related uri="http://cv.iptc.org/newscodes/spbkbposition/" rel="skos:inScheme"/>
        </concept>
        <concept id="spbkbpositionpower-forward">
            <conceptId qcode="spbkbposition:power-forward" created="2016-05-02T00:00:00+00:00"/>
            <type qcode="cpnat:abstract"/>
            <name xml:lang="en-US">power-forward</name>
            <name xml:lang="en-GB">power-forward</name>
            <definition xml:lang="en-GB">Forward who mostly plays defense.</definition>
            <related uri="http://cv.iptc.org/newscodes/spbkbposition/" rel="skos:inScheme"/>
        </concept>
        <concept id="spbkbpositionsmall-forward">
            <conceptId qcode="spbkbposition:small-forward" created="2016-05-02T00:00:00+00:00"/>
            <type qcode="cpnat:abstract"/>
            <name xml:lang="en-US">small-forward</name>
            <name xml:lang="en-GB">small-forward</name>
            <definition xml:lang="en-GB">Forward who mostly tries to score.</definition>
            <related uri="http://cv.iptc.org/newscodes/spbkbposition/" rel="skos:inScheme"/>
        </concept>
        <concept id="spbkbpositioncenter">
            <conceptId qcode="spbkbposition:center" created="2016-05-02T00:00:00+00:00"/>
            <type qcode="cpnat:abstract"/>
            <name xml:lang="en-US">center</name>
            <name xml:lang="en-GB">center</name>
            <definition/>
            <related uri="http://cv.iptc.org/newscodes/spbkbposition/" rel="skos:inScheme"/>
        </concept>
        <concept id="spbkbpositionreferee">
            <conceptId qcode="spbkbposition:referee" created="2016-05-02T00:00:00+00:00"/>
            <type qcode="cpnat:abstract"/>
            <name xml:lang="en-US">referee</name>
            <name xml:lang="en-GB">referee</name>
            <definition/>
            <related uri="http://cv.iptc.org/newscodes/spbkbposition/" rel="skos:inScheme"/>
        </concept>
        <concept id="spbkbpositionumpire">
            <conceptId qcode="spbkbposition:umpire" created="2016-05-02T00:00:00+00:00"/>
            <type qcode="cpnat:abstract"/>
            <name xml:lang="en-US">umpire</name>
            <name xml:lang="en-GB">umpire</name>
            <definition/>
            <related uri="http://cv.iptc.org/newscodes/spbkbposition/" rel="skos:inScheme"/>
        </concept>
        <concept id="spbkbpositionscorekeeper">
            <conceptId qcode="spbkbposition:scorekeeper" created="2016-05-02T00:00:00+00:00"/>
            <type qcode="cpnat:abstract"/>
            <name xml:lang="en-US">scorekeeper</name>
            <name xml:lang="en-GB">scorekeeper</name>
            <definition/>
            <related uri="http://cv.iptc.org/newscodes/spbkbposition/" rel="skos:inScheme"/>
        </concept>
        <concept id="spbkbpositiontimekeeper">
            <conceptId qcode="spbkbposition:timekeeper" created="2016-05-02T00:00:00+00:00"/>
            <type qcode="cpnat:abstract"/>
            <name xml:lang="en-US">timekeeper</name>
            <name xml:lang="en-GB">timekeeper</name>
            <definition/>
            <related uri="http://cv.iptc.org/newscodes/spbkbposition/" rel="skos:inScheme"/>
        </concept>
        <concept id="spbkbpositionshot-clock-operator">
            <conceptId qcode="spbkbposition:shot-clock-operator" created="2016-05-02T00:00:00+00:00"/>
            <type qcode="cpnat:abstract"/>
            <name xml:lang="en-US">shot-clock-operator</name>
            <name xml:lang="en-GB">shot-clock-operator</name>
            <definition/>
            <related uri="http://cv.iptc.org/newscodes/spbkbposition/" rel="skos:inScheme"/>
        </concept>
        <concept id="spbkbpositioncoach">
            <conceptId qcode="spbkbposition:coach" created="2016-05-02T00:00:00+00:00"/>
            <type qcode="cpnat:abstract"/>
            <name xml:lang="en-US">coach</name>
            <name xml:lang="en-GB">coach</name>
            <definition/>
            <related uri="http://cv.iptc.org/newscodes/spbkbposition/" rel="skos:inScheme"/>
        </concept>
        <concept id="spbkbpositionassistant-coach">
            <conceptId qcode="spbkbposition:assistant-coach" created="2016-05-02T00:00:00+00:00"/>
            <type qcode="cpnat:abstract"/>
            <name xml:lang="en-US">assistant-coach</name>
            <name xml:lang="en-GB">assistant-coach</name>
            <definition/>
            <related uri="http://cv.iptc.org/newscodes/spbkbposition/" rel="skos:inScheme"/>
        </concept>
    </conceptSet>
    <schemeMeta authority="http://www.iptc.org" uri="http://cv.iptc.org/newscodes/spbkbposition/"
        preferredalias="spbkbposition">
        <definition xml:lang="en-GB">Basketball player positions</definition>
        <name xml:lang="en-US">Basketball Player Positions</name>
            <name xml:lang="en-GB">Basketball Player Positions</name>
        <related qcode="spbkbposition:guard" rel="skos:hasTopConcept"/>
        <related qcode="spbkbposition:point-guard" rel="skos:hasTopConcept"/>
        <related qcode="spbkbposition:shooting-guard" rel="skos:hasTopConcept"/>
        <related qcode="spbkbposition:forward" rel="skos:hasTopConcept"/>
        <related qcode="spbkbposition:power-forward" rel="skos:hasTopConcept"/>
        <related qcode="spbkbposition:small-forward" rel="skos:hasTopConcept"/>
        <related qcode="spbkbposition:center" rel="skos:hasTopConcept"/>
        <related qcode="spbkbposition:referee" rel="skos:hasTopConcept"/>
        <related qcode="spbkbposition:umpire" rel="skos:hasTopConcept"/>
        <related qcode="spbkbposition:scorekeeper" rel="skos:hasTopConcept"/>
        <related qcode="spbkbposition:timekeeper" rel="skos:hasTopConcept"/>
        <related qcode="spbkbposition:shot-clock-operator" rel="skos:hasTopConcept"/>
        <related qcode="spbkbposition:coach" rel="skos:hasTopConcept"/>
        <related qcode="spbkbposition:assistant-coach" rel="skos:hasTopConcept"/>
        <schemeMetaExtProperty rel="ikos:availLang" value="en-US"/>
        <schemeMetaExtProperty rel="ikos:availLang" value="en-GB"/>
    </schemeMeta>
</knowledgeItem>
