<knowledgeItem xmlns="http://iptc.org/std/nar/2006-10-01/" standard="NewsML-G2"
    standardversion="2.18" conformance="power"
    guid="urn:newsml:iptc.org:20080229:srcncdki-spbkbaction" version="1">
    <catalogRef href="http://www.iptc.org/std/catalog/catalog.IPTC-G2-Standards_25.xml"/>
    <catalogRef href="http://www.iptc.org/std/catalog/catalog.IPTC-Sports_1.xml"/>
    <rightsInfo>
        <copyrightHolder uri="http://cv.iptc.org/newscodes/newsprovider/IPTC">
            <name>IPTC - International Press Telecommunications Council</name>
        </copyrightHolder>
        <copyrightNotice>Copyright 2016, IPTC, www.iptc.org, Rights Reserved</copyrightNotice>
        <usageTerms href="http://creativecommons.org/licenses/by/4.0/">the Creative Commons
            Attribution (CC BY) 4.0 license applies to all NewsCodes</usageTerms>
    </rightsInfo>
    <itemMeta>
        <itemClass qcode="cinat:scheme"/>
        <provider uri="http://cv.iptc.org/newscodes/newsprovider/IPTC">
            <name>IPTC</name>
        </provider>
        <versionCreated>2016-06-13T15:15:32-04:00</versionCreated>
        <pubStatus qcode="stat:usable"/>
    </itemMeta>
    <contentMeta>
        <subject qcode="subj:15000000">
            <name xml:lang="en-US">sport</name>
            <name xml:lang="en-GB">sport</name>
        </subject>
        <subject qcode="subj:15008000">
            <name xml:lang="en-US">basketball</name>
            <name xml:lang="en-GB">basketball</name>
            <broader qcode="subj:15000000"/>
        </subject>
        <description>Types of basketball actions</description>
    </contentMeta>
    <conceptSet>
        <concept id="spbkbactionshot">
            <conceptId qcode="spbkbaction:shot" created="2016-05-02T00:00:00+00:00"/>
            <type qcode="cpnat:abstract"/>
            <name xml:lang="en-US">shot</name>
            <name xml:lang="en-GB">shot</name>
            <definition/>
            <related uri="http://cv.iptc.org/newscodes/spbkbaction/" rel="skos:inScheme"/>
        </concept>
        <concept id="spbkbactionrebound">
            <conceptId qcode="spbkbaction:rebound" created="2016-05-02T00:00:00+00:00"/>
            <type qcode="cpnat:abstract"/>
            <name xml:lang="en-US">rebound</name>
            <name xml:lang="en-GB">rebound</name>
            <definition/>
            <related uri="http://cv.iptc.org/newscodes/spbkbaction/" rel="skos:inScheme"/>
        </concept>
        <concept id="spbkbactionjump-ball">
            <conceptId qcode="spbkbaction:jump-ball" created="2016-05-02T00:00:00+00:00"/>
            <type qcode="cpnat:abstract"/>
            <name xml:lang="en-US">jump-ball</name>
            <name xml:lang="en-GB">jump-ball</name>
            <definition/>
            <related uri="http://cv.iptc.org/newscodes/spbkbaction/" rel="skos:inScheme"/>
        </concept>
        <concept id="spbkbactionturnover">
            <conceptId qcode="spbkbaction:turnover" created="2016-05-02T00:00:00+00:00"/>
            <type qcode="cpnat:abstract"/>
            <name xml:lang="en-US">turnover</name>
            <name xml:lang="en-GB">turnover</name>
            <definition/>
            <related uri="http://cv.iptc.org/newscodes/spbkbaction/" rel="skos:inScheme"/>
        </concept>
        <concept id="spbkbactionthrow-in">
            <conceptId qcode="spbkbaction:throw-in" created="2016-05-02T00:00:00+00:00"/>
            <type qcode="cpnat:abstract"/>
            <name xml:lang="en-US">throw-in</name>
            <name xml:lang="en-GB">throw-in</name>
            <definition/>
            <related uri="http://cv.iptc.org/newscodes/spbkbaction/" rel="skos:inScheme"/>
        </concept>
        <concept id="spbkbactionfoul">
            <conceptId qcode="spbkbaction:foul" created="2016-05-02T00:00:00+00:00"/>
            <type qcode="cpnat:abstract"/>
            <name xml:lang="en-US">foul</name>
            <name xml:lang="en-GB">foul</name>
            <definition/>
            <related uri="http://cv.iptc.org/newscodes/spbkbaction/" rel="skos:inScheme"/>
        </concept>
        <concept id="spbkbactionsubstitution">
            <conceptId qcode="spbkbaction:substitution" created="2016-05-02T00:00:00+00:00"/>
            <type qcode="cpnat:abstract"/>
            <name xml:lang="en-US">substitution</name>
            <name xml:lang="en-GB">substitution</name>
            <definition/>
            <related uri="http://cv.iptc.org/newscodes/spbkbaction/" rel="skos:inScheme"/>
        </concept>
        <concept id="spbkbactionpass">
            <conceptId qcode="spbkbaction:pass" created="2016-05-02T00:00:00+00:00"/>
            <type qcode="cpnat:abstract"/>
            <name xml:lang="en-US">pass</name>
            <name xml:lang="en-GB">pass</name>
            <definition/>
            <related uri="http://cv.iptc.org/newscodes/spbkbaction/" rel="skos:inScheme"/>
        </concept>
    </conceptSet>
    <schemeMeta authority="http://www.iptc.org" uri="http://cv.iptc.org/newscodes/spbkbaction/"
        preferredalias="spbkbaction">
        <definition xml:lang="en-GB">Types of basketball actions</definition>
        <name xml:lang="en-US">Basketball Actions</name>
            <name xml:lang="en-GB">Basketball Actions</name>
        <related qcode="spbkbaction:shot" rel="skos:hasTopConcept"/>
        <related qcode="spbkbaction:rebound" rel="skos:hasTopConcept"/>
        <related qcode="spbkbaction:jump-ball" rel="skos:hasTopConcept"/>
        <related qcode="spbkbaction:turnover" rel="skos:hasTopConcept"/>
        <related qcode="spbkbaction:throw-in" rel="skos:hasTopConcept"/>
        <related qcode="spbkbaction:foul" rel="skos:hasTopConcept"/>
        <related qcode="spbkbaction:substitution" rel="skos:hasTopConcept"/>
        <related qcode="spbkbaction:pass" rel="skos:hasTopConcept"/>
        <schemeMetaExtProperty rel="ikos:availLang" value="en-US"/>
        <schemeMetaExtProperty rel="ikos:availLang" value="en-GB"/>
    </schemeMeta>
</knowledgeItem>
