<knowledgeItem xmlns="http://iptc.org/std/nar/2006-10-01/" standard="NewsML-G2"
    standardversion="2.18" conformance="power"
    guid="urn:newsml:iptc.org:20080229:srcncdki-spactionclass" version="1">
    <catalogRef href="http://www.iptc.org/std/catalog/catalog.IPTC-G2-Standards_25.xml"/>
    <catalogRef href="http://www.iptc.org/std/catalog/catalog.IPTC-Sports_1.xml"/>
    <rightsInfo>
        <copyrightHolder uri="http://cv.iptc.org/newscodes/newsprovider/IPTC">
            <name>IPTC - International Press Telecommunications Council</name>
        </copyrightHolder>
        <copyrightNotice>Copyright 2016, IPTC, www.iptc.org, Rights Reserved</copyrightNotice>
        <usageTerms href="http://creativecommons.org/licenses/by/4.0/">the Creative Commons
            Attribution (CC BY) 4.0 license applies to all NewsCodes</usageTerms>
    </rightsInfo>
    <itemMeta>
        <itemClass qcode="cinat:scheme"/>
        <provider uri="http://cv.iptc.org/newscodes/newsprovider/IPTC">
            <name>IPTC</name>
        </provider>
        <versionCreated>2016-06-13T15:15:32-04:00</versionCreated>
        <pubStatus qcode="stat:usable"/>
    </itemMeta>
    <contentMeta>
        <subject qcode="subj:15000000">
            <name xml:lang="en-US">sport</name>
            <name xml:lang="en-GB">sport</name>
        </subject>
        <description>High-level categories of on-field action in all sports.</description>
    </contentMeta>
    <conceptSet>
        <concept id="spactionclasstimeout">
            <conceptId qcode="spactionclass:timeout" created="2016-05-02T00:00:00+00:00"/>
            <type qcode="cpnat:abstract"/>
            <name xml:lang="en-US">timeout</name>
            <name xml:lang="en-GB">timeout</name>
            <definition/>
            <related uri="http://cv.iptc.org/newscodes/spactionclass/" rel="skos:inScheme"/>
        </concept>
        <concept id="spactionclassplay">
            <conceptId qcode="spactionclass:play" created="2016-05-02T00:00:00+00:00"/>
            <type qcode="cpnat:abstract"/>
            <name xml:lang="en-US">play</name>
            <name xml:lang="en-GB">play</name>
            <definition/>
            <related uri="http://cv.iptc.org/newscodes/spactionclass/" rel="skos:inScheme"/>
        </concept>
        <concept id="spactionclasssubstitution">
            <conceptId qcode="spactionclass:substitution" created="2016-05-02T00:00:00+00:00"/>
            <type qcode="cpnat:abstract"/>
            <name xml:lang="en-US">substitution</name>
            <name xml:lang="en-GB">substitution</name>
            <definition/>
            <related uri="http://cv.iptc.org/newscodes/spactionclass/" rel="skos:inScheme"/>
        </concept>
        <concept id="spactionclassscore">
            <conceptId qcode="spactionclass:score" created="2016-05-02T00:00:00+00:00"/>
            <type qcode="cpnat:abstract"/>
            <name xml:lang="en-US">score</name>
            <name xml:lang="en-GB">score</name>
            <definition/>
            <related uri="http://cv.iptc.org/newscodes/spactionclass/" rel="skos:inScheme"/>
        </concept>
        <concept id="spactionclasspenalty">
            <conceptId qcode="spactionclass:penalty" created="2016-05-02T00:00:00+00:00"/>
            <type qcode="cpnat:abstract"/>
            <name xml:lang="en-US">penalty</name>
            <name xml:lang="en-GB">penalty</name>
            <definition/>
            <related uri="http://cv.iptc.org/newscodes/spactionclass/" rel="skos:inScheme"/>
        </concept>
        <concept id="spactionclassofficial-procedure">
            <conceptId qcode="spactionclass:official-procedure" created="2016-05-02T00:00:00+00:00"/>
            <type qcode="cpnat:abstract"/>
            <name xml:lang="en-US">official-procedure</name>
            <name xml:lang="en-GB">official-procedure</name>
            <definition/>
            <related uri="http://cv.iptc.org/newscodes/spactionclass/" rel="skos:inScheme"/>
        </concept>
    </conceptSet>
    <schemeMeta authority="http://www.iptc.org" uri="http://cv.iptc.org/newscodes/spactionclass/"
        preferredalias="spactionclass">
        <definition xml:lang="en-GB">High-level categories of on-field action in all
            sports.</definition>
        <name xml:lang="en-US">Action Classifications</name>
            <name xml:lang="en-GB">Action Classifications</name>
        <related qcode="spactionclass:timeout" rel="skos:hasTopConcept"/>
        <related qcode="spactionclass:play" rel="skos:hasTopConcept"/>
        <related qcode="spactionclass:substitution" rel="skos:hasTopConcept"/>
        <related qcode="spactionclass:score" rel="skos:hasTopConcept"/>
        <related qcode="spactionclass:penalty" rel="skos:hasTopConcept"/>
        <related qcode="spactionclass:official-procedure" rel="skos:hasTopConcept"/>
        <schemeMetaExtProperty rel="ikos:availLang" value="en-US"/>
        <schemeMetaExtProperty rel="ikos:availLang" value="en-GB"/>
    </schemeMeta>
</knowledgeItem>
