<knowledgeItem xmlns="http://iptc.org/std/nar/2006-10-01/"
    xmlns:xs="http://www.w3.org/2001/XMLSchema" xmlns:newsml="http://iptc.org/std/nar/2006-10-01/"
    standard="NewsML-G2" standardversion="2.18" conformance="power"
    guid="urn:newsml:iptc.org:20080229:srcncdki-spcompetitionscope" version="1">
    <catalogRef href="http://www.iptc.org/std/catalog/catalog.IPTC-G2-Standards_25.xml"/>
    <catalogRef href="http://www.iptc.org/std/catalog/catalog.IPTC-Sports_1.xml"/>
    <rightsInfo>
        <copyrightHolder uri="http://cv.iptc.org/newscodes/newsprovider/IPTC">
            <name>IPTC - International Press Telecommunications Council</name>
        </copyrightHolder>
        <copyrightNotice>Copyright 2016, IPTC, www.iptc.org, Rights Reserved</copyrightNotice>
        <usageTerms href="http://creativecommons.org/licenses/by/4.0/">the Creative Commons
            Attribution (CC BY) 4.0 license applies to all NewsCodes</usageTerms>
    </rightsInfo>
    <itemMeta>
        <itemClass qcode="cinat:scheme"/>
        <provider uri="http://cv.iptc.org/newscodes/newsprovider/IPTC">
            <name>IPTC</name>
        </provider>
        <versionCreated>2016-06-13T15:15:32-04:00</versionCreated>
        <pubStatus qcode="stat:usable"/>
    </itemMeta>
    <contentMeta>
        <subject qcode="subj:15000000">
            <name xml:lang="en-US">sport</name>
            <name xml:lang="en-GB">sport</name>
        </subject>
        <description>The types of singular or groups of opponents</description>
    </contentMeta>
    <conceptSet>
        <concept id="spcompetitionscopeevents-all">
            <conceptId qcode="spcompetitionscope:events-all" created="2016-05-02T00:00:00+00:00"/>
            <type qcode="cpnat:abstract"/>
            <name xml:lang="en-US">events-all</name>
            <name xml:lang="en-GB">events-all</name>
            <definition xml:lang="en-GB">Every event played, including those played against teams in the same
                division or conference. The default option.</definition>
            <related uri="http://cv.iptc.org/newscodes/spcompetitionscope/" rel="skos:inScheme"/>
        </concept>
        <concept id="spcompetitionscopedivision">
            <conceptId qcode="spcompetitionscope:division" created="2016-05-02T00:00:00+00:00"/>
            <type qcode="cpnat:abstract"/>
            <name xml:lang="en-US">division</name>
            <name xml:lang="en-GB">division</name>
            <definition xml:lang="en-GB">Events played within a league's division.</definition>
            <related uri="http://cv.iptc.org/newscodes/spcompetitionscope/" rel="skos:inScheme"/>
        </concept>
        <concept id="spcompetitionscopedivision-opposing">
            <conceptId qcode="spcompetitionscope:division-opposing" created="2016-05-02T00:00:00+00:00"/>
            <type qcode="cpnat:abstract"/>
            <name xml:lang="en-US">division-opposing</name>
            <name xml:lang="en-GB">division-opposing</name>
            <definition/>
            <related uri="http://cv.iptc.org/newscodes/spcompetitionscope/" rel="skos:inScheme"/>
        </concept>
        <concept id="spcompetitionscopeconference">
            <conceptId qcode="spcompetitionscope:conference" created="2016-05-02T00:00:00+00:00"/>
            <type qcode="cpnat:abstract"/>
            <name xml:lang="en-US">conference</name>
            <name xml:lang="en-GB">conference</name>
            <definition xml:lang="en-GB">Events played within a league's conference.</definition>
            <related uri="http://cv.iptc.org/newscodes/spcompetitionscope/" rel="skos:inScheme"/>
        </concept>
        <concept id="spcompetitionscopeconference-opposing">
            <conceptId qcode="spcompetitionscope:conference-opposing" created="2016-05-02T00:00:00+00:00"/>
            <type qcode="cpnat:abstract"/>
            <name xml:lang="en-US">conference-opposing</name>
            <name xml:lang="en-GB">conference-opposing</name>
            <definition/>
            <related uri="http://cv.iptc.org/newscodes/spcompetitionscope/" rel="skos:inScheme"/>
        </concept>
        <concept id="spcompetitionscopeteam-opposing">
            <conceptId qcode="spcompetitionscope:team-opposing" created="2016-05-02T00:00:00+00:00"/>
            <type qcode="cpnat:abstract"/>
            <name xml:lang="en-US">team-opposing</name>
            <name xml:lang="en-GB">team-opposing</name>
            <definition xml:lang="en-GB">Events against a specific team.</definition>
            <related uri="http://cv.iptc.org/newscodes/spcompetitionscope/" rel="skos:inScheme"/>
        </concept>
        <concept id="spcompetitionscopeplayer-opposing">
            <conceptId qcode="spcompetitionscope:player-opposing" created="2016-05-02T00:00:00+00:00"/>
            <type qcode="cpnat:abstract"/>
            <name xml:lang="en-US">player-opposing</name>
            <name xml:lang="en-GB">player-opposing</name>
            <definition xml:lang="en-GB">Events against a specific player.</definition>
            <related uri="http://cv.iptc.org/newscodes/spcompetitionscope/" rel="skos:inScheme"/>
        </concept>
        <concept id="spcompetitionscopetournament">
            <conceptId qcode="spcompetitionscope:tournament" created="2016-05-02T00:00:00+00:00"/>
            <type qcode="cpnat:abstract"/>
            <name xml:lang="en-US">tournament</name>
            <name xml:lang="en-GB">tournament</name>
            <definition xml:lang="en-GB">Events from a specific tournament.</definition>
            <related uri="http://cv.iptc.org/newscodes/spcompetitionscope/" rel="skos:inScheme"/>
        </concept>
        <concept id="spcompetitionscopeleague">
            <conceptId qcode="spcompetitionscope:league" created="2016-05-02T00:00:00+00:00"/>
            <type qcode="cpnat:abstract"/>
            <name xml:lang="en-US">league</name>
            <name xml:lang="en-GB">league</name>
            <definition/>
            <related uri="http://cv.iptc.org/newscodes/spcompetitionscope/" rel="skos:inScheme"/>
        </concept>
        <concept id="spcompetitionscopetop-25">
            <conceptId qcode="spcompetitionscope:top-25" created="2016-05-02T00:00:00+00:00"/>
            <type qcode="cpnat:abstract"/>
            <name xml:lang="en-US">top-25</name>
            <name xml:lang="en-GB">top-25</name>
            <definition/>
            <related uri="http://cv.iptc.org/newscodes/spcompetitionscope/" rel="skos:inScheme"/>
        </concept>
    </conceptSet>
    <schemeMeta authority="http://www.iptc.org"
        uri="http://cv.iptc.org/newscodes/spcompetitionscope/" preferredalias="spcompetitionscope">
        <definition xml:lang="en-GB">The types of singular or groups of opponents</definition>
        <name xml:lang="en-US">Scope of Competition</name>
            <name xml:lang="en-GB">Scope of Competition</name>
        <related qcode="spcompetitionscope:events-all" rel="skos:hasTopConcept"/>
        <related qcode="spcompetitionscope:division" rel="skos:hasTopConcept"/>
        <related qcode="spcompetitionscope:division-opposing" rel="skos:hasTopConcept"/>
        <related qcode="spcompetitionscope:conference" rel="skos:hasTopConcept"/>
        <related qcode="spcompetitionscope:conference-opposing" rel="skos:hasTopConcept"/>
        <related qcode="spcompetitionscope:team-opposing" rel="skos:hasTopConcept"/>
        <related qcode="spcompetitionscope:player-opposing" rel="skos:hasTopConcept"/>
        <related qcode="spcompetitionscope:tournament" rel="skos:hasTopConcept"/>
        <related qcode="spcompetitionscope:league" rel="skos:hasTopConcept"/>
        <related qcode="spcompetitionscope:top-25" rel="skos:hasTopConcept"/>
        <schemeMetaExtProperty rel="ikos:availLang" value="en-US"/>
        <schemeMetaExtProperty rel="ikos:availLang" value="en-GB"/>
    </schemeMeta>
</knowledgeItem>
