<knowledgeItem xmlns="http://iptc.org/std/nar/2006-10-01/" standard="NewsML-G2"
    standardversion="2.18" conformance="power"
    guid="urn:newsml:iptc.org:20080229:srcncdki-spdurationscope" version="1">
    <catalogRef href="http://www.iptc.org/std/catalog/catalog.IPTC-G2-Standards_25.xml"/>
    <catalogRef href="http://www.iptc.org/std/catalog/catalog.IPTC-Sports_1.xml"/>
    <rightsInfo>
        <copyrightHolder uri="http://cv.iptc.org/newscodes/newsprovider/IPTC">
            <name>IPTC - International Press Telecommunications Council</name>
        </copyrightHolder>
        <copyrightNotice>Copyright 2016, IPTC, www.iptc.org, Rights Reserved</copyrightNotice>
        <usageTerms href="http://creativecommons.org/licenses/by/4.0/">the Creative Commons
            Attribution (CC BY) 4.0 license applies to all NewsCodes</usageTerms>
    </rightsInfo>
    <itemMeta>
        <itemClass qcode="cinat:scheme"/>
        <provider uri="http://cv.iptc.org/newscodes/newsprovider/IPTC">
            <name>IPTC</name>
        </provider>
        <versionCreated>2016-06-13T15:15:32-04:00</versionCreated>
        <pubStatus qcode="stat:usable"/>
    </itemMeta>
    <contentMeta>
        <subject qcode="subj:15000000">
            <name xml:lang="en-US">sport</name>
            <name xml:lang="en-GB">sport</name>
        </subject>
        <description>Variations on standard duration of sporting events</description>
    </contentMeta>
    <conceptSet>
        <concept id="spdurationscopeevents-all">
            <conceptId qcode="spdurationscope:events-all" created="2016-05-02T00:00:00+00:00"/>
            <type qcode="cpnat:abstract"/>
            <name xml:lang="en-US">events-all</name>
            <name xml:lang="en-GB">events-all</name>
            <definition xml:lang="en-GB">Every event played, including overtime games, the most recent ones, etc. The
                default option.</definition>
            <related uri="http://cv.iptc.org/newscodes/spdurationscope/" rel="skos:inScheme"/>
        </concept>
        <concept id="spdurationscopeevents-overtime">
            <conceptId qcode="spdurationscope:events-overtime" created="2016-05-02T00:00:00+00:00"/>
            <type qcode="cpnat:abstract"/>
            <name xml:lang="en-US">events-overtime</name>
            <name xml:lang="en-GB">events-overtime</name>
            <definition/>
            <related uri="http://cv.iptc.org/newscodes/spdurationscope/" rel="skos:inScheme"/>
        </concept>
        <concept id="spdurationscopeevents-shootout">
            <conceptId qcode="spdurationscope:events-shootout" created="2016-05-02T00:00:00+00:00"/>
            <type qcode="cpnat:abstract"/>
            <name xml:lang="en-US">events-shootout</name>
            <name xml:lang="en-GB">events-shootout</name>
            <definition/>
            <related uri="http://cv.iptc.org/newscodes/spdurationscope/" rel="skos:inScheme"/>
        </concept>
    </conceptSet>
    <schemeMeta authority="http://www.iptc.org" uri="http://cv.iptc.org/newscodes/spdurationscope/"
        preferredalias="spdurationscope">
        <definition xml:lang="en-GB">Variations on standard duration of sporting events</definition>
        <name xml:lang="en-US">Duration Scope</name>
            <name xml:lang="en-GB">Duration Scope</name>
        <related qcode="spdurationscope:events-all" rel="skos:hasTopConcept"/>
        <related qcode="spdurationscope:events-overtime" rel="skos:hasTopConcept"/>
        <related qcode="spdurationscope:events-shootout" rel="skos:hasTopConcept"/>
        <schemeMetaExtProperty rel="ikos:availLang" value="en-US"/>
        <schemeMetaExtProperty rel="ikos:availLang" value="en-GB"/>
    </schemeMeta>
</knowledgeItem>
