<knowledgeItem xmlns="http://iptc.org/std/nar/2006-10-01/" standard="NewsML-G2"
    standardversion="2.18" conformance="power"
    guid="urn:newsml:iptc.org:20080229:srcncdki-speventoutcome" version="1">
    <catalogRef href="http://www.iptc.org/std/catalog/catalog.IPTC-G2-Standards_25.xml"/>
    <catalogRef href="http://www.iptc.org/std/catalog/catalog.IPTC-Sports_1.xml"/>
    <rightsInfo>
        <copyrightHolder uri="http://cv.iptc.org/newscodes/newsprovider/IPTC">
            <name>IPTC - International Press Telecommunications Council</name>
        </copyrightHolder>
        <copyrightNotice>Copyright 2016, IPTC, www.iptc.org, Rights Reserved</copyrightNotice>
        <usageTerms href="http://creativecommons.org/licenses/by/4.0/">the Creative Commons
            Attribution (CC BY) 4.0 license applies to all NewsCodes</usageTerms>
    </rightsInfo>
    <itemMeta>
        <itemClass qcode="cinat:scheme"/>
        <provider uri="http://cv.iptc.org/newscodes/newsprovider/IPTC">
            <name>IPTC</name>
        </provider>
        <versionCreated>2016-06-13T15:15:32-04:00</versionCreated>
        <pubStatus qcode="stat:usable"/>
    </itemMeta>
    <contentMeta>
        <subject qcode="subj:15000000">
            <name xml:lang="en-US">sport</name>
            <name xml:lang="en-GB">sport</name>
        </subject>
        <description>Whether the competitor won, lost, or tied.</description>
    </contentMeta>
    <conceptSet>
        <concept id="speventoutcomewin">
            <conceptId qcode="speventoutcome:win" created="2016-05-02T00:00:00+00:00"/>
            <type qcode="cpnat:abstract"/>
            <name xml:lang="en-US">win</name>
            <name xml:lang="en-GB">win</name>
            <definition/>
            <related uri="http://cv.iptc.org/newscodes/speventoutcome/" rel="skos:inScheme"/>
        </concept>
        <concept id="speventoutcomeloss">
            <conceptId qcode="speventoutcome:loss" created="2016-05-02T00:00:00+00:00"/>
            <type qcode="cpnat:abstract"/>
            <name xml:lang="en-US">loss</name>
            <name xml:lang="en-GB">loss</name>
            <definition/>
            <related uri="http://cv.iptc.org/newscodes/speventoutcome/" rel="skos:inScheme"/>
        </concept>
        <concept id="speventoutcometie">
            <conceptId qcode="speventoutcome:tie" created="2016-05-02T00:00:00+00:00"/>
            <type qcode="cpnat:abstract"/>
            <name xml:lang="en-US">tie</name>
            <name xml:lang="en-GB">tie</name>
            <definition/>
            <related uri="http://cv.iptc.org/newscodes/speventoutcome/" rel="skos:inScheme"/>
        </concept>
        <concept id="speventoutcomeundecided">
            <conceptId qcode="speventoutcome:undecided" created="2016-05-02T00:00:00+00:00"/>
            <type qcode="cpnat:abstract"/>
            <name xml:lang="en-US">undecided</name>
            <name xml:lang="en-GB">undecided</name>
            <definition/>
            <related uri="http://cv.iptc.org/newscodes/speventoutcome/" rel="skos:inScheme"/>
        </concept>
    </conceptSet>
    <schemeMeta authority="http://www.iptc.org" uri="http://cv.iptc.org/newscodes/speventoutcome/"
        preferredalias="speventoutcome">
        <definition xml:lang="en-GB">Whether the competitor won, lost, or tied.</definition>
        <name xml:lang="en-US">Event Outcome</name>
            <name xml:lang="en-GB">Event Outcome</name>
        <related qcode="speventoutcome:win" rel="skos:hasTopConcept"/>
        <related qcode="speventoutcome:loss" rel="skos:hasTopConcept"/>
        <related qcode="speventoutcome:tie" rel="skos:hasTopConcept"/>
        <related qcode="speventoutcome:undecided" rel="skos:hasTopConcept"/>
        <schemeMetaExtProperty rel="ikos:availLang" value="en-US"/>
        <schemeMetaExtProperty rel="ikos:availLang" value="en-GB"/>
    </schemeMeta>
</knowledgeItem>
