<knowledgeItem xmlns="http://iptc.org/std/nar/2006-10-01/"
	xmlns:xs="http://www.w3.org/2001/XMLSchema" xmlns:newsml="http://iptc.org/std/nar/2006-10-01/"
	standard="NewsML-G2" standardversion="2.18" conformance="power"
	guid="urn:newsml:iptc.org:20080229:srcncdki-speventstatus" version="1">
	<catalogRef href="http://www.iptc.org/std/catalog/catalog.IPTC-G2-Standards_25.xml"/>
	<rightsInfo>
		<copyrightHolder uri="http://cv.iptc.org/newscodes/newsprovider/IPTC">
			<name>IPTC - International Press Telecommunications Council</name>
		</copyrightHolder>
		<copyrightNotice>Copyright 2016, IPTC, www.iptc.org, Rights Reserved</copyrightNotice>
		<usageTerms href="http://creativecommons.org/licenses/by/4.0/">the Creative Commons
			Attribution (CC BY) 4.0 license applies to all NewsCodes</usageTerms>
	</rightsInfo>
	<itemMeta>
		<itemClass qcode="cinat:scheme"/>
		<provider uri="http://cv.iptc.org/newscodes/newsprovider/IPTC">
			<name>IPTC</name>
		</provider>
		<versionCreated>2016-06-13T15:15:32-04:00</versionCreated>
		<pubStatus qcode="stat:usable"/>
	</itemMeta>
	<contentMeta>
		<subject qcode="subj:15000000">
			<name xml:lang="en-US">sport</name>
            <name xml:lang="en-GB">sport</name>
		</subject>
		<description>The stage of the event, describing whether it has started, is in progress,
			etc.</description>
	</contentMeta>
	<conceptSet>
		<concept id="speventstatuspre-event">
			<conceptId qcode="speventstatus:pre-event" created="2016-05-02T00:00:00+00:00"/>
            <type qcode="cpnat:abstract"/>
			<name xml:lang="en-US">pre-event</name>
            <name xml:lang="en-GB">pre-event</name>
			<definition xml:lang="en-GB">Any time before an event begins.</definition>
			<related uri="http://cv.iptc.org/newscodes/speventstatus/" rel="skos:inScheme"/>
		</concept>
		<concept id="speventstatusmid-event">
			<conceptId qcode="speventstatus:mid-event" created="2016-05-02T00:00:00+00:00"/>
            <type qcode="cpnat:abstract"/>
			<name xml:lang="en-US">mid-event</name>
            <name xml:lang="en-GB">mid-event</name>
			<definition xml:lang="en-GB">Any time while an event is in-play.</definition>
			<related uri="http://cv.iptc.org/newscodes/speventstatus/" rel="skos:inScheme"/>
		</concept>
		<concept id="speventstatuspost-event">
			<conceptId qcode="speventstatus:post-event" created="2016-05-02T00:00:00+00:00"/>
            <type qcode="cpnat:abstract"/>
			<name xml:lang="en-US">post-event</name>
            <name xml:lang="en-GB">post-event</name>
			<definition xml:lang="en-GB">Any time after an event is finished.</definition>
			<related uri="http://cv.iptc.org/newscodes/speventstatus/" rel="skos:inScheme"/>
		</concept>
		<concept id="speventstatuspostponed">
			<conceptId qcode="speventstatus:postponed" created="2016-05-02T00:00:00+00:00"/>
            <type qcode="cpnat:abstract"/>
			<name xml:lang="en-US">postponed</name>
            <name xml:lang="en-GB">postponed</name>
			<definition xml:lang="en-GB">The putting off of an event until a later date, before the event has begun,
				for whatever reason.</definition>
			<related uri="http://cv.iptc.org/newscodes/speventstatus/" rel="skos:inScheme"/>
		</concept>
		<concept id="speventstatussuspended">
			<conceptId qcode="speventstatus:suspended" created="2016-05-02T00:00:00+00:00"/>
            <type qcode="cpnat:abstract"/>
			<name xml:lang="en-US">suspended</name>
            <name xml:lang="en-GB">suspended</name>
			<definition xml:lang="en-GB">An event is stopped with the intention of resumption at a later
				date.</definition>
			<related uri="http://cv.iptc.org/newscodes/speventstatus/" rel="skos:inScheme"/>
		</concept>
		<concept id="speventstatushalted">
			<conceptId qcode="speventstatus:halted" created="2016-05-02T00:00:00+00:00"/>
            <type qcode="cpnat:abstract"/>
			<name xml:lang="en-US">halted</name>
            <name xml:lang="en-GB">halted</name>
			<definition xml:lang="en-GB">An event is stopped and not resumed or ended.</definition>
			<related uri="http://cv.iptc.org/newscodes/speventstatus/" rel="skos:inScheme"/>
		</concept>
		<concept id="speventstatusforfeited">
			<conceptId qcode="speventstatus:forfeited" created="2016-05-02T00:00:00+00:00"/>
            <type qcode="cpnat:abstract"/>
			<name xml:lang="en-US">forfeited</name>
            <name xml:lang="en-GB">forfeited</name>
			<definition xml:lang="en-GB">A team declines or is unable to play and loses by default. The opponent is
				awarded the win.</definition>
			<related uri="http://cv.iptc.org/newscodes/speventstatus/" rel="skos:inScheme"/>
		</concept>
		<concept id="speventstatusrescheduled">
			<conceptId qcode="speventstatus:rescheduled" created="2016-05-02T00:00:00+00:00"/>
            <type qcode="cpnat:abstract"/>
			<name xml:lang="en-US">rescheduled</name>
            <name xml:lang="en-GB">rescheduled</name>
			<definition xml:lang="en-GB">An event is given a new time and date.</definition>
			<related uri="http://cv.iptc.org/newscodes/speventstatus/" rel="skos:inScheme"/>
		</concept>
		<concept id="speventstatusdelayed">
			<conceptId qcode="speventstatus:delayed" created="2016-05-02T00:00:00+00:00"/>
            <type qcode="cpnat:abstract"/>
			<name xml:lang="en-US">delayed</name>
            <name xml:lang="en-GB">delayed</name>
			<definition xml:lang="en-GB">An event is held up, for example by inclement weather. Can happen before or
				during an event.</definition>
			<related uri="http://cv.iptc.org/newscodes/speventstatus/" rel="skos:inScheme"/>
		</concept>
		<concept id="speventstatuscanceled">
			<conceptId qcode="speventstatus:canceled" created="2016-05-02T00:00:00+00:00"/>
            <type qcode="cpnat:abstract"/>
			<name xml:lang="en-US">canceled</name>
            <name xml:lang="en-GB">canceled</name>
			<definition xml:lang="en-GB">An event is never played and not re-scheduled.</definition>
			<related uri="http://cv.iptc.org/newscodes/speventstatus/" rel="skos:inScheme"/>
		</concept>
		<concept id="speventstatusintermission">
			<conceptId qcode="speventstatus:intermission" created="2016-05-02T00:00:00+00:00"/>
            <type qcode="cpnat:abstract"/>
			<name xml:lang="en-US">intermission</name>
            <name xml:lang="en-GB">intermission</name>
			<definition xml:lang="en-GB">A planned or scheduled break in play after which play resumes.</definition>
			<related uri="http://cv.iptc.org/newscodes/speventstatus/" rel="skos:inScheme"/>
		</concept>
		<concept id="speventstatusif-necessary">
			<conceptId qcode="speventstatus:if-necessary" created="2016-05-02T00:00:00+00:00"/>
            <type qcode="cpnat:abstract"/>
			<name xml:lang="en-US">if-necessary</name>
            <name xml:lang="en-GB">if-necessary</name>
			<definition xml:lang="en-GB">An event whose commencement is dependant upon the outcome of prior
				events.</definition>
			<related uri="http://cv.iptc.org/newscodes/speventstatus/" rel="skos:inScheme"/>
		</concept>
		<concept id="speventstatusdiscarded">
			<conceptId qcode="speventstatus:discarded" created="2016-05-02T00:00:00+00:00"/>
            <type qcode="cpnat:abstract"/>
			<name xml:lang="en-US">discarded</name>
            <name xml:lang="en-GB">discarded</name>
			<definition xml:lang="en-GB">A cancelled event because the event was unnecessary.</definition>
			<related uri="http://cv.iptc.org/newscodes/speventstatus/" rel="skos:inScheme"/>
		</concept>
	</conceptSet>
	<schemeMeta authority="http://www.iptc.org" uri="http://cv.iptc.org/newscodes/speventstatus/"
		preferredalias="speventstatus">
		<definition xml:lang="en-GB">The stage of the event, describing whether it has started, is
			in progress, etc.</definition>
		<name xml:lang="en-US">Event Status</name>
            <name xml:lang="en-GB">Event Status</name>
		<related qcode="speventstatus:pre-event" rel="skos:hasTopConcept"/>
		<related qcode="speventstatus:mid-event" rel="skos:hasTopConcept"/>
		<related qcode="speventstatus:post-event" rel="skos:hasTopConcept"/>
		<related qcode="speventstatus:postponed" rel="skos:hasTopConcept"/>
		<related qcode="speventstatus:suspended" rel="skos:hasTopConcept"/>
		<related qcode="speventstatus:halted" rel="skos:hasTopConcept"/>
		<related qcode="speventstatus:forfeited" rel="skos:hasTopConcept"/>
		<related qcode="speventstatus:rescheduled" rel="skos:hasTopConcept"/>
		<related qcode="speventstatus:delayed" rel="skos:hasTopConcept"/>
		<related qcode="speventstatus:canceled" rel="skos:hasTopConcept"/>
		<related qcode="speventstatus:intermission" rel="skos:hasTopConcept"/>
		<related qcode="speventstatus:if-necessary" rel="skos:hasTopConcept"/>
		<related qcode="speventstatus:discarded" rel="skos:hasTopConcept"/>
		<schemeMetaExtProperty rel="ikos:availLang" value="en-GB"/>
		<schemeMetaExtProperty rel="ikos:availLang" value="en-US"/>
	</schemeMeta>
</knowledgeItem>
