<knowledgeItem xmlns="http://iptc.org/std/nar/2006-10-01/" standard="NewsML-G2"
    standardversion="2.18" conformance="power"
    guid="urn:newsml:iptc.org:20080229:srcncdki-speventstyle" version="1">
    <catalogRef href="http://www.iptc.org/std/catalog/catalog.IPTC-G2-Standards_25.xml"/>
    <catalogRef href="http://www.iptc.org/std/catalog/catalog.IPTC-Sports_1.xml"/>
    <rightsInfo>
        <copyrightHolder uri="http://cv.iptc.org/newscodes/newsprovider/IPTC">
            <name>IPTC - International Press Telecommunications Council</name>
        </copyrightHolder>
        <copyrightNotice>Copyright 2016, IPTC, www.iptc.org, Rights Reserved</copyrightNotice>
        <usageTerms href="http://creativecommons.org/licenses/by/4.0/">the Creative Commons
            Attribution (CC BY) 4.0 license applies to all NewsCodes</usageTerms>
    </rightsInfo>
    <itemMeta>
        <itemClass qcode="cinat:scheme"/>
        <provider uri="http://cv.iptc.org/newscodes/newsprovider/IPTC">
            <name>IPTC</name>
        </provider>
        <versionCreated>2016-06-13T15:15:32-04:00</versionCreated>
        <pubStatus qcode="stat:usable"/>
    </itemMeta>
    <contentMeta>
        <subject qcode="subj:15000000">
            <name xml:lang="en-US">sport</name>
            <name xml:lang="en-GB">sport</name>
        </subject>
        <description>Indicates whether competitors are trying to defeat each other or just outdo one
            another.</description>
    </contentMeta>
    <conceptSet>
        <concept id="speventstylehead-to-head">
            <conceptId qcode="speventstyle:head-to-head" created="2016-05-02T00:00:00+00:00"/>
            <type qcode="cpnat:abstract"/>
            <name xml:lang="en-US">head-to-head</name>
            <name xml:lang="en-GB">head-to-head</name>
            <definition/>
            <related uri="http://cv.iptc.org/newscodes/speventstyle/" rel="skos:inScheme"/>
        </concept>
        <concept id="speventstyleranked">
            <conceptId qcode="speventstyle:ranked" created="2016-05-02T00:00:00+00:00"/>
            <type qcode="cpnat:abstract"/>
            <name xml:lang="en-US">ranked</name>
            <name xml:lang="en-GB">ranked</name>
            <definition/>
            <related uri="http://cv.iptc.org/newscodes/speventstyle/" rel="skos:inScheme"/>
        </concept>
    </conceptSet>
    <schemeMeta authority="http://www.iptc.org" uri="http://cv.iptc.org/newscodes/speventstyle/"
        preferredalias="speventstyle">
        <definition xml:lang="en-GB">Indicates whether competitors are trying to defeat each other
            or just outdo one another.</definition>
        <name xml:lang="en-US">Event Style</name>
            <name xml:lang="en-GB">Event Style</name>
        <related qcode="speventstyle:head-to-head" rel="skos:hasTopConcept"/>
        <related qcode="speventstyle:ranked" rel="skos:hasTopConcept"/>
        <schemeMetaExtProperty rel="ikos:availLang" value="en-US"/>
        <schemeMetaExtProperty rel="ikos:availLang" value="en-GB"/>
    </schemeMeta>
</knowledgeItem>
