<knowledgeItem xmlns="http://iptc.org/std/nar/2006-10-01/" standard="NewsML-G2"
    standardversion="2.18" conformance="power"
    guid="urn:newsml:iptc.org:20080229:srcncdki-speventoutcometype" version="1">
    <catalogRef href="http://www.iptc.org/std/catalog/catalog.IPTC-G2-Standards_25.xml"/>
    <catalogRef href="http://www.iptc.org/std/catalog/catalog.IPTC-Sports_1.xml"/>
    <rightsInfo>
        <copyrightHolder uri="http://cv.iptc.org/newscodes/newsprovider/IPTC">
            <name>IPTC - International Press Telecommunications Council</name>
        </copyrightHolder>
        <copyrightNotice>Copyright 2016, IPTC, www.iptc.org, Rights Reserved</copyrightNotice>
        <usageTerms href="http://creativecommons.org/licenses/by/4.0/">the Creative Commons
            Attribution (CC BY) 4.0 license applies to all NewsCodes</usageTerms>
    </rightsInfo>
    <itemMeta>
        <itemClass qcode="cinat:scheme"/>
        <provider uri="http://cv.iptc.org/newscodes/newsprovider/IPTC">
            <name>IPTC</name>
        </provider>
        <versionCreated>2016-06-13T15:15:32-04:00</versionCreated>
        <pubStatus qcode="stat:usable"/>
    </itemMeta>
    <contentMeta>
        <subject qcode="subj:15000000">
            <name xml:lang="en-US">sport</name>
            <name xml:lang="en-GB">sport</name>
        </subject>
        <description>What type of outcome. Includes overtime, random (eg. by coin toss),
            etc.</description>
    </contentMeta>
    <conceptSet>
        <concept id="speventoutcometyperegular">
            <conceptId qcode="speventoutcometype:regular" created="2016-05-02T00:00:00+00:00"/>
            <type qcode="cpnat:abstract"/>
            <name xml:lang="en-US">regular</name>
            <name xml:lang="en-GB">regular</name>
            <definition/>
            <related uri="http://cv.iptc.org/newscodes/speventoutcometype/" rel="skos:inScheme"/>
        </concept>
        <concept id="speventoutcometypeovertime">
            <conceptId qcode="speventoutcometype:overtime" created="2016-05-02T00:00:00+00:00"/>
            <type qcode="cpnat:abstract"/>
            <name xml:lang="en-US">overtime</name>
            <name xml:lang="en-GB">overtime</name>
            <definition/>
            <related uri="http://cv.iptc.org/newscodes/speventoutcometype/" rel="skos:inScheme"/>
        </concept>
        <concept id="speventoutcometypeshootout">
            <conceptId qcode="speventoutcometype:shootout" created="2016-05-02T00:00:00+00:00"/>
            <type qcode="cpnat:abstract"/>
            <name xml:lang="en-US">shootout</name>
            <name xml:lang="en-GB">shootout</name>
            <definition/>
            <related uri="http://cv.iptc.org/newscodes/speventoutcometype/" rel="skos:inScheme"/>
        </concept>
        <concept id="speventoutcometypeextra-time">
            <conceptId qcode="speventoutcometype:extra-time" created="2016-05-02T00:00:00+00:00"/>
            <type qcode="cpnat:abstract"/>
            <name xml:lang="en-US">extra-time</name>
            <name xml:lang="en-GB">extra-time</name>
            <definition/>
            <related uri="http://cv.iptc.org/newscodes/speventoutcometype/" rel="skos:inScheme"/>
        </concept>
        <concept id="speventoutcometyperandom">
            <conceptId qcode="speventoutcometype:random" created="2016-05-02T00:00:00+00:00"/>
            <type qcode="cpnat:abstract"/>
            <name xml:lang="en-US">random</name>
            <name xml:lang="en-GB">random</name>
            <definition/>
            <related uri="http://cv.iptc.org/newscodes/speventoutcometype/" rel="skos:inScheme"/>
        </concept>
        <concept id="speventoutcometypeauthority-decision">
            <conceptId qcode="speventoutcometype:authority-decision" created="2016-05-02T00:00:00+00:00"/>
            <type qcode="cpnat:abstract"/>
            <name xml:lang="en-US">authority-decision</name>
            <name xml:lang="en-GB">authority-decision</name>
            <definition/>
            <related uri="http://cv.iptc.org/newscodes/speventoutcometype/" rel="skos:inScheme"/>
        </concept>
    </conceptSet>
    <schemeMeta authority="http://www.iptc.org"
        uri="http://cv.iptc.org/newscodes/speventoutcometype/" preferredalias="speventoutcometype">
        <definition xml:lang="en-GB">What type of outcome. Includes overtime, random (eg. by coin
            toss), etc.</definition>
        <name xml:lang="en-US">Event Outcome Type</name>
            <name xml:lang="en-GB">Event Outcome Type</name>
        <related qcode="speventoutcometype:regular" rel="skos:hasTopConcept"/>
        <related qcode="speventoutcometype:overtime" rel="skos:hasTopConcept"/>
        <related qcode="speventoutcometype:shootout" rel="skos:hasTopConcept"/>
        <related qcode="speventoutcometype:extra-time" rel="skos:hasTopConcept"/>
        <related qcode="speventoutcometype:random" rel="skos:hasTopConcept"/>
        <related qcode="speventoutcometype:authority-decision" rel="skos:hasTopConcept"/>
        <schemeMetaExtProperty rel="ikos:availLang" value="en-US"/>
        <schemeMetaExtProperty rel="ikos:availLang" value="en-GB"/>
    </schemeMeta>
</knowledgeItem>
