<knowledgeItem xmlns="http://iptc.org/std/nar/2006-10-01/" standard="NewsML-G2"
    standardversion="2.18" conformance="power"
    guid="urn:newsml:iptc.org:20080229:srcncdki-spparticipantcount" version="1">
    <catalogRef href="http://www.iptc.org/std/catalog/catalog.IPTC-G2-Standards_25.xml"/>
    <catalogRef href="http://www.iptc.org/std/catalog/catalog.IPTC-Sports_1.xml"/>
    <rightsInfo>
        <copyrightHolder uri="http://cv.iptc.org/newscodes/newsprovider/IPTC">
            <name>IPTC - International Press Telecommunications Council</name>
        </copyrightHolder>
        <copyrightNotice>Copyright 2016, IPTC, www.iptc.org, Rights Reserved</copyrightNotice>
        <usageTerms href="http://creativecommons.org/licenses/by/4.0/">the Creative Commons
            Attribution (CC BY) 4.0 license applies to all NewsCodes</usageTerms>
    </rightsInfo>
    <itemMeta>
        <itemClass qcode="cinat:scheme"/>
        <provider uri="http://cv.iptc.org/newscodes/newsprovider/IPTC">
            <name>IPTC</name>
        </provider>
        <versionCreated>2016-06-13T15:15:32-04:00</versionCreated>
        <pubStatus qcode="stat:usable"/>
    </itemMeta>
    <contentMeta>
        <subject qcode="subj:15000000">
            <name xml:lang="en-US">sport</name>
            <name xml:lang="en-GB">sport</name>
        </subject>
        <description>Groupings of participants playing on a team or side in the events
            covered.</description>
    </contentMeta>
    <conceptSet>
        <concept id="spparticipantcountindividual">
            <conceptId qcode="spparticipantcount:individual" created="2016-05-02T00:00:00+00:00"/>
            <type qcode="cpnat:abstract"/>
            <name xml:lang="en-US">individual</name>
            <name xml:lang="en-GB">individual</name>
            <definition/>
            <related uri="http://cv.iptc.org/newscodes/spparticipantcount/" rel="skos:inScheme"/>
        </concept>
        <concept id="spparticipantcountdoubles">
            <conceptId qcode="spparticipantcount:doubles" created="2016-05-02T00:00:00+00:00"/>
            <type qcode="cpnat:abstract"/>
            <name xml:lang="en-US">doubles</name>
            <name xml:lang="en-GB">doubles</name>
            <definition/>
            <related uri="http://cv.iptc.org/newscodes/spparticipantcount/" rel="skos:inScheme"/>
        </concept>
        <concept id="spparticipantcountteam">
            <conceptId qcode="spparticipantcount:team" created="2016-05-02T00:00:00+00:00"/>
            <type qcode="cpnat:abstract"/>
            <name xml:lang="en-US">team</name>
            <name xml:lang="en-GB">team</name>
            <definition/>
            <related uri="http://cv.iptc.org/newscodes/spparticipantcount/" rel="skos:inScheme"/>
        </concept>
    </conceptSet>
    <schemeMeta authority="http://www.iptc.org"
        uri="http://cv.iptc.org/newscodes/spparticipantcount/" preferredalias="spparticipantcount">
        <definition xml:lang="en-GB">Groupings of participants playing on a team or side in the
            events covered.</definition>
        <name xml:lang="en-US">Participant Grouping</name>
            <name xml:lang="en-GB">Participant Grouping</name>
        <related qcode="spparticipantcount:individual" rel="skos:hasTopConcept"/>
        <related qcode="spparticipantcount:doubles" rel="skos:hasTopConcept"/>
        <related qcode="spparticipantcount:team" rel="skos:hasTopConcept"/>
        <schemeMetaExtProperty rel="ikos:availLang" value="en-US"/>
        <schemeMetaExtProperty rel="ikos:availLang" value="en-GB"/>
    </schemeMeta>
</knowledgeItem>
