<knowledgeItem xmlns="http://iptc.org/std/nar/2006-10-01/"
    xmlns:xs="http://www.w3.org/2001/XMLSchema" xmlns:newsml="http://iptc.org/std/nar/2006-10-01/"
    standard="NewsML-G2" standardversion="2.18" conformance="power"
    guid="urn:newsml:iptc.org:20080229:srcncdki-spphasestatus" version="1">
    <catalogRef href="http://www.iptc.org/std/catalog/catalog.IPTC-G2-Standards_25.xml"/>
    <catalogRef href="http://www.iptc.org/std/catalog/catalog.IPTC-Sports_1.xml"/>
    <rightsInfo>
        <copyrightHolder uri="http://cv.iptc.org/newscodes/newsprovider/IPTC">
            <name>IPTC - International Press Telecommunications Council</name>
        </copyrightHolder>
        <copyrightNotice>Copyright 2016, IPTC, www.iptc.org, Rights Reserved</copyrightNotice>
        <usageTerms href="http://creativecommons.org/licenses/by/4.0/">the Creative Commons
            Attribution (CC BY) 4.0 license applies to all NewsCodes</usageTerms>
    </rightsInfo>
    <itemMeta>
        <itemClass qcode="cinat:scheme"/>
        <provider uri="http://cv.iptc.org/newscodes/newsprovider/IPTC">
            <name>IPTC</name>
        </provider>
        <versionCreated>2016-06-13T15:15:32-04:00</versionCreated>
        <pubStatus qcode="stat:usable"/>
    </itemMeta>
    <contentMeta>
        <subject qcode="subj:15000000">
            <name xml:lang="en-US">sport</name>
            <name xml:lang="en-GB">sport</name>
        </subject>
        <description>Status of an athlete</description>
    </contentMeta>
    <conceptSet>
        <concept id="spphasestatusactive">
            <conceptId qcode="spphasestatus:active" created="2016-05-02T00:00:00+00:00"/>
            <type qcode="cpnat:abstract"/>
            <name xml:lang="en-US">active</name>
            <name xml:lang="en-GB">active</name>
            <definition xml:lang="en-GB">Currently active and able to play.</definition>
            <related uri="http://cv.iptc.org/newscodes/spphasestatus/" rel="skos:inScheme"/>
        </concept>
        <concept id="spphasestatusinjured">
            <conceptId qcode="spphasestatus:injured" created="2016-05-02T00:00:00+00:00"/>
            <type qcode="cpnat:abstract"/>
            <name xml:lang="en-US">injured</name>
            <name xml:lang="en-GB">injured</name>
            <definition xml:lang="en-GB">Unable to play due to injury.</definition>
            <related uri="http://cv.iptc.org/newscodes/spphasestatus/" rel="skos:inScheme"/>
        </concept>
        <concept id="spphasestatusdisabled-list">
            <conceptId qcode="spphasestatus:disabled-list" created="2016-05-02T00:00:00+00:00"/>
            <type qcode="cpnat:abstract"/>
            <name xml:lang="en-US">disabled-list</name>
            <name xml:lang="en-GB">disabled-list</name>
            <definition xml:lang="en-GB">Unable to play due to injury. Deemed long-term.</definition>
            <related uri="http://cv.iptc.org/newscodes/spphasestatus/" rel="skos:inScheme"/>
        </concept>
        <concept id="spphasestatustry-out">
            <conceptId qcode="spphasestatus:try-out" created="2016-05-02T00:00:00+00:00"/>
            <type qcode="cpnat:abstract"/>
            <name xml:lang="en-US">try-out</name>
            <name xml:lang="en-GB">try-out</name>
            <definition xml:lang="en-GB">Not on time, attempting to make the lineup.</definition>
            <related uri="http://cv.iptc.org/newscodes/spphasestatus/" rel="skos:inScheme"/>
        </concept>
        <concept id="spphasestatusinactive">
            <conceptId qcode="spphasestatus:inactive" created="2016-05-02T00:00:00+00:00"/>
            <type qcode="cpnat:abstract"/>
            <name xml:lang="en-US">inactive</name>
            <name xml:lang="en-GB">inactive</name>
            <definition xml:lang="en-GB">Inactive, not playing.</definition>
            <related uri="http://cv.iptc.org/newscodes/spphasestatus/" rel="skos:inScheme"/>
        </concept>
        <concept id="spphasestatusphysically-unable">
            <conceptId qcode="spphasestatus:physically-unable" created="2016-05-02T00:00:00+00:00"/>
            <type qcode="cpnat:abstract"/>
            <name xml:lang="en-US">physically-unable</name>
            <name xml:lang="en-GB">physically-unable</name>
            <definition xml:lang="en-GB">Unable to play for physical reason, not necessarily injury.</definition>
            <related uri="http://cv.iptc.org/newscodes/spphasestatus/" rel="skos:inScheme"/>
        </concept>
    </conceptSet>
    <schemeMeta authority="http://www.iptc.org" uri="http://cv.iptc.org/newscodes/spphasestatus/"
        preferredalias="spphasestatus">
        <definition xml:lang="en-GB">Status of an athlete</definition>
        <name xml:lang="en-US">Athlete Status</name>
            <name xml:lang="en-GB">Athlete Status</name>
        <related qcode="spphasestatus:active" rel="skos:hasTopConcept"/>
        <related qcode="spphasestatus:injured" rel="skos:hasTopConcept"/>
        <related qcode="spphasestatus:disabled-list" rel="skos:hasTopConcept"/>
        <related qcode="spphasestatus:try-out" rel="skos:hasTopConcept"/>
        <related qcode="spphasestatus:inactive" rel="skos:hasTopConcept"/>
        <related qcode="spphasestatus:physically-unable" rel="skos:hasTopConcept"/>
        <schemeMetaExtProperty rel="ikos:availLang" value="en-US"/>
        <schemeMetaExtProperty rel="ikos:availLang" value="en-GB"/>
    </schemeMeta>
</knowledgeItem>
