<knowledgeItem xmlns="http://iptc.org/std/nar/2006-10-01/"
    xmlns:xs="http://www.w3.org/2001/XMLSchema" xmlns:newsml="http://iptc.org/std/nar/2006-10-01/"
    standard="NewsML-G2" standardversion="2.18" conformance="power"
    guid="urn:newsml:iptc.org:20080229:srcncdki-spphase" version="1">
    <catalogRef href="http://www.iptc.org/std/catalog/catalog.IPTC-G2-Standards_25.xml"/>
    <catalogRef href="http://www.iptc.org/std/catalog/catalog.IPTC-Sports_1.xml"/>
    <rightsInfo>
        <copyrightHolder uri="http://cv.iptc.org/newscodes/newsprovider/IPTC">
            <name>IPTC - International Press Telecommunications Council</name>
        </copyrightHolder>
        <copyrightNotice>Copyright 2016, IPTC, www.iptc.org, Rights Reserved</copyrightNotice>
        <usageTerms href="http://creativecommons.org/licenses/by/4.0/">the Creative Commons
            Attribution (CC BY) 4.0 license applies to all NewsCodes</usageTerms>
    </rightsInfo>
    <itemMeta>
        <itemClass qcode="cinat:scheme"/>
        <provider uri="http://cv.iptc.org/newscodes/newsprovider/IPTC">
            <name>IPTC</name>
        </provider>
        <versionCreated>2016-06-13T15:15:32-04:00</versionCreated>
        <pubStatus qcode="stat:usable"/>
    </itemMeta>
    <contentMeta>
        <subject qcode="subj:15000000">
            <name xml:lang="en-US">sport</name>
            <name xml:lang="en-GB">sport</name>
        </subject>
        <description>Career phases of athletes</description>
    </contentMeta>
    <conceptSet>
        <concept id="spphasescholastic">
            <conceptId qcode="spphase:scholastic" created="2016-05-02T00:00:00+00:00"/>
            <type qcode="cpnat:abstract"/>
            <name xml:lang="en-US">scholastic</name>
            <name xml:lang="en-GB">scholastic</name>
            <definition/>
            <related uri="http://cv.iptc.org/newscodes/spphase/" rel="skos:inScheme"/>
        </concept>
        <concept id="spphasecollege">
            <conceptId qcode="spphase:college" created="2016-05-02T00:00:00+00:00"/>
            <type qcode="cpnat:abstract"/>
            <name xml:lang="en-US">college</name>
            <name xml:lang="en-GB">college</name>
            <definition/>
            <related uri="http://cv.iptc.org/newscodes/spphase/" rel="skos:inScheme"/>
        </concept>
        <concept id="spphaseamateur">
            <conceptId qcode="spphase:amateur" created="2016-05-02T00:00:00+00:00"/>
            <type qcode="cpnat:abstract"/>
            <name xml:lang="en-US">amateur</name>
            <name xml:lang="en-GB">amateur</name>
            <definition/>
            <related uri="http://cv.iptc.org/newscodes/spphase/" rel="skos:inScheme"/>
        </concept>
        <concept id="spphaseprofessional">
            <conceptId qcode="spphase:professional" created="2016-05-02T00:00:00+00:00"/>
            <type qcode="cpnat:abstract"/>
            <name xml:lang="en-US">professional</name>
            <name xml:lang="en-GB">professional</name>
            <definition/>
            <related uri="http://cv.iptc.org/newscodes/spphase/" rel="skos:inScheme"/>
        </concept>
        <concept id="spphaseminor-league">
            <conceptId qcode="spphase:minor-league" created="2016-05-02T00:00:00+00:00"/>
            <type qcode="cpnat:abstract"/>
            <name xml:lang="en-US">minor-league</name>
            <name xml:lang="en-GB">minor-league</name>
            <definition/>
            <related uri="http://cv.iptc.org/newscodes/spphase/" rel="skos:inScheme"/>
        </concept>
        <concept id="spphasesemi-professional">
            <conceptId qcode="spphase:semi-professional" created="2016-05-02T00:00:00+00:00"/>
            <type qcode="cpnat:abstract"/>
            <name xml:lang="en-US">semi-professional</name>
            <name xml:lang="en-GB">semi-professional</name>
            <definition/>
            <related uri="http://cv.iptc.org/newscodes/spphase/" rel="skos:inScheme"/>
        </concept>
        <concept id="spphaseformer-professional">
            <conceptId qcode="spphase:former-professional" created="2016-05-02T00:00:00+00:00"/>
            <type qcode="cpnat:abstract"/>
            <name xml:lang="en-US">former-professional</name>
            <name xml:lang="en-GB">former-professional</name>
            <definition/>
            <related uri="http://cv.iptc.org/newscodes/spphase/" rel="skos:inScheme"/>
        </concept>
        <concept id="spphasereleased">
            <conceptId qcode="spphase:released" created="2016-05-02T00:00:00+00:00"/>
            <type qcode="cpnat:abstract"/>
            <name xml:lang="en-US">released</name>
            <name xml:lang="en-GB">released</name>
            <definition/>
            <related uri="http://cv.iptc.org/newscodes/spphase/" rel="skos:inScheme"/>
        </concept>
        <concept id="spphasefree-agent">
            <conceptId qcode="spphase:free-agent" created="2016-05-02T00:00:00+00:00"/>
            <type qcode="cpnat:abstract"/>
            <name xml:lang="en-US">free-agent</name>
            <name xml:lang="en-GB">free-agent</name>
            <definition/>
            <related uri="http://cv.iptc.org/newscodes/spphase/" rel="skos:inScheme"/>
        </concept>
    </conceptSet>
    <schemeMeta authority="http://www.iptc.org" uri="http://cv.iptc.org/newscodes/spphase/"
        preferredalias="spphase">
        <definition xml:lang="en-GB">Career phases of athletes</definition>
        <name xml:lang="en-US">Career Phase</name>
            <name xml:lang="en-GB">Career Phase</name>
        <related qcode="spphase:scholastic" rel="skos:hasTopConcept"/>
        <related qcode="spphase:college" rel="skos:hasTopConcept"/>
        <related qcode="spphase:amateur" rel="skos:hasTopConcept"/>
        <related qcode="spphase:minor-league" rel="skos:hasTopConcept"/>
        <related qcode="spphase:professional" rel="skos:hasTopConcept"/>
        <related qcode="spphase:semi-professional" rel="skos:hasTopConcept"/>
        <related qcode="spphase:former-professional" rel="skos:hasTopConcept"/>
        <related qcode="spphase:released" rel="skos:hasTopConcept"/>
        <related qcode="spphase:free-agent" rel="skos:hasTopConcept"/>
        <schemeMetaExtProperty rel="ikos:availLang" value="en-US"/>
        <schemeMetaExtProperty rel="ikos:availLang" value="en-GB"/>
    </schemeMeta>
</knowledgeItem>
