<knowledgeItem xmlns="http://iptc.org/std/nar/2006-10-01/"
	xmlns:xs="http://www.w3.org/2001/XMLSchema" xmlns:newsml="http://iptc.org/std/nar/2006-10-01/"
	standard="NewsML-G2" standardversion="2.18" conformance="power"
	guid="urn:newsml:iptc.org:20080229:srcncdki-spplayerstatus" version="1">
	<catalogRef href="http://www.iptc.org/std/catalog/catalog.IPTC-G2-Standards_25.xml"/>
	<rightsInfo>
		<copyrightHolder uri="http://cv.iptc.org/newscodes/newsprovider/IPTC">
			<name>IPTC - International Press Telecommunications Council</name>
		</copyrightHolder>
		<copyrightNotice>Copyright 2016, IPTC, www.iptc.org, Rights Reserved</copyrightNotice>
		<usageTerms href="http://creativecommons.org/licenses/by/4.0/">the Creative Commons
			Attribution (CC BY) 4.0 license applies to all NewsCodes</usageTerms>
	</rightsInfo>
	<itemMeta>
		<itemClass qcode="cinat:scheme"/>
		<provider uri="http://cv.iptc.org/newscodes/newsprovider/IPTC">
			<name>IPTC</name>
		</provider>
		<versionCreated>2016-06-13T15:15:32-04:00</versionCreated>
		<pubStatus qcode="stat:usable"/>
	</itemMeta>
	<contentMeta>
		<subject qcode="subj:15000000">
			<name xml:lang="en-US">sport</name>
            <name xml:lang="en-GB">sport</name>
		</subject>
		<description>Whether a player starts playing at the beginning of a sports-event, joins
			mid-game, or is not available to participate.</description>
	</contentMeta>
	<conceptSet>
		<concept id="spplayerstatusstarter">
			<conceptId qcode="spplayerstatus:starter" created="2016-05-02T00:00:00+00:00"/>
            <type qcode="cpnat:abstract"/>
			<name xml:lang="en-US">starter</name>
            <name xml:lang="en-GB">starter</name>
			<definition xml:lang="en-GB">A member of the lineup that enters the field at the commencement of
				play.</definition>
			<related uri="http://cv.iptc.org/newscodes/spplayerstatus/" rel="skos:inScheme"/>
		</concept>
		<concept id="spplayerstatusbench">
			<conceptId qcode="spplayerstatus:bench" created="2016-05-02T00:00:00+00:00"/>
            <type qcode="cpnat:abstract"/>
			<name xml:lang="en-US">bench</name>
            <name xml:lang="en-GB">bench</name>
			<definition xml:lang="en-GB">Does not enter field at commencement of play, is substituted in or remains
				on bench.</definition>
			<related uri="http://cv.iptc.org/newscodes/spplayerstatus/" rel="skos:inScheme"/>
		</concept>
		<concept id="spplayerstatusscratched">
			<conceptId qcode="spplayerstatus:scratched" created="2016-05-02T00:00:00+00:00"/>
            <type qcode="cpnat:abstract"/>
			<name xml:lang="en-US">scratched</name>
            <name xml:lang="en-GB">scratched</name>
			<definition xml:lang="en-GB">Does not dress for event, usually for having not earned a slot in the
				lineup.</definition>
			<related uri="http://cv.iptc.org/newscodes/spplayerstatus/" rel="skos:inScheme"/>
		</concept>
		<concept id="spplayerstatusinjured">
			<conceptId qcode="spplayerstatus:injured" created="2016-05-02T00:00:00+00:00"/>
            <type qcode="cpnat:abstract"/>
			<name xml:lang="en-US">injured</name>
            <name xml:lang="en-GB">injured</name>
			<definition xml:lang="en-GB">Unable to play due to injury.</definition>
			<related uri="http://cv.iptc.org/newscodes/spplayerstatus/" rel="skos:inScheme"/>
		</concept>
		<concept id="spplayerstatussuspended">
			<conceptId qcode="spplayerstatus:suspended" created="2016-05-02T00:00:00+00:00"/>
            <type qcode="cpnat:abstract"/>
			<name xml:lang="en-US">suspended</name>
            <name xml:lang="en-GB">suspended</name>
			<definition xml:lang="en-GB">Unable to play due to suspension due to transgression.</definition>
			<related uri="http://cv.iptc.org/newscodes/spplayerstatus/" rel="skos:inScheme"/>
		</concept>
		<concept id="spplayerstatussidelined">
			<conceptId qcode="spplayerstatus:sidelined" created="2016-05-02T00:00:00+00:00"/>
            <type qcode="cpnat:abstract"/>
			<name xml:lang="en-US">sidelined</name>
            <name xml:lang="en-GB">sidelined</name>
			<definition xml:lang="en-GB">Does not play for other reason.</definition>
			<related uri="http://cv.iptc.org/newscodes/spplayerstatus/" rel="skos:inScheme"/>
		</concept>
	</conceptSet>
	<schemeMeta authority="http://www.iptc.org" uri="http://cv.iptc.org/newscodes/spplayerstatus/"
		preferredalias="spplayerstatus">
		<definition xml:lang="en-GB">Whether a player starts playing at the beginning of a
			sports-event, joins mid-game, or is not available to participate.</definition>
		<name xml:lang="en-US">Player Status</name>
            <name xml:lang="en-GB">Player Status</name>
		<related qcode="spplayerstatus:starter" rel="skos:hasTopConcept"/>
		<related qcode="spplayerstatus:bench" rel="skos:hasTopConcept"/>
		<related qcode="spplayerstatus:scratched" rel="skos:hasTopConcept"/>
		<related qcode="spplayerstatus:injured" rel="skos:hasTopConcept"/>
		<related qcode="spplayerstatus:suspended" rel="skos:hasTopConcept"/>
		<related qcode="spplayerstatus:sidelined" rel="skos:hasTopConcept"/>
		<schemeMetaExtProperty rel="ikos:availLang" value="en-GB"/>
		<schemeMetaExtProperty rel="ikos:availLang" value="en-US"/>
	</schemeMeta>
</knowledgeItem>
