<knowledgeItem xmlns="http://iptc.org/std/nar/2006-10-01/" standard="NewsML-G2"
    standardversion="2.18" conformance="power"
    guid="urn:newsml:iptc.org:20080229:srcncdki-spprofessionalstatus" version="1">
    <catalogRef href="http://www.iptc.org/std/catalog/catalog.IPTC-G2-Standards_25.xml"/>
    <catalogRef href="http://www.iptc.org/std/catalog/catalog.IPTC-Sports_1.xml"/>
    <rightsInfo>
        <copyrightHolder uri="http://cv.iptc.org/newscodes/newsprovider/IPTC">
            <name>IPTC - International Press Telecommunications Council</name>
        </copyrightHolder>
        <copyrightNotice>Copyright 2016, IPTC, www.iptc.org, Rights Reserved</copyrightNotice>
        <usageTerms href="http://creativecommons.org/licenses/by/4.0/">the Creative Commons
            Attribution (CC BY) 4.0 license applies to all NewsCodes</usageTerms>
    </rightsInfo>
    <itemMeta>
        <itemClass qcode="cinat:scheme"/>
        <provider uri="http://cv.iptc.org/newscodes/newsprovider/IPTC">
            <name>IPTC</name>
        </provider>
        <versionCreated>2016-06-13T15:15:32-04:00</versionCreated>
        <pubStatus qcode="stat:usable"/>
    </itemMeta>
    <contentMeta>
        <subject qcode="subj:15000000">
            <name xml:lang="en-US">sport</name>
            <name xml:lang="en-GB">sport</name>
        </subject>
        <description>The professional-status of the events covered.</description>
    </contentMeta>
    <conceptSet>
        <concept id="spprofessionalstatusamateur">
            <conceptId qcode="spprofessionalstatus:amateur" created="2016-05-02T00:00:00+00:00"/>
            <type qcode="cpnat:abstract"/>
            <name xml:lang="en-US">amateur</name>
            <name xml:lang="en-GB">amateur</name>
            <definition/>
            <related uri="http://cv.iptc.org/newscodes/spprofessionalstatus/" rel="skos:inScheme"/>
        </concept>
        <concept id="spprofessionalstatusprofessional">
            <conceptId qcode="spprofessionalstatus:professional" created="2016-05-02T00:00:00+00:00"/>
            <type qcode="cpnat:abstract"/>
            <name xml:lang="en-US">professional</name>
            <name xml:lang="en-GB">professional</name>
            <definition/>
            <related uri="http://cv.iptc.org/newscodes/spprofessionalstatus/" rel="skos:inScheme"/>
        </concept>
    </conceptSet>
    <schemeMeta authority="http://www.iptc.org"
        uri="http://cv.iptc.org/newscodes/spprofessionalstatus/"
        preferredalias="spprofessionalstatus">
        <definition xml:lang="en-GB">The professional status of the events covered.</definition>
        <name xml:lang="en-US">Professional Status</name>
            <name xml:lang="en-GB">Professional Status</name>
        <related qcode="spprofessionalstatus:amateur" rel="skos:hasTopConcept"/>
        <related qcode="spprofessionalstatus:professional" rel="skos:hasTopConcept"/>
        <schemeMetaExtProperty rel="ikos:availLang" value="en-US"/>
        <schemeMetaExtProperty rel="ikos:availLang" value="en-GB"/>
    </schemeMeta>
</knowledgeItem>
