<knowledgeItem xmlns="http://iptc.org/std/nar/2006-10-01/"
    xmlns:xs="http://www.w3.org/2001/XMLSchema" xmlns:newsml="http://iptc.org/std/nar/2006-10-01/"
    standard="NewsML-G2" standardversion="2.18" conformance="power"
    guid="urn:newsml:iptc.org:20080229:srcncdki-spresulteffect" version="1">
    <catalogRef href="http://www.iptc.org/std/catalog/catalog.IPTC-G2-Standards_25.xml"/>
    <catalogRef href="http://www.iptc.org/std/catalog/catalog.IPTC-Sports_1.xml"/>
    <rightsInfo>
        <copyrightHolder uri="http://cv.iptc.org/newscodes/newsprovider/IPTC">
            <name>IPTC - International Press Telecommunications Council</name>
        </copyrightHolder>
        <copyrightNotice>Copyright 2016, IPTC, www.iptc.org, Rights Reserved</copyrightNotice>
        <usageTerms href="http://creativecommons.org/licenses/by/4.0/">the Creative Commons
            Attribution (CC BY) 4.0 license applies to all NewsCodes</usageTerms>
    </rightsInfo>
    <itemMeta>
        <itemClass qcode="cinat:scheme"/>
        <provider uri="http://cv.iptc.org/newscodes/newsprovider/IPTC">
            <name>IPTC</name>
        </provider>
        <versionCreated>2016-06-13T15:15:32-04:00</versionCreated>
        <pubStatus qcode="stat:usable"/>
    </itemMeta>
    <contentMeta>
        <subject qcode="subj:15000000">
            <name xml:lang="en-US">sport</name>
            <name xml:lang="en-GB">sport</name>
        </subject>
        <description>Describes the effect that the result of the event or rank changing has had on
            the team. Example: Whether or not a team has qualified for the playoffs, or has been
            promoted or demoted to a different division.</description>
    </contentMeta>
    <conceptSet>
        <concept id="spresulteffectqualification">
            <conceptId qcode="spresulteffect:qualification" created="2016-05-02T00:00:00+00:00"/>
            <type qcode="cpnat:abstract"/>
            <name xml:lang="en-US">qualification</name>
            <name xml:lang="en-GB">qualification</name>
            <definition/>
            <related uri="http://cv.iptc.org/newscodes/spresulteffect/" rel="skos:inScheme"/>
        </concept>
        <concept id="spresulteffectpromotion">
            <conceptId qcode="spresulteffect:promotion" created="2016-05-02T00:00:00+00:00"/>
            <type qcode="cpnat:abstract"/>
            <name xml:lang="en-US">promotion</name>
            <name xml:lang="en-GB">promotion</name>
            <definition/>
            <related uri="http://cv.iptc.org/newscodes/spresulteffect/" rel="skos:inScheme"/>
        </concept>
        <concept id="spresulteffectdemotion">
            <conceptId qcode="spresulteffect:demotion" created="2016-05-02T00:00:00+00:00"/>
            <type qcode="cpnat:abstract"/>
            <name xml:lang="en-US">demotion</name>
            <name xml:lang="en-GB">demotion</name>
            <definition/>
            <related uri="http://cv.iptc.org/newscodes/spresulteffect/" rel="skos:inScheme"/>
        </concept>
    </conceptSet>
    <schemeMeta authority="http://www.iptc.org" uri="http://cv.iptc.org/newscodes/spresulteffect/"
        preferredalias="spresulteffect">
        <definition xml:lang="en-GB">Describes the effect that the result of the event or rank
            changing has had on the team. Example: Whether or not a team has qualified for the
            playoffs, or has been promoted or demoted to a different division.</definition>
        <name xml:lang="en-US">Result Effect</name>
            <name xml:lang="en-GB">Result Effect</name>
        <related qcode="spresulteffect:qualification" rel="skos:hasTopConcept"/>
        <related qcode="spresulteffect:promotion" rel="skos:hasTopConcept"/>
        <related qcode="spresulteffect:demotion" rel="skos:hasTopConcept"/>
        <schemeMetaExtProperty rel="ikos:availLang" value="en-US"/>
        <schemeMetaExtProperty rel="ikos:availLang" value="en-GB"/>
    </schemeMeta>
</knowledgeItem>
