<knowledgeItem xmlns="http://iptc.org/std/nar/2006-10-01/" standard="NewsML-G2"
    standardversion="2.18" conformance="power"
    guid="urn:newsml:iptc.org:20080229:srcncdki-sprecipienttype" version="1">
    <catalogRef href="http://www.iptc.org/std/catalog/catalog.IPTC-G2-Standards_25.xml"/>
    <catalogRef href="http://www.iptc.org/std/catalog/catalog.IPTC-Sports_1.xml"/>
    <rightsInfo>
        <copyrightHolder uri="http://cv.iptc.org/newscodes/newsprovider/IPTC">
            <name>IPTC - International Press Telecommunications Council</name>
        </copyrightHolder>
        <copyrightNotice>Copyright 2016, IPTC, www.iptc.org, Rights Reserved</copyrightNotice>
        <usageTerms href="http://creativecommons.org/licenses/by/4.0/">the Creative Commons
            Attribution (CC BY) 4.0 license applies to all NewsCodes</usageTerms>
    </rightsInfo>
    <itemMeta>
        <itemClass qcode="cinat:scheme"/>
        <provider uri="http://cv.iptc.org/newscodes/newsprovider/IPTC">
            <name>IPTC</name>
        </provider>
        <versionCreated>2016-06-13T15:15:32-04:00</versionCreated>
        <pubStatus qcode="stat:usable"/>
    </itemMeta>
    <contentMeta>
        <subject qcode="subj:15000000">
            <name xml:lang="en-US">sport</name>
            <name xml:lang="en-GB">sport</name>
        </subject>
        <description>Types of recipients of penalization</description>
    </contentMeta>
    <conceptSet>
        <concept id="sprecipienttypeteam">
            <conceptId qcode="sprecipienttype:team" created="2016-05-02T00:00:00+00:00"/>
            <type qcode="cpnat:abstract"/>
            <name xml:lang="en-US">team</name>
            <name xml:lang="en-GB">team</name>
            <definition/>
            <related uri="http://cv.iptc.org/newscodes/sprecipienttype/" rel="skos:inScheme"/>
        </concept>
        <concept id="sprecipienttypeplayer">
            <conceptId qcode="sprecipienttype:player" created="2016-05-02T00:00:00+00:00"/>
            <type qcode="cpnat:abstract"/>
            <name xml:lang="en-US">player</name>
            <name xml:lang="en-GB">player</name>
            <definition/>
            <related uri="http://cv.iptc.org/newscodes/sprecipienttype/" rel="skos:inScheme"/>
        </concept>
        <concept id="sprecipienttypeauxilliary">
            <conceptId qcode="sprecipienttype:auxilliary" created="2016-05-02T00:00:00+00:00"/>
            <type qcode="cpnat:abstract"/>
            <name xml:lang="en-US">auxilliary</name>
            <name xml:lang="en-GB">auxilliary</name>
            <definition/>
            <related uri="http://cv.iptc.org/newscodes/sprecipienttype/" rel="skos:inScheme"/>
        </concept>
        <concept id="sprecipienttypeofficial">
            <conceptId qcode="sprecipienttype:official" created="2016-05-02T00:00:00+00:00"/>
            <type qcode="cpnat:abstract"/>
            <name xml:lang="en-US">official</name>
            <name xml:lang="en-GB">official</name>
            <definition/>
            <related uri="http://cv.iptc.org/newscodes/sprecipienttype/" rel="skos:inScheme"/>
        </concept>
        <concept id="sprecipienttypeother">
            <conceptId qcode="sprecipienttype:other" created="2016-05-02T00:00:00+00:00"/>
            <type qcode="cpnat:abstract"/>
            <name xml:lang="en-US">other</name>
            <name xml:lang="en-GB">other</name>
            <definition/>
            <related uri="http://cv.iptc.org/newscodes/sprecipienttype/" rel="skos:inScheme"/>
        </concept>
    </conceptSet>
    <schemeMeta authority="http://www.iptc.org" uri="http://cv.iptc.org/newscodes/sprecipienttype/"
        preferredalias="sprecipienttype">
        <definition xml:lang="en-GB">Types of recipients of penalization</definition>
        <name xml:lang="en-US">Recipient Type</name>
            <name xml:lang="en-GB">Recipient Type</name>
        <related qcode="sprecipienttype:team" rel="skos:hasTopConcept"/>
        <related qcode="sprecipienttype:player" rel="skos:hasTopConcept"/>
        <related qcode="sprecipienttype:auxilliary" rel="skos:hasTopConcept"/>
        <related qcode="sprecipienttype:official" rel="skos:hasTopConcept"/>
        <related qcode="sprecipienttype:other" rel="skos:hasTopConcept"/>
        <schemeMetaExtProperty rel="ikos:availLang" value="en-US"/>
        <schemeMetaExtProperty rel="ikos:availLang" value="en-GB"/>
    </schemeMeta>
</knowledgeItem>
