<knowledgeItem xmlns="http://iptc.org/std/nar/2006-10-01/"
    xmlns:xs="http://www.w3.org/2001/XMLSchema" xmlns:newsml="http://iptc.org/std/nar/2006-10-01/"
    standard="NewsML-G2" standardversion="2.18" conformance="power"
    guid="urn:newsml:iptc.org:20080229:srcncdki-spscoreunits" version="1">
    <catalogRef href="http://www.iptc.org/std/catalog/catalog.IPTC-G2-Standards_25.xml"/>
    <catalogRef href="http://www.iptc.org/std/catalog/catalog.IPTC-Sports_1.xml"/>
    <rightsInfo>
        <copyrightHolder uri="http://cv.iptc.org/newscodes/newsprovider/IPTC">
            <name>IPTC - International Press Telecommunications Council</name>
        </copyrightHolder>
        <copyrightNotice>Copyright 2016, IPTC, www.iptc.org, Rights Reserved</copyrightNotice>
        <usageTerms href="http://creativecommons.org/licenses/by/4.0/">the Creative Commons
            Attribution (CC BY) 4.0 license applies to all NewsCodes</usageTerms>
    </rightsInfo>
    <itemMeta>
        <itemClass qcode="cinat:scheme"/>
        <provider uri="http://cv.iptc.org/newscodes/newsprovider/IPTC">
            <name>IPTC</name>
        </provider>
        <versionCreated>2016-06-13T15:15:32-04:00</versionCreated>
        <pubStatus qcode="stat:usable"/>
    </itemMeta>
    <contentMeta>
        <subject qcode="subj:15000000">
            <name xml:lang="en-US">sport</name>
            <name xml:lang="en-GB">sport</name>
        </subject>
        <description>Describes how the score and score-opposing is valued.</description>
    </contentMeta>
    <conceptSet>
        <concept id="spscoreunitstime-absolute">
            <conceptId qcode="spscoreunits:time-absolute" created="2016-05-02T00:00:00+00:00"/>
            <type qcode="cpnat:abstract"/>
            <name xml:lang="en-US">time-absolute</name>
            <name xml:lang="en-GB">time-absolute</name>
            <definition xml:lang="en-GB">Total time to complete competition, not measured in comparison to other
                competitors</definition>
            <related uri="http://cv.iptc.org/newscodes/spscoreunits/" rel="skos:inScheme"/>
        </concept>
        <concept id="spscoreunitstime-relative">
            <conceptId qcode="spscoreunits:time-relative" created="2016-05-02T00:00:00+00:00"/>
            <type qcode="cpnat:abstract"/>
            <name xml:lang="en-US">time-relative</name>
            <name xml:lang="en-GB">time-relative</name>
            <definition xml:lang="en-GB">Time difference compared (usually) to closest competitor or first-place
                finalist. First place commonly has absolute value.</definition>
            <related uri="http://cv.iptc.org/newscodes/spscoreunits/" rel="skos:inScheme"/>
        </concept>
        <concept id="spscoreunitsagainst-par">
            <conceptId qcode="spscoreunits:against-par" created="2016-05-02T00:00:00+00:00"/>
            <type qcode="cpnat:abstract"/>
            <name xml:lang="en-US">against-par</name>
            <name xml:lang="en-GB">against-par</name>
            <definition/>
            <related uri="http://cv.iptc.org/newscodes/spscoreunits/" rel="skos:inScheme"/>
        </concept>
    </conceptSet>
    <schemeMeta authority="http://www.iptc.org" uri="http://cv.iptc.org/newscodes/spscoreunits/"
        preferredalias="spscoreunits">
        <definition xml:lang="en-GB">Describes how the score and score-opposing is
            valued.</definition>
        <name xml:lang="en-US">Score Units</name>
            <name xml:lang="en-GB">Score Units</name>
        <related qcode="spscoreunits:time-absolute" rel="skos:hasTopConcept"/>
        <related qcode="spscoreunits:time-relative" rel="skos:hasTopConcept"/>
        <related qcode="spscoreunits:against-par" rel="skos:hasTopConcept"/>
        <schemeMetaExtProperty rel="ikos:availLang" value="en-US"/>
        <schemeMetaExtProperty rel="ikos:availLang" value="en-GB"/>
    </schemeMeta>
</knowledgeItem>
