<knowledgeItem xmlns="http://iptc.org/std/nar/2006-10-01/"
	xmlns:xs="http://www.w3.org/2001/XMLSchema" xmlns:newsml="http://iptc.org/std/nar/2006-10-01/"
	standard="NewsML-G2" standardversion="2.18" conformance="power"
	guid="urn:newsml:iptc.org:20080229:srcncdki-spseasontype" version="1">
	<catalogRef href="http://www.iptc.org/std/catalog/catalog.IPTC-G2-Standards_25.xml"/>
	<rightsInfo>
		<copyrightHolder uri="http://cv.iptc.org/newscodes/newsprovider/IPTC">
			<name>IPTC - International Press Telecommunications Council</name>
		</copyrightHolder>
		<copyrightNotice>Copyright 2016, IPTC, www.iptc.org, Rights Reserved</copyrightNotice>
		<usageTerms href="http://creativecommons.org/licenses/by/4.0/">the Creative Commons
			Attribution (CC BY) 4.0 license applies to all NewsCodes</usageTerms>
	</rightsInfo>
	<itemMeta>
		<itemClass qcode="cinat:scheme"/>
		<provider uri="http://cv.iptc.org/newscodes/newsprovider/IPTC">
			<name>IPTC</name>
		</provider>
		<versionCreated>2016-06-13T15:15:32-04:00</versionCreated>
		<pubStatus qcode="stat:usable"/>
	</itemMeta>
	<contentMeta>
		<subject qcode="subj:15000000">
			<name xml:lang="en-US">sport</name>
            <name xml:lang="en-GB">sport</name>
		</subject>
		<description>A subcategory of the season</description>
	</contentMeta>
	<conceptSet>
		<concept id="spseasontypepre-season">
			<conceptId qcode="spseasontype:pre-season" created="2016-05-02T00:00:00+00:00"/>
            <type qcode="cpnat:abstract"/>
			<name xml:lang="en-US">pre-season</name>
            <name xml:lang="en-GB">pre-season</name>
			<definition xml:lang="en-GB">Events played in an exhibition before the regular phase when standings
				points are awarded.</definition>
			<related uri="http://cv.iptc.org/newscodes/spseasontype/" rel="skos:inScheme"/>
		</concept>
		<concept id="spseasontypeseason-regular">
			<conceptId qcode="spseasontype:season-regular" created="2016-05-02T00:00:00+00:00"/>
            <type qcode="cpnat:abstract"/>
			<name xml:lang="en-US">season-regular</name>
            <name xml:lang="en-GB">season-regular</name>
			<definition xml:lang="en-GB">The phase of a league competition when standings points are awarded toward a
				points-based championship or position in a post-season phase.</definition>
			<related uri="http://cv.iptc.org/newscodes/spseasontype/" rel="skos:inScheme"/>
		</concept>
		<concept id="spseasontypepost-season">
			<conceptId qcode="spseasontype:post-season" created="2016-05-02T00:00:00+00:00"/>
            <type qcode="cpnat:abstract"/>
			<name xml:lang="en-US">post-season</name>
            <name xml:lang="en-GB">post-season</name>
			<definition xml:lang="en-GB">A championship phase of a league competition, usually comprosed of
				elimination rounds until one team has prevailed.</definition>
			<related uri="http://cv.iptc.org/newscodes/spseasontype/" rel="skos:inScheme"/>
		</concept>
		<concept id="spseasontypeall-star-game">
			<conceptId qcode="spseasontype:all-star-game" created="2016-05-02T00:00:00+00:00"/>
            <type qcode="cpnat:abstract"/>
			<name xml:lang="en-US">all-star-game</name>
            <name xml:lang="en-GB">all-star-game</name>
			<definition xml:lang="en-GB">Some leagues have an all-star break and game comprised of the best
				players.</definition>
			<related uri="http://cv.iptc.org/newscodes/spseasontype/" rel="skos:inScheme"/>
		</concept>
		<concept id="spseasontypeexhibition">
			<conceptId qcode="spseasontype:exhibition" created="2016-05-02T00:00:00+00:00"/>
            <type qcode="cpnat:abstract"/>
			<name xml:lang="en-US">exhibition</name>
            <name xml:lang="en-GB">exhibition</name>
			<definition xml:lang="en-GB">A game or phase with no standings points awarded.</definition>
			<related uri="http://cv.iptc.org/newscodes/spseasontype/" rel="skos:inScheme"/>
		</concept>
	</conceptSet>
	<schemeMeta authority="http://www.iptc.org" uri="http://cv.iptc.org/newscodes/spseasontype/"
		preferredalias="spseasontype">
		<definition xml:lang="en-GB">A subcategory of the season</definition>
		<name xml:lang="en-US">Season Type</name>
            <name xml:lang="en-GB">Season Type</name>
		<related qcode="spseasontype:pre-season" rel="skos:hasTopConcept"/>
		<related qcode="spseasontype:season-regular" rel="skos:hasTopConcept"/>
		<related qcode="spseasontype:post-season" rel="skos:hasTopConcept"/>
		<related qcode="spseasontype:all-star-game" rel="skos:hasTopConcept"/>
		<related qcode="spseasontype:exhibition" rel="skos:hasTopConcept"/>
		<schemeMetaExtProperty rel="ikos:availLang" value="en-GB"/>
		<schemeMetaExtProperty rel="ikos:availLang" value="en-US"/>
	</schemeMeta>
</knowledgeItem>
