<knowledgeItem xmlns="http://iptc.org/std/nar/2006-10-01/"
    xmlns:xs="http://www.w3.org/2001/XMLSchema" xmlns:newsml="http://iptc.org/std/nar/2006-10-01/"
    standard="NewsML-G2" standardversion="2.18" conformance="power"
    guid="urn:newsml:iptc.org:20080229:srcncdki-spsitestyle" version="1">
    <catalogRef href="http://www.iptc.org/std/catalog/catalog.IPTC-G2-Standards_25.xml"/>
    <catalogRef href="http://www.iptc.org/std/catalog/catalog.IPTC-Sports_1.xml"/>
    <rightsInfo>
        <copyrightHolder uri="http://cv.iptc.org/newscodes/newsprovider/IPTC">
            <name>IPTC - International Press Telecommunications Council</name>
        </copyrightHolder>
        <copyrightNotice>Copyright 2016, IPTC, www.iptc.org, Rights Reserved</copyrightNotice>
        <usageTerms href="http://creativecommons.org/licenses/by/4.0/">the Creative Commons
            Attribution (CC BY) 4.0 license applies to all NewsCodes</usageTerms>
    </rightsInfo>
    <itemMeta>
        <itemClass qcode="cinat:scheme"/>
        <provider uri="http://cv.iptc.org/newscodes/newsprovider/IPTC">
            <name>IPTC</name>
        </provider>
        <versionCreated>2016-06-13T15:15:32-04:00</versionCreated>
        <pubStatus qcode="stat:usable"/>
    </itemMeta>
    <contentMeta>
        <subject qcode="subj:15000000">
            <name xml:lang="en-US">sport</name>
            <name xml:lang="en-GB">sport</name>
        </subject>
        <description>Whether it is an indoor or outdoor site.</description>
    </contentMeta>
    <conceptSet>
        <concept id="spsitestyleindoor">
            <conceptId qcode="spsitestyle:indoor" created="2016-05-02T00:00:00+00:00"/>
            <type qcode="cpnat:abstract"/>
            <name xml:lang="en-US">indoor</name>
            <name xml:lang="en-GB">indoor</name>
            <definition/>
            <related uri="http://cv.iptc.org/newscodes/spsitestyle/" rel="skos:inScheme"/>
        </concept>
        <concept id="spsitestyleoutdoor">
            <conceptId qcode="spsitestyle:outdoor" created="2016-05-02T00:00:00+00:00"/>
            <type qcode="cpnat:abstract"/>
            <name xml:lang="en-US">outdoor</name>
            <name xml:lang="en-GB">outdoor</name>
            <definition/>
            <related uri="http://cv.iptc.org/newscodes/spsitestyle/" rel="skos:inScheme"/>
        </concept>
        <concept id="spsitestyleretractable-dome">
            <conceptId qcode="spsitestyle:retractable-dome" created="2016-05-02T00:00:00+00:00"/>
            <type qcode="cpnat:abstract"/>
            <name xml:lang="en-US">retractable-dome</name>
            <name xml:lang="en-GB">retractable-dome</name>
            <definition/>
            <related uri="http://cv.iptc.org/newscodes/spsitestyle/" rel="skos:inScheme"/>
        </concept>
    </conceptSet>
    <schemeMeta authority="http://www.iptc.org" uri="http://cv.iptc.org/newscodes/spsitestyle/"
        preferredalias="spsitestyle">
        <definition xml:lang="en-GB">Whether it is an indoor or outdoor site.</definition>
        <name xml:lang="en-US">Site Style</name>
            <name xml:lang="en-GB">Site Style</name>
        <related qcode="spsitestyle:indoor" rel="skos:hasTopConcept"/>
        <related qcode="spsitestyle:outdoor" rel="skos:hasTopConcept"/>
        <related qcode="spsitestyle:retractable-dome" rel="skos:hasTopConcept"/>
        <schemeMetaExtProperty rel="ikos:availLang" value="en-US"/>
        <schemeMetaExtProperty rel="ikos:availLang" value="en-GB"/>
    </schemeMeta>
</knowledgeItem>
