<knowledgeItem xmlns="http://iptc.org/std/nar/2006-10-01/"
    xmlns:xs="http://www.w3.org/2001/XMLSchema" xmlns:newsml="http://iptc.org/std/nar/2006-10-01/"
    standard="NewsML-G2" standardversion="2.18" conformance="power"
    guid="urn:newsml:iptc.org:20080229:srcncdki-spspecialgroup" version="1">
    <catalogRef href="http://www.iptc.org/std/catalog/catalog.IPTC-G2-Standards_25.xml"/>
    <catalogRef href="http://www.iptc.org/std/catalog/catalog.IPTC-Sports_1.xml"/>
    <rightsInfo>
        <copyrightHolder uri="http://cv.iptc.org/newscodes/newsprovider/IPTC">
            <name>IPTC - International Press Telecommunications Council</name>
        </copyrightHolder>
        <copyrightNotice>Copyright 2016, IPTC, www.iptc.org, Rights Reserved</copyrightNotice>
        <usageTerms href="http://creativecommons.org/licenses/by/4.0/">the Creative Commons
            Attribution (CC BY) 4.0 license applies to all NewsCodes</usageTerms>
    </rightsInfo>
    <itemMeta>
        <itemClass qcode="cinat:scheme"/>
        <provider uri="http://cv.iptc.org/newscodes/newsprovider/IPTC">
            <name>IPTC</name>
        </provider>
        <versionCreated>2016-06-13T15:15:32-04:00</versionCreated>
        <pubStatus qcode="stat:usable"/>
    </itemMeta>
    <contentMeta>
        <subject qcode="subj:15000000">
            <name xml:lang="en-US">sport</name>
            <name xml:lang="en-GB">sport</name>
        </subject>
        <description>If the events covered are for special groups. Can be school-oriented,
            age-oriented, or group names, like Firefighters.</description>
    </contentMeta>
    <conceptSet>
        <concept id="spspecialgroupcollege">
            <conceptId qcode="spspecialgroup:college" created="2016-05-02T00:00:00+00:00"/>
            <type qcode="cpnat:abstract"/>
            <name xml:lang="en-US">college</name>
            <name xml:lang="en-GB">college</name>
            <definition/>
            <related uri="http://cv.iptc.org/newscodes/spspecialgroup/" rel="skos:inScheme"/>
        </concept>
        <concept id="spspecialgroupsenior">
            <conceptId qcode="spspecialgroup:senior" created="2016-05-02T00:00:00+00:00"/>
            <type qcode="cpnat:abstract"/>
            <name xml:lang="en-US">senior</name>
            <name xml:lang="en-GB">senior</name>
            <definition/>
            <related uri="http://cv.iptc.org/newscodes/spspecialgroup/" rel="skos:inScheme"/>
        </concept>
        <concept id="spspecialgroupjunior">
            <conceptId qcode="spspecialgroup:junior" created="2016-05-02T00:00:00+00:00"/>
            <type qcode="cpnat:abstract"/>
            <name xml:lang="en-US">junior</name>
            <name xml:lang="en-GB">junior</name>
            <definition/>
            <related uri="http://cv.iptc.org/newscodes/spspecialgroup/" rel="skos:inScheme"/>
        </concept>
        <concept id="spspecialgrouphigh-school">
            <conceptId qcode="spspecialgroup:high-school" created="2016-05-02T00:00:00+00:00"/>
            <type qcode="cpnat:abstract"/>
            <name xml:lang="en-US">high-school</name>
            <name xml:lang="en-GB">high-school</name>
            <definition/>
            <related uri="http://cv.iptc.org/newscodes/spspecialgroup/" rel="skos:inScheme"/>
        </concept>
    </conceptSet>
    <schemeMeta authority="http://www.iptc.org" uri="http://cv.iptc.org/newscodes/spspecialgroup/"
        preferredalias="spspecialgroup">
        <definition xml:lang="en-GB">If the events covered are for special groups. Can be
            school-oriented, age-oriented, or group names, like Firefighters.</definition>
        <name xml:lang="en-US">Special Group</name>
            <name xml:lang="en-GB">Special Group</name>
        <related qcode="spspecialgroup:college" rel="skos:hasTopConcept"/>
        <related qcode="spspecialgroup:senior" rel="skos:hasTopConcept"/>
        <related qcode="spspecialgroup:junior" rel="skos:hasTopConcept"/>
        <related qcode="spspecialgroup:high-school" rel="skos:hasTopConcept"/>
        <schemeMetaExtProperty rel="ikos:availLang" value="en-US"/>
        <schemeMetaExtProperty rel="ikos:availLang" value="en-GB"/>
    </schemeMeta>
</knowledgeItem>
