<knowledgeItem xmlns="http://iptc.org/std/nar/2006-10-01/"
    xmlns:xs="http://www.w3.org/2001/XMLSchema" xmlns:newsml="http://iptc.org/std/nar/2006-10-01/"
    standard="NewsML-G2" standardversion="2.18" conformance="power"
    guid="urn:newsml:iptc.org:20080229:srcncdki-spspecialneeds" version="1">
    <catalogRef href="http://www.iptc.org/std/catalog/catalog.IPTC-G2-Standards_25.xml"/>
    <catalogRef href="http://www.iptc.org/std/catalog/catalog.IPTC-Sports_1.xml"/>
    <rightsInfo>
        <copyrightHolder uri="http://cv.iptc.org/newscodes/newsprovider/IPTC">
            <name>IPTC - International Press Telecommunications Council</name>
        </copyrightHolder>
        <copyrightNotice>Copyright 2016, IPTC, www.iptc.org, Rights Reserved</copyrightNotice>
        <usageTerms href="http://creativecommons.org/licenses/by/4.0/">the Creative Commons
            Attribution (CC BY) 4.0 license applies to all NewsCodes</usageTerms>
    </rightsInfo>
    <itemMeta>
        <itemClass qcode="cinat:scheme"/>
        <provider uri="http://cv.iptc.org/newscodes/newsprovider/IPTC">
            <name>IPTC</name>
        </provider>
        <versionCreated>2016-06-13T15:15:32-04:00</versionCreated>
        <pubStatus qcode="stat:usable"/>
    </itemMeta>
    <contentMeta>
        <subject qcode="subj:15000000">
            <name xml:lang="en-US">sport</name>
            <name xml:lang="en-GB">sport</name>
        </subject>
        <description>Events for persons with special-needs.</description>
    </contentMeta>
    <conceptSet>
        <concept id="spspecialneedsnone">
            <conceptId qcode="spspecialneeds:none" created="2016-05-02T00:00:00+00:00"/>
            <type qcode="cpnat:abstract"/>
            <name xml:lang="en-US">none</name>
            <name xml:lang="en-GB">none</name>
            <definition/>
            <related uri="http://cv.iptc.org/newscodes/spspecialneeds/" rel="skos:inScheme"/>
        </concept>
        <concept id="spspecialneedsdisabled">
            <conceptId qcode="spspecialneeds:disabled" created="2016-05-02T00:00:00+00:00"/>
            <type qcode="cpnat:abstract"/>
            <name xml:lang="en-US">disabled</name>
            <name xml:lang="en-GB">disabled</name>
            <definition/>
            <related uri="http://cv.iptc.org/newscodes/spspecialneeds/" rel="skos:inScheme"/>
        </concept>
        <concept id="spspecialneedsdeaf">
            <conceptId qcode="spspecialneeds:deaf" created="2016-05-02T00:00:00+00:00"/>
            <type qcode="cpnat:abstract"/>
            <name xml:lang="en-US">deaf</name>
            <name xml:lang="en-GB">deaf</name>
            <definition/>
            <related uri="http://cv.iptc.org/newscodes/spspecialneeds/" rel="skos:inScheme"/>
        </concept>
    </conceptSet>
    <schemeMeta authority="http://www.iptc.org" uri="http://cv.iptc.org/newscodes/spspecialneeds/"
        preferredalias="spspecialneeds">
        <definition xml:lang="en-GB">Events for persons with special-needs.</definition>
        <name xml:lang="en-US">Special Needs</name>
            <name xml:lang="en-GB">Special Needs</name>
        <related qcode="spspecialneeds:none" rel="skos:hasTopConcept"/>
        <related qcode="spspecialneeds:disabled" rel="skos:hasTopConcept"/>
        <related qcode="spspecialneeds:deaf" rel="skos:hasTopConcept"/>
        <schemeMetaExtProperty rel="ikos:availLang" value="en-US"/>
        <schemeMetaExtProperty rel="ikos:availLang" value="en-GB"/>
    </schemeMeta>
</knowledgeItem>
