<knowledgeItem xmlns="http://iptc.org/std/nar/2006-10-01/"
    xmlns:xs="http://www.w3.org/2001/XMLSchema" xmlns:newsml="http://iptc.org/std/nar/2006-10-01/"
    standard="NewsML-G2" standardversion="2.18" conformance="power"
    guid="urn:newsml:iptc.org:20080229:srcncdki-spstatuschange" version="1">
    <catalogRef href="http://www.iptc.org/std/catalog/catalog.IPTC-G2-Standards_25.xml"/>
    <catalogRef href="http://www.iptc.org/std/catalog/catalog.IPTC-Sports_1.xml"/>
    <rightsInfo>
        <copyrightHolder uri="http://cv.iptc.org/newscodes/newsprovider/IPTC">
            <name>IPTC - International Press Telecommunications Council</name>
        </copyrightHolder>
        <copyrightNotice>Copyright 2016, IPTC, www.iptc.org, Rights Reserved</copyrightNotice>
        <usageTerms href="http://creativecommons.org/licenses/by/4.0/">the Creative Commons
            Attribution (CC BY) 4.0 license applies to all NewsCodes</usageTerms>
    </rightsInfo>
    <itemMeta>
        <itemClass qcode="cinat:scheme"/>
        <provider uri="http://cv.iptc.org/newscodes/newsprovider/IPTC">
            <name>IPTC</name>
        </provider>
        <versionCreated>2016-06-13T15:15:32-04:00</versionCreated>
        <pubStatus qcode="stat:usable"/>
    </itemMeta>
    <contentMeta>
        <subject qcode="subj:15000000">
            <name xml:lang="en-US">sport</name>
            <name xml:lang="en-GB">sport</name>
        </subject>
        <description>Reasons for change in status of player/athlete</description>
    </contentMeta>
    <conceptSet>
        <concept id="spstatuschangeinjury">
            <conceptId qcode="spstatuschange:injury" created="2016-05-02T00:00:00+00:00"/>
            <type qcode="cpnat:abstract"/>
            <name xml:lang="en-US">injury</name>
            <name xml:lang="en-GB">injury</name>
            <definition/>
            <related uri="http://cv.iptc.org/newscodes/spstatuschange/" rel="skos:inScheme"/>
        </concept>
        <concept id="spstatuschangetrade">
            <conceptId qcode="spstatuschange:trade" created="2016-05-02T00:00:00+00:00"/>
            <type qcode="cpnat:abstract"/>
            <name xml:lang="en-US">trade</name>
            <name xml:lang="en-GB">trade</name>
            <definition/>
            <related uri="http://cv.iptc.org/newscodes/spstatuschange/" rel="skos:inScheme"/>
        </concept>
        <concept id="spstatuschangecut">
            <conceptId qcode="spstatuschange:cut" created="2016-05-02T00:00:00+00:00"/>
            <type qcode="cpnat:abstract"/>
            <name xml:lang="en-US">cut</name>
            <name xml:lang="en-GB">cut</name>
            <definition/>
            <related uri="http://cv.iptc.org/newscodes/spstatuschange/" rel="skos:inScheme"/>
        </concept>
    </conceptSet>
    <schemeMeta authority="http://www.iptc.org" uri="http://cv.iptc.org/newscodes/spstatuschange/"
        preferredalias="spstatuschange">
        <definition xml:lang="en-GB">Reasons for change in status of player/athlete</definition>
        <name xml:lang="en-US">Status Change</name>
            <name xml:lang="en-GB">Status Change</name>
        <related qcode="spstatuschange:injury" rel="skos:hasTopConcept"/>
        <related qcode="spstatuschange:trade" rel="skos:hasTopConcept"/>
        <related qcode="spstatuschange:cut" rel="skos:hasTopConcept"/>
        <schemeMetaExtProperty rel="ikos:availLang" value="en-US"/>
        <schemeMetaExtProperty rel="ikos:availLang" value="en-GB"/>
    </schemeMeta>
</knowledgeItem>
