<knowledgeItem xmlns="http://iptc.org/std/nar/2006-10-01/"
    xmlns:xs="http://www.w3.org/2001/XMLSchema" xmlns:newsml="http://iptc.org/std/nar/2006-10-01/"
    standard="NewsML-G2" standardversion="2.18" conformance="power"
    guid="urn:newsml:iptc.org:20080229:srcncdki-spstat" version="1">
    <catalogRef href="http://www.iptc.org/std/catalog/catalog.IPTC-G2-Standards_25.xml"/>
    <catalogRef href="http://www.iptc.org/std/catalog/catalog.IPTC-Sports_1.xml"/>
    <rightsInfo>
        <copyrightHolder uri="http://cv.iptc.org/newscodes/newsprovider/IPTC">
            <name>IPTC - International Press Telecommunications Council</name>
        </copyrightHolder>
        <copyrightNotice>Copyright 2016, IPTC, www.iptc.org, Rights Reserved</copyrightNotice>
        <usageTerms href="http://creativecommons.org/licenses/by/4.0/">the Creative Commons
            Attribution (CC BY) 4.0 license applies to all NewsCodes</usageTerms>
    </rightsInfo>
    <itemMeta>
        <itemClass qcode="cinat:scheme"/>
        <provider uri="http://cv.iptc.org/newscodes/newsprovider/IPTC">
            <name>IPTC</name>
        </provider>
        <versionCreated>2016-06-13T15:15:32-04:00</versionCreated>
        <pubStatus qcode="stat:usable"/>
    </itemMeta>
    <contentMeta>
        <subject qcode="subj:15000000">
            <name xml:lang="en-US">sport</name>
            <name xml:lang="en-GB">sport</name>
        </subject>
        <description>Vocabulary of general sports statistics</description>
    </contentMeta>
    <conceptSet>
        <concept id="spstatpoints">
            <conceptId qcode="spstat:points" created="2016-05-02T00:00:00+00:00"/>
            <type qcode="cpnat:abstract"/>
            <name xml:lang="en-US">points</name>
            <name xml:lang="en-GB">points</name>
            <definition xml:lang="en-GB">Points accumulated by this associate. For example, points earned by a NASCAR
                owner.</definition>
            <related uri="http://cv.iptc.org/newscodes/spstat/" rel="skos:inScheme"/>
        </concept>
        <concept id="spstatevents-played">
            <conceptId qcode="spstat:events-played" created="2016-05-02T00:00:00+00:00"/>
            <type qcode="cpnat:abstract"/>
            <name xml:lang="en-US">events-played</name>
            <name xml:lang="en-GB">events-played</name>
            <definition xml:lang="en-GB">The number of sports-events in which this team or player has already
                participated.</definition>
            <related uri="http://cv.iptc.org/newscodes/spstat/" rel="skos:inScheme"/>
        </concept>
        <concept id="spstattime-played-total">
            <conceptId qcode="spstat:time-played-total" created="2016-05-02T00:00:00+00:00"/>
            <type qcode="cpnat:abstract"/>
            <name xml:lang="en-US">time-played-total</name>
            <name xml:lang="en-GB">time-played-total</name>
            <definition xml:lang="en-GB">Value for the amount of time played by the team or player over the course of
                a particular time-span, such as a season.</definition>
            <related uri="http://cv.iptc.org/newscodes/spstat/" rel="skos:inScheme"/>
        </concept>
        <concept id="spstattime-played-event">
            <conceptId qcode="spstat:time-played-event" created="2016-05-02T00:00:00+00:00"/>
            <type qcode="cpnat:abstract"/>
            <name xml:lang="en-US">time-played-event</name>
            <name xml:lang="en-GB">time-played-event</name>
            <definition xml:lang="en-GB">Value for the amount of time played by this player in a particular
                sports-event.</definition>
            <related uri="http://cv.iptc.org/newscodes/spstat/" rel="skos:inScheme"/>
        </concept>
        <concept id="spstattime-played-event-average">
            <conceptId qcode="spstat:time-played-event-average" created="2016-05-02T00:00:00+00:00"/>
            <type qcode="cpnat:abstract"/>
            <name xml:lang="en-US">time-played-event-average</name>
            <name xml:lang="en-GB">time-played-event-average</name>
            <definition xml:lang="en-GB">Value for the average amount of time played per-event by the player over the
                course of a particular time-span, such as a season.</definition>
            <related uri="http://cv.iptc.org/newscodes/spstat/" rel="skos:inScheme"/>
        </concept>
        <concept id="spstatevents-started">
            <conceptId qcode="spstat:events-started" created="2016-05-02T00:00:00+00:00"/>
            <type qcode="cpnat:abstract"/>
            <name xml:lang="en-US">events-started</name>
            <name xml:lang="en-GB">events-started</name>
            <definition xml:lang="en-GB">Number of sports-events the player has played in since the start of the
                event.</definition>
            <related uri="http://cv.iptc.org/newscodes/spstat/" rel="skos:inScheme"/>
        </concept>
        <concept id="spstatperiod-extra-time-added">
            <conceptId qcode="spstat:period-extra-time-added" created="2016-05-02T00:00:00+00:00"/>
            <type qcode="cpnat:abstract"/>
            <name xml:lang="en-US">period-extra-time-added</name>
            <name xml:lang="en-GB">period-extra-time-added</name>
            <definition xml:lang="en-GB">How many minutes the referee has decided to add to the period.</definition>
            <related uri="http://cv.iptc.org/newscodes/spstat/" rel="skos:inScheme"/>
        </concept>
        <concept id="spstatperiod-extra-time-elapsed">
            <conceptId qcode="spstat:period-extra-time-elapsed" created="2016-05-02T00:00:00+00:00"/>
            <type qcode="cpnat:abstract"/>
            <name xml:lang="en-US">period-extra-time-elapsed</name>
            <name xml:lang="en-GB">period-extra-time-elapsed</name>
            <definition xml:lang="en-GB">How much time exactly MMSS that was actually elapsed in the
                period.</definition>
            <related uri="http://cv.iptc.org/newscodes/spstat/" rel="skos:inScheme"/>
        </concept>
        <concept id="spstatscore">
            <conceptId qcode="spstat:score" created="2016-05-02T00:00:00+00:00"/>
            <type qcode="cpnat:abstract"/>
            <name xml:lang="en-US">score</name>
            <name xml:lang="en-GB">score</name>
            <definition xml:lang="en-GB">Final or current score of the team or player.</definition>
            <related uri="http://cv.iptc.org/newscodes/spstat/" rel="skos:inScheme"/>
        </concept>
        <concept id="spstatscore-opposing">
            <conceptId qcode="spstat:score-opposing" created="2016-05-02T00:00:00+00:00"/>
            <type qcode="cpnat:abstract"/>
            <name xml:lang="en-US">score-opposing</name>
            <name xml:lang="en-GB">score-opposing</name>
            <definition xml:lang="en-GB">Final or current score of the opposing team or player.</definition>
            <related uri="http://cv.iptc.org/newscodes/spstat/" rel="skos:inScheme"/>
        </concept>
        <concept id="spstatscore-average">
            <conceptId qcode="spstat:score-average" created="2016-05-02T00:00:00+00:00"/>
            <type qcode="cpnat:abstract"/>
            <name xml:lang="en-US">score-average</name>
            <name xml:lang="en-GB">score-average</name>
            <definition xml:lang="en-GB">Average per-game score for the team or player.</definition>
            <related uri="http://cv.iptc.org/newscodes/spstat/" rel="skos:inScheme"/>
        </concept>
        <concept id="spstatscore-opposing-average">
            <conceptId qcode="spstat:score-opposing-average" created="2016-05-02T00:00:00+00:00"/>
            <type qcode="cpnat:abstract"/>
            <name xml:lang="en-US">score-opposing-average</name>
            <name xml:lang="en-GB">score-opposing-average</name>
            <definition xml:lang="en-GB">Average per-game score for the opposing team or player.</definition>
            <related uri="http://cv.iptc.org/newscodes/spstat/" rel="skos:inScheme"/>
        </concept>
        <concept id="spstatscore-behind">
            <conceptId qcode="spstat:score-behind" created="2016-05-02T00:00:00+00:00"/>
            <type qcode="cpnat:abstract"/>
            <name xml:lang="en-US">score-behind</name>
            <name xml:lang="en-GB">score-behind</name>
            <definition xml:lang="en-GB">The points or time behind the leading score.</definition>
            <related uri="http://cv.iptc.org/newscodes/spstat/" rel="skos:inScheme"/>
        </concept>
        <concept id="spstatscore-attempts">
            <conceptId qcode="spstat:score-attempts" created="2016-05-02T00:00:00+00:00"/>
            <type qcode="cpnat:abstract"/>
            <name xml:lang="en-US">score-attempts</name>
            <name xml:lang="en-GB">score-attempts</name>
            <definition xml:lang="en-GB">Final or current number of attempts to score by a team or player. Example:
                in ice hockey, would represent total shots on goal.</definition>
            <related uri="http://cv.iptc.org/newscodes/spstat/" rel="skos:inScheme"/>
        </concept>
        <concept id="spstatscore-attempts-opposing">
            <conceptId qcode="spstat:score-attempts-opposing" created="2016-05-02T00:00:00+00:00"/>
            <type qcode="cpnat:abstract"/>
            <name xml:lang="en-US">score-attempts-opposing</name>
            <name xml:lang="en-GB">score-attempts-opposing</name>
            <definition xml:lang="en-GB">Final or current number of attempts to score by an opposing team or
                player.</definition>
            <related uri="http://cv.iptc.org/newscodes/spstat/" rel="skos:inScheme"/>
        </concept>
        <concept id="spstatscore-attempts-on-goal">
            <conceptId qcode="spstat:score-attempts-on-goal" created="2016-05-02T00:00:00+00:00"/>
            <type qcode="cpnat:abstract"/>
            <name xml:lang="en-US">score-attempts-on-goal</name>
            <name xml:lang="en-GB">score-attempts-on-goal</name>
            <definition xml:lang="en-GB">A subset of score-attempts. Only counts those attempts that were
                on-goal.</definition>
            <related uri="http://cv.iptc.org/newscodes/spstat/" rel="skos:inScheme"/>
        </concept>
        <concept id="spstatscore-attempts-on-goal-opposing">
            <conceptId qcode="spstat:score-attempts-on-goal-opposing" created="2016-05-02T00:00:00+00:00"/>
            <type qcode="cpnat:abstract"/>
            <name xml:lang="en-US">score-attempts-on-goal-opposing</name>
            <name xml:lang="en-GB">score-attempts-on-goal-opposing</name>
            <definition xml:lang="en-GB">Final or current number of attempts to score by an opposing team or player
                that were on-goal.</definition>
            <related uri="http://cv.iptc.org/newscodes/spstat/" rel="skos:inScheme"/>
        </concept>
        <concept id="spstatscore-percentage">
            <conceptId qcode="spstat:score-percentage" created="2016-05-02T00:00:00+00:00"/>
            <type qcode="cpnat:abstract"/>
            <name xml:lang="en-US">score-percentage</name>
            <name xml:lang="en-GB">score-percentage</name>
            <definition xml:lang="en-GB">Percentage of attempted scores that reached their mark.</definition>
            <related uri="http://cv.iptc.org/newscodes/spstat/" rel="skos:inScheme"/>
        </concept>
        <concept id="spstatscore-percentage-opposing">
            <conceptId qcode="spstat:score-percentage-opposing" created="2016-05-02T00:00:00+00:00"/>
            <type qcode="cpnat:abstract"/>
            <name xml:lang="en-US">score-percentage-opposing</name>
            <name xml:lang="en-GB">score-percentage-opposing</name>
            <definition xml:lang="en-GB">Percentage of attempted scores by opposing team or player that reached their
                mark.</definition>
            <related uri="http://cv.iptc.org/newscodes/spstat/" rel="skos:inScheme"/>
        </concept>
        <concept id="spstatresult-effect">
            <conceptId qcode="spstat:result-effect" created="2016-05-02T00:00:00+00:00"/>
            <type qcode="cpnat:abstract"/>
            <name xml:lang="en-US">result-effect</name>
            <name xml:lang="en-GB">result-effect</name>
            <definition xml:lang="en-GB">Describes the effect that the result of the event or rank changing has had
                on the team. Example: Whether or not a team has qualified for the playoffs, or has
                been promoted or demoted to a different division.</definition>
            <related uri="http://cv.iptc.org/newscodes/spstat/" rel="skos:inScheme"/>
        </concept>
        <concept id="spstatevent-outcome">
            <conceptId qcode="spstat:event-outcome" created="2016-05-02T00:00:00+00:00"/>
            <type qcode="cpnat:abstract"/>
            <name xml:lang="en-US">event-outcome</name>
            <name xml:lang="en-GB">event-outcome</name>
            <definition xml:lang="en-GB">Whether the competitor won, lost, or tied.</definition>
            <related uri="http://cv.iptc.org/newscodes/spstat/" rel="skos:inScheme"/>
        </concept>
        <concept id="spstatevent-standing-points">
            <conceptId qcode="spstat:event-standing-points" created="2016-05-02T00:00:00+00:00"/>
            <type qcode="cpnat:abstract"/>
            <name xml:lang="en-US">event-standing-points</name>
            <name xml:lang="en-GB">event-standing-points</name>
            <definition xml:lang="en-GB">How many points were earned as a result of the outcome of this particular
                event.</definition>
            <related uri="http://cv.iptc.org/newscodes/spstat/" rel="skos:inScheme"/>
        </concept>
        <concept id="spstatevent-standing-points-against">
            <conceptId qcode="spstat:event-standing-points-against" created="2016-05-02T00:00:00+00:00"/>
            <type qcode="cpnat:abstract"/>
            <name xml:lang="en-US">event-standing-points-against</name>
            <name xml:lang="en-GB">event-standing-points-against</name>
            <definition xml:lang="en-GB">How many points were deducted as a result of the outcome of this particular
                event. This occurs, for example, in the German Handball leagues.</definition>
            <related uri="http://cv.iptc.org/newscodes/spstat/" rel="skos:inScheme"/>
        </concept>
        <concept id="spstatevents-remaining">
            <conceptId qcode="spstat:events-remaining" created="2016-05-02T00:00:00+00:00"/>
            <type qcode="cpnat:abstract"/>
            <name xml:lang="en-US">events-remaining</name>
            <name xml:lang="en-GB">events-remaining</name>
            <definition xml:lang="en-GB">Number of sports-events the player has yet to participate in.</definition>
            <related uri="http://cv.iptc.org/newscodes/spstat/" rel="skos:inScheme"/>
        </concept>
        <concept id="spstattime-of-possession">
            <conceptId qcode="spstat:time-of-possession" created="2016-05-02T00:00:00+00:00"/>
            <type qcode="cpnat:abstract"/>
            <name xml:lang="en-US">time-of-possession</name>
            <name xml:lang="en-GB">time-of-possession</name>
            <definition xml:lang="en-GB">Amount of time the team or player has possession of ball (or similar object
                like puck).</definition>
            <related uri="http://cv.iptc.org/newscodes/spstat/" rel="skos:inScheme"/>
        </concept>
        <concept id="spstattime-of-possession-percentage">
            <conceptId qcode="spstat:time-of-possession-percentage" created="2016-05-02T00:00:00+00:00"/>
            <type qcode="cpnat:abstract"/>
            <name xml:lang="en-US">time-of-possession-percentage</name>
            <name xml:lang="en-GB">time-of-possession-percentage</name>
            <definition xml:lang="en-GB">Amount of time the team or player has possession of ball (or similar object
                like puck) expressed as a percentage of the full time of the match.</definition>
            <related uri="http://cv.iptc.org/newscodes/spstat/" rel="skos:inScheme"/>
        </concept>
        <concept id="spstattime-of-possession-percentage-opposing">
            <conceptId qcode="spstat:time-of-possession-percentage-opposing" created="2016-05-02T00:00:00+00:00"/>
            <type qcode="cpnat:abstract"/>
            <name xml:lang="en-US">time-of-possession-percentage-opposing</name>
            <name xml:lang="en-GB">time-of-possession-percentage-opposing</name>
            <definition xml:lang="en-GB">Amount of time the opposing team or player has possession of ball (or
                similar object like puck) expressed as a percentage of the full time of the
                match.</definition>
            <related uri="http://cv.iptc.org/newscodes/spstat/" rel="skos:inScheme"/>
        </concept>
        <concept id="spstattime-of-possession-average">
            <conceptId qcode="spstat:time-of-possession-average" created="2016-05-02T00:00:00+00:00"/>
            <type qcode="cpnat:abstract"/>
            <name xml:lang="en-US">time-of-possession-average</name>
            <name xml:lang="en-GB">time-of-possession-average</name>
            <definition xml:lang="en-GB">Amount of time the team or player has possession of ball (or similar object
                like puck) per game.</definition>
            <related uri="http://cv.iptc.org/newscodes/spstat/" rel="skos:inScheme"/>
        </concept>
        <concept id="spstattime-of-possession-average-opposing">
            <conceptId qcode="spstat:time-of-possession-average-opposing" created="2016-05-02T00:00:00+00:00"/>
            <type qcode="cpnat:abstract"/>
            <name xml:lang="en-US">time-of-possession-average-opposing</name>
            <name xml:lang="en-GB">time-of-possession-average-opposing</name>
            <definition xml:lang="en-GB">Amount of time the opposing team or player has possession of ball (or
                similar object like puck) per game.</definition>
            <related uri="http://cv.iptc.org/newscodes/spstat/" rel="skos:inScheme"/>
        </concept>
        <concept id="spstatseries-score">
            <conceptId qcode="spstat:series-score" created="2016-05-02T00:00:00+00:00"/>
            <type qcode="cpnat:abstract"/>
            <name xml:lang="en-US">series-score</name>
            <name xml:lang="en-GB">series-score</name>
            <definition xml:lang="en-GB">Number of events in a series won by team or player.</definition>
            <related uri="http://cv.iptc.org/newscodes/spstat/" rel="skos:inScheme"/>
        </concept>
        <concept id="spstatseries-score-opposing">
            <conceptId qcode="spstat:series-score-opposing" created="2016-05-02T00:00:00+00:00"/>
            <type qcode="cpnat:abstract"/>
            <name xml:lang="en-US">series-score-opposing</name>
            <name xml:lang="en-GB">series-score-opposing</name>
            <definition xml:lang="en-GB">Number of events in a series won by opposing team or player.</definition>
            <related uri="http://cv.iptc.org/newscodes/spstat/" rel="skos:inScheme"/>
        </concept>
        <concept id="spstatadjusted-score-for">
            <conceptId qcode="spstat:adjusted-score-for" created="2016-05-02T00:00:00+00:00"/>
            <type qcode="cpnat:abstract"/>
            <name xml:lang="en-US">adjusted-score-for</name>
            <name xml:lang="en-GB">adjusted-score-for</name>
            <definition xml:lang="en-GB">The final score as adjusted by some authority. Usually as a result of some
                dispute or transgression that must be settled post-event and rendered in the score.
                Will differ from the regular score reflecting the number of actual goals scored in
                play. Should be tested for before displaying actual score.</definition>
            <related uri="http://cv.iptc.org/newscodes/spstat/" rel="skos:inScheme"/>
        </concept>
        <concept id="spstatadjusted-score-against">
            <conceptId qcode="spstat:adjusted-score-against" created="2016-05-02T00:00:00+00:00"/>
            <type qcode="cpnat:abstract"/>
            <name xml:lang="en-US">adjusted-score-against</name>
            <name xml:lang="en-GB">adjusted-score-against</name>
            <definition xml:lang="en-GB">The final score against as adjusted by some authority. Usually as a result
                of some dispute or transgression that must be settled post-event and rendered in the
                score. Will differ from the regular score reflecting the number of actual goals
                scored in play. Should be tested for before displaying actual score.</definition>
            <related uri="http://cv.iptc.org/newscodes/spstat/" rel="skos:inScheme"/>
        </concept>
    </conceptSet>
    <schemeMeta uri="http://cv.iptc.org/newscodes/spstat/" authority="http://www.iptc.org"
        preferredalias="spstat">
        <definition xml:lang="en-GB">Vocabulary of general sports statistics</definition>
        <name xml:lang="en-US">Core Statistics</name>
            <name xml:lang="en-GB">Core Statistics</name>
        <related qcode="spstat:points" rel="skos:hasTopConcept"/>
        <related qcode="spstat:events-played" rel="skos:hasTopConcept"/>
        <related qcode="spstat:time-played-total" rel="skos:hasTopConcept"/>
        <related qcode="spstat:time-played-event" rel="skos:hasTopConcept"/>
        <related qcode="spstat:time-played-event-average" rel="skos:hasTopConcept"/>
        <related qcode="spstat:events-started" rel="skos:hasTopConcept"/>
        <related qcode="spstat:period-extra-time-added" rel="skos:hasTopConcept"/>
        <related qcode="spstat:period-extra-time-elapsed" rel="skos:hasTopConcept"/>
        <related qcode="spstat:score" rel="skos:hasTopConcept"/>
        <related qcode="spstat:score-opposing" rel="skos:hasTopConcept"/>
        <related qcode="spstat:score-average" rel="skos:hasTopConcept"/>
        <related qcode="spstat:score-opposing-average" rel="skos:hasTopConcept"/>
        <related qcode="spstat:score-behind" rel="skos:hasTopConcept"/>
        <related qcode="spstat:score-attempts" rel="skos:hasTopConcept"/>
        <related qcode="spstat:score-attempts-opposing" rel="skos:hasTopConcept"/>
        <related qcode="spstat:score-attempts-on-goal" rel="skos:hasTopConcept"/>
        <related qcode="spstat:score-attempts-on-goal-opposing" rel="skos:hasTopConcept"/>
        <related qcode="spstat:score-percentage" rel="skos:hasTopConcept"/>
        <related qcode="spstat:score-percentage-opposing" rel="skos:hasTopConcept"/>
        <related qcode="spstat:result-effect" rel="skos:hasTopConcept"/>
        <related qcode="spstat:event-outcome" rel="skos:hasTopConcept"/>
        <related qcode="spstat:event-standing-points" rel="skos:hasTopConcept"/>
        <related qcode="spstat:event-standing-points-against" rel="skos:hasTopConcept"/>
        <related qcode="spstat:events-remaining" rel="skos:hasTopConcept"/>
        <related qcode="spstat:time-of-possession" rel="skos:hasTopConcept"/>
        <related qcode="spstat:time-of-possession-percentage" rel="skos:hasTopConcept"/>
        <related qcode="spstat:time-of-possession-percentage-opposing" rel="skos:hasTopConcept"/>
        <related qcode="spstat:time-of-possession-average" rel="skos:hasTopConcept"/>
        <related qcode="spstat:time-of-possession-average-opposing" rel="skos:hasTopConcept"/>
        <related qcode="spstat:series-score" rel="skos:hasTopConcept"/>
        <related qcode="spstat:series-score-opposing" rel="skos:hasTopConcept"/>
        <related qcode="spstat:adjusted-score-for" rel="skos:hasTopConcept"/>
        <related qcode="spstat:adjusted-score-against" rel="skos:hasTopConcept"/>
        <schemeMetaExtProperty rel="ikos:availLang" value="en-US"/>
        <schemeMetaExtProperty rel="ikos:availLang" value="en-GB"/>
    </schemeMeta>
</knowledgeItem>
