<knowledgeItem xmlns="http://iptc.org/std/nar/2006-10-01/" standard="NewsML-G2"
    standardversion="2.18" conformance="power"
    guid="urn:newsml:iptc.org:20080229:srcncdki-spstatscoverage" version="1">
    <catalogRef href="http://www.iptc.org/std/catalog/catalog.IPTC-G2-Standards_25.xml"/>
    <catalogRef href="http://www.iptc.org/std/catalog/catalog.IPTC-Sports_1.xml"/>
    <rightsInfo>
        <copyrightHolder uri="http://cv.iptc.org/newscodes/newsprovider/IPTC">
            <name>IPTC - International Press Telecommunications Council</name>
        </copyrightHolder>
        <copyrightNotice>Copyright 2016, IPTC, www.iptc.org, Rights Reserved</copyrightNotice>
        <usageTerms href="http://creativecommons.org/licenses/by/4.0/">the Creative Commons
            Attribution (CC BY) 4.0 license applies to all NewsCodes</usageTerms>
    </rightsInfo>
    <itemMeta>
        <itemClass qcode="cinat:scheme"/>
        <provider uri="http://cv.iptc.org/newscodes/newsprovider/IPTC">
            <name>IPTC</name>
        </provider>
        <versionCreated>2016-06-13T15:15:32-04:00</versionCreated>
        <pubStatus qcode="stat:usable"/>
    </itemMeta>
    <contentMeta>
        <subject qcode="subj:15000000">
            <name xml:lang="en-US">sport</name>
            <name xml:lang="en-GB">sport</name>
        </subject>
        <description>Coverage type for statistics</description>
    </contentMeta>
    <conceptSet>
        <concept id="spstatscoveragecompact">
            <conceptId qcode="spstatscoverage:compact" created="2016-05-02T00:00:00+00:00"/>
            <type qcode="cpnat:abstract"/>
            <name xml:lang="en-US">compact</name>
            <name xml:lang="en-GB">compact</name>
            <definition/>
            <related uri="http://cv.iptc.org/newscodes/spstatscoverage/" rel="skos:inScheme"/>
        </concept>
        <concept id="spstatscoveragestandard">
            <conceptId qcode="spstatscoverage:standard" created="2016-05-02T00:00:00+00:00"/>
            <type qcode="cpnat:abstract"/>
            <name xml:lang="en-US">standard</name>
            <name xml:lang="en-GB">standard</name>
            <definition/>
            <related uri="http://cv.iptc.org/newscodes/spstatscoverage/" rel="skos:inScheme"/>
        </concept>
        <concept id="spstatscoverageexpanded">
            <conceptId qcode="spstatscoverage:expanded" created="2016-05-02T00:00:00+00:00"/>
            <type qcode="cpnat:abstract"/>
            <name xml:lang="en-US">expanded</name>
            <name xml:lang="en-GB">expanded</name>
            <definition/>
            <related uri="http://cv.iptc.org/newscodes/spstatscoverage/" rel="skos:inScheme"/>
        </concept>
    </conceptSet>
    <schemeMeta authority="http://www.iptc.org" uri="http://cv.iptc.org/newscodes/spstatscoverage/"
        preferredalias="spstatscoverage">
        <definition xml:lang="en-GB">Coverage type for statistics</definition>
        <name xml:lang="en-US">Statistics Coverage</name>
            <name xml:lang="en-GB">Statistics Coverage</name>
        <related qcode="spstatscoverage:compact" rel="skos:hasTopConcept"/>
        <related qcode="spstatscoverage:standard" rel="skos:hasTopConcept"/>
        <related qcode="spstatscoverage:expanded" rel="skos:hasTopConcept"/>
        <schemeMetaExtProperty rel="ikos:availLang" value="en-US"/>
        <schemeMetaExtProperty rel="ikos:availLang" value="en-GB"/>
    </schemeMeta>
</knowledgeItem>
