<knowledgeItem xmlns="http://iptc.org/std/nar/2006-10-01/"
    xmlns:xs="http://www.w3.org/2001/XMLSchema" xmlns:newsml="http://iptc.org/std/nar/2006-10-01/"
    standard="NewsML-G2" standardversion="2.18" conformance="power"
    guid="urn:newsml:iptc.org:20080229:srcncdki-spteamcoverage" version="1">
    <catalogRef href="http://www.iptc.org/std/catalog/catalog.IPTC-G2-Standards_25.xml"/>
    <catalogRef href="http://www.iptc.org/std/catalog/catalog.IPTC-Sports_1.xml"/>
    <rightsInfo>
        <copyrightHolder uri="http://cv.iptc.org/newscodes/newsprovider/IPTC">
            <name>IPTC - International Press Telecommunications Council</name>
        </copyrightHolder>
        <copyrightNotice>Copyright 2016, IPTC, www.iptc.org, Rights Reserved</copyrightNotice>
        <usageTerms href="http://creativecommons.org/licenses/by/4.0/">the Creative Commons
            Attribution (CC BY) 4.0 license applies to all NewsCodes</usageTerms>
    </rightsInfo>
    <itemMeta>
        <itemClass qcode="cinat:scheme"/>
        <provider uri="http://cv.iptc.org/newscodes/newsprovider/IPTC">
            <name>IPTC</name>
        </provider>
        <versionCreated>2016-06-13T15:15:32-04:00</versionCreated>
        <pubStatus qcode="stat:usable"/>
    </itemMeta>
    <contentMeta>
        <subject qcode="subj:15000000">
            <name xml:lang="en-US">sport</name>
            <name xml:lang="en-GB">sport</name>
        </subject>
        <description>Whether document pertains to single team or multiple teams</description>
    </contentMeta>
    <conceptSet>
        <concept id="spteamcoveragesingle-team">
            <conceptId qcode="spteamcoverage:single-team" created="2016-05-02T00:00:00+00:00"/>
            <type qcode="cpnat:abstract"/>
            <name xml:lang="en-US">single-team</name>
            <name xml:lang="en-GB">single-team</name>
            <definition xml:lang="en-GB">Contains only information about a single team.</definition>
            <related uri="http://cv.iptc.org/newscodes/spteamcoverage/" rel="skos:inScheme"/>
        </concept>
        <concept id="spteamcoveragemulti-team">
            <conceptId qcode="spteamcoverage:multi-team" created="2016-05-02T00:00:00+00:00"/>
            <type qcode="cpnat:abstract"/>
            <name xml:lang="en-US">multi-team</name>
            <name xml:lang="en-GB">multi-team</name>
            <definition xml:lang="en-GB">Contains information about many or all teams in a league.</definition>
            <related uri="http://cv.iptc.org/newscodes/spteamcoverage/" rel="skos:inScheme"/>
        </concept>
    </conceptSet>
    <schemeMeta authority="http://www.iptc.org" uri="http://cv.iptc.org/newscodes/spteamcoverage/"
        preferredalias="spteamcoverage">
        <definition xml:lang="en-GB">Whether document pertains to single team or multiple
            teams</definition>
        <name xml:lang="en-US">Team Coverage</name>
            <name xml:lang="en-GB">Team Coverage</name>
        <related qcode="spteamcoverage:single-team" rel="skos:hasTopConcept"/>
        <related qcode="spteamcoverage:multi-team" rel="skos:hasTopConcept"/>
        <schemeMetaExtProperty rel="ikos:availLang" value="en-US"/>
        <schemeMetaExtProperty rel="ikos:availLang" value="en-GB"/>
    </schemeMeta>
</knowledgeItem>
