<knowledgeItem xmlns="http://iptc.org/std/nar/2006-10-01/"
    xmlns:xs="http://www.w3.org/2001/XMLSchema" xmlns:newsml="http://iptc.org/std/nar/2006-10-01/"
    standard="NewsML-G2" standardversion="2.18" conformance="power"
    guid="urn:newsml:iptc.org:20080229:srcncdki-sptemporalunit" version="1">
    <catalogRef href="http://www.iptc.org/std/catalog/catalog.IPTC-G2-Standards_25.xml"/>
    <catalogRef href="http://www.iptc.org/std/catalog/catalog.IPTC-Sports_1.xml"/>
    <rightsInfo>
        <copyrightHolder uri="http://cv.iptc.org/newscodes/newsprovider/IPTC">
            <name>IPTC - International Press Telecommunications Council</name>
        </copyrightHolder>
        <copyrightNotice>Copyright 2016, IPTC, www.iptc.org, Rights Reserved</copyrightNotice>
        <usageTerms href="http://creativecommons.org/licenses/by/4.0/">the Creative Commons
            Attribution (CC BY) 4.0 license applies to all NewsCodes</usageTerms>
    </rightsInfo>
    <itemMeta>
        <itemClass qcode="cinat:scheme"/>
        <provider uri="http://cv.iptc.org/newscodes/newsprovider/IPTC">
            <name>IPTC</name>
        </provider>
        <versionCreated>2016-06-13T15:15:32-04:00</versionCreated>
        <pubStatus qcode="stat:usable"/>
    </itemMeta>
    <contentMeta>
        <subject qcode="subj:15000000">
            <name xml:lang="en-US">sport</name>
            <name xml:lang="en-GB">sport</name>
        </subject>
        <description>The unit of performance to which the stats apply eg. single-event, season,
            career.</description>
    </contentMeta>
    <conceptSet>
        <concept id="sptemporalunitperiod">
            <conceptId qcode="sptemporalunit:period" created="2016-05-02T00:00:00+00:00"/>
            <type qcode="cpnat:abstract"/>
            <name xml:lang="en-US">period</name>
            <name xml:lang="en-GB">period</name>
            <definition/>
            <related uri="http://cv.iptc.org/newscodes/sptemporalunit/" rel="skos:inScheme"/>
        </concept>
        <concept id="sptemporalunitevent">
            <conceptId qcode="sptemporalunit:event" created="2016-05-02T00:00:00+00:00"/>
            <type qcode="cpnat:abstract"/>
            <name xml:lang="en-US">event</name>
            <name xml:lang="en-GB">event</name>
            <definition/>
            <related uri="http://cv.iptc.org/newscodes/sptemporalunit/" rel="skos:inScheme"/>
        </concept>
        <concept id="sptemporalunittournament">
            <conceptId qcode="sptemporalunit:tournament" created="2016-05-02T00:00:00+00:00"/>
            <type qcode="cpnat:abstract"/>
            <name xml:lang="en-US">tournament</name>
            <name xml:lang="en-GB">tournament</name>
            <definition/>
            <related uri="http://cv.iptc.org/newscodes/sptemporalunit/" rel="skos:inScheme"/>
        </concept>
        <concept id="sptemporalunittournament-pool">
            <conceptId qcode="sptemporalunit:tournament-pool" created="2016-05-02T00:00:00+00:00"/>
            <type qcode="cpnat:abstract"/>
            <name xml:lang="en-US">tournament-pool</name>
            <name xml:lang="en-GB">tournament-pool</name>
            <definition/>
            <related uri="http://cv.iptc.org/newscodes/sptemporalunit/" rel="skos:inScheme"/>
        </concept>
        <concept id="sptemporalunittournament-seed">
            <conceptId qcode="sptemporalunit:tournament-seed" created="2016-05-02T00:00:00+00:00"/>
            <type qcode="cpnat:abstract"/>
            <name xml:lang="en-US">tournament-seed</name>
            <name xml:lang="en-GB">tournament-seed</name>
            <definition/>
            <related uri="http://cv.iptc.org/newscodes/sptemporalunit/" rel="skos:inScheme"/>
        </concept>
        <concept id="sptemporalunitrecent-ten-events">
            <conceptId qcode="sptemporalunit:recent-ten-events" created="2016-05-02T00:00:00+00:00"/>
            <type qcode="cpnat:abstract"/>
            <name xml:lang="en-US">recent-ten-events</name>
            <name xml:lang="en-GB">recent-ten-events</name>
            <definition/>
            <related uri="http://cv.iptc.org/newscodes/sptemporalunit/" rel="skos:inScheme"/>
        </concept>
        <concept id="sptemporalunithourly">
            <conceptId qcode="sptemporalunit:hourly" created="2016-05-02T00:00:00+00:00"/>
            <type qcode="cpnat:abstract"/>
            <name xml:lang="en-US">hourly</name>
            <name xml:lang="en-GB">hourly</name>
            <definition/>
            <related uri="http://cv.iptc.org/newscodes/sptemporalunit/" rel="skos:inScheme"/>
        </concept>
        <concept id="sptemporalunitdaily">
            <conceptId qcode="sptemporalunit:daily" created="2016-05-02T00:00:00+00:00"/>
            <type qcode="cpnat:abstract"/>
            <name xml:lang="en-US">daily</name>
            <name xml:lang="en-GB">daily</name>
            <definition/>
            <related uri="http://cv.iptc.org/newscodes/sptemporalunit/" rel="skos:inScheme"/>
        </concept>
        <concept id="sptemporalunitweekly">
            <conceptId qcode="sptemporalunit:weekly" created="2016-05-02T00:00:00+00:00"/>
            <type qcode="cpnat:abstract"/>
            <name xml:lang="en-US">weekly</name>
            <name xml:lang="en-GB">weekly</name>
            <definition/>
            <related uri="http://cv.iptc.org/newscodes/sptemporalunit/" rel="skos:inScheme"/>
        </concept>
        <concept id="sptemporalunitmonthly">
            <conceptId qcode="sptemporalunit:monthly" created="2016-05-02T00:00:00+00:00"/>
            <type qcode="cpnat:abstract"/>
            <name xml:lang="en-US">monthly</name>
            <name xml:lang="en-GB">monthly</name>
            <definition/>
            <related uri="http://cv.iptc.org/newscodes/sptemporalunit/" rel="skos:inScheme"/>
        </concept>
        <concept id="sptemporalunitpreseason">
            <conceptId qcode="sptemporalunit:preseason" created="2016-05-02T00:00:00+00:00"/>
            <type qcode="cpnat:abstract"/>
            <name xml:lang="en-US">preseason</name>
            <name xml:lang="en-GB">preseason</name>
            <definition/>
            <related uri="http://cv.iptc.org/newscodes/sptemporalunit/" rel="skos:inScheme"/>
        </concept>
        <concept id="sptemporalunitseason-exhibition">
            <conceptId qcode="sptemporalunit:season-exhibition" created="2016-05-02T00:00:00+00:00"/>
            <type qcode="cpnat:abstract"/>
            <name xml:lang="en-US">season-exhibition</name>
            <name xml:lang="en-GB">season-exhibition</name>
            <definition/>
            <related uri="http://cv.iptc.org/newscodes/sptemporalunit/" rel="skos:inScheme"/>
        </concept>
        <concept id="sptemporalunitseason-regular">
            <conceptId qcode="sptemporalunit:season-regular" created="2016-05-02T00:00:00+00:00"/>
            <type qcode="cpnat:abstract"/>
            <name xml:lang="en-US">season-regular</name>
            <name xml:lang="en-GB">season-regular</name>
            <definition xml:lang="en-GB">The default value.</definition>
            <related uri="http://cv.iptc.org/newscodes/sptemporalunit/" rel="skos:inScheme"/>
        </concept>
        <concept id="sptemporalunitseason-playoffs">
            <conceptId qcode="sptemporalunit:season-playoffs" created="2016-05-02T00:00:00+00:00"/>
            <type qcode="cpnat:abstract"/>
            <name xml:lang="en-US">season-playoffs</name>
            <name xml:lang="en-GB">season-playoffs</name>
            <definition/>
            <related uri="http://cv.iptc.org/newscodes/sptemporalunit/" rel="skos:inScheme"/>
        </concept>
        <concept id="sptemporalunitseason">
            <conceptId qcode="sptemporalunit:season" created="2016-05-02T00:00:00+00:00"/>
            <type qcode="cpnat:abstract"/>
            <name xml:lang="en-US">season</name>
            <name xml:lang="en-GB">season</name>
            <definition/>
            <related uri="http://cv.iptc.org/newscodes/sptemporalunit/" rel="skos:inScheme"/>
        </concept>
        <concept id="sptemporalunitcareer">
            <conceptId qcode="sptemporalunit:career" created="2016-05-02T00:00:00+00:00"/>
            <type qcode="cpnat:abstract"/>
            <name xml:lang="en-US">career</name>
            <name xml:lang="en-GB">career</name>
            <definition/>
            <related uri="http://cv.iptc.org/newscodes/sptemporalunit/" rel="skos:inScheme"/>
        </concept>
    </conceptSet>
    <schemeMeta authority="http://www.iptc.org" uri="http://cv.iptc.org/newscodes/sptemporalunit/"
        preferredalias="sptemporalunit">
        <definition xml:lang="en-GB">The unit of performance to which the stats apply eg.
            single-event, season, career.</definition>
        <name xml:lang="en-US">Temporal Unit</name>
            <name xml:lang="en-GB">Temporal Unit</name>
        <related qcode="sptemporalunit:period" rel="skos:hasTopConcept"/>
        <related qcode="sptemporalunit:event" rel="skos:hasTopConcept"/>
        <related qcode="sptemporalunit:tournament" rel="skos:hasTopConcept"/>
        <related qcode="sptemporalunit:tournament-pool" rel="skos:hasTopConcept"/>
        <related qcode="sptemporalunit:tournament-seed" rel="skos:hasTopConcept"/>
        <related qcode="sptemporalunit:recent-ten-events" rel="skos:hasTopConcept"/>
        <related qcode="sptemporalunit:hourly" rel="skos:hasTopConcept"/>
        <related qcode="sptemporalunit:daily" rel="skos:hasTopConcept"/>
        <related qcode="sptemporalunit:weekly" rel="skos:hasTopConcept"/>
        <related qcode="sptemporalunit:monthly" rel="skos:hasTopConcept"/>
        <related qcode="sptemporalunit:preseason" rel="skos:hasTopConcept"/>
        <related qcode="sptemporalunit:season-exhibition" rel="skos:hasTopConcept"/>
        <related qcode="sptemporalunit:season-regular" rel="skos:hasTopConcept"/>
        <related qcode="sptemporalunit:season-playoffs" rel="skos:hasTopConcept"/>
        <related qcode="sptemporalunit:season" rel="skos:hasTopConcept"/>
        <related qcode="sptemporalunit:career" rel="skos:hasTopConcept"/>
        <schemeMetaExtProperty rel="ikos:availLang" value="en-US"/>
        <schemeMetaExtProperty rel="ikos:availLang" value="en-GB"/>
    </schemeMeta>
</knowledgeItem>
