<knowledgeItem xmlns="http://iptc.org/std/nar/2006-10-01/"
	xmlns:xs="http://www.w3.org/2001/XMLSchema" xmlns:newsml="http://iptc.org/std/nar/2006-10-01/"
	standard="NewsML-G2" standardversion="2.18" conformance="power"
	guid="urn:newsml:iptc.org:20080229:srcncdki-sptournamentphase" version="1">
	<catalogRef href="http://www.iptc.org/std/catalog/catalog.IPTC-G2-Standards_25.xml"/>
	<rightsInfo>
		<copyrightHolder uri="http://cv.iptc.org/newscodes/newsprovider/IPTC">
			<name>IPTC - International Press Telecommunications Council</name>
		</copyrightHolder>
		<copyrightNotice>Copyright 2016, IPTC, www.iptc.org, Rights Reserved</copyrightNotice>
		<usageTerms href="http://creativecommons.org/licenses/by/4.0/">the Creative Commons
			Attribution (CC BY) 4.0 license applies to all NewsCodes</usageTerms>
	</rightsInfo>
	<itemMeta>
		<itemClass qcode="cinat:scheme"/>
		<provider uri="http://cv.iptc.org/newscodes/newsprovider/IPTC">
			<name>IPTC</name>
		</provider>
		<versionCreated>2016-06-13T15:15:32-04:00</versionCreated>
		<pubStatus qcode="stat:usable"/>
	</itemMeta>
	<contentMeta>
		<subject qcode="subj:15000000">
			<name xml:lang="en-US">sport</name>
            <name xml:lang="en-GB">sport</name>
		</subject>
		<description>The phase of the tournament: semi-final, quarter-final, etc.</description>
	</contentMeta>
	<conceptSet>
		<concept id="sptournamentphaseelimination">
			<conceptId qcode="sptournamentphase:elimination" created="2016-05-02T00:00:00+00:00"/>
            <type qcode="cpnat:abstract"/>
			<name xml:lang="en-US">Elimination</name>
            <name xml:lang="en-GB">Elimination</name>
			<definition/>
			<related uri="http://cv.iptc.org/newscodes/sptournamentphase/" rel="skos:inScheme"/>
		</concept>
		<concept id="sptournamentphasegroup">
			<conceptId qcode="sptournamentphase:group" created="2016-05-02T00:00:00+00:00"/>
            <type qcode="cpnat:abstract"/>
			<name xml:lang="en-US">Group</name>
            <name xml:lang="en-GB">Group</name>
			<definition/>
			<related uri="http://cv.iptc.org/newscodes/sptournamentphase/" rel="skos:inScheme"/>
		</concept>
		<concept id="sptournamentphaseplay-off">
			<conceptId qcode="sptournamentphase:play-off" created="2016-05-02T00:00:00+00:00"/>
            <type qcode="cpnat:abstract"/>
			<name xml:lang="en-US">Play Off</name>
            <name xml:lang="en-GB">Play Off</name>
			<definition/>
			<related uri="http://cv.iptc.org/newscodes/sptournamentphase/" rel="skos:inScheme"/>
		</concept>
		<concept id="sptournamentphasetiebreaker">
			<conceptId qcode="sptournamentphase:tiebreaker" created="2016-05-02T00:00:00+00:00"/>
            <type qcode="cpnat:abstract"/>
			<name xml:lang="en-US">Tie Breaker</name>
            <name xml:lang="en-GB">Tie Breaker</name>
			<definition/>
			<related uri="http://cv.iptc.org/newscodes/sptournamentphase/" rel="skos:inScheme"/>
		</concept>
		<concept id="sptournamentphaseround">
			<conceptId qcode="sptournamentphase:round" created="2016-05-02T00:00:00+00:00"/>
            <type qcode="cpnat:abstract"/>
			<name xml:lang="en-US">Round</name>
            <name xml:lang="en-GB">Round</name>
			<definition/>
			<related uri="http://cv.iptc.org/newscodes/sptournamentphase/" rel="skos:inScheme"/>
		</concept>
		<concept id="sptournamentphaseround-robin">
			<conceptId qcode="sptournamentphase:round-robin" created="2016-05-02T00:00:00+00:00"/>
            <type qcode="cpnat:abstract"/>
			<name xml:lang="en-US">Round Robin</name>
            <name xml:lang="en-GB">Round Robin</name>
			<definition/>
			<related uri="http://cv.iptc.org/newscodes/sptournamentphase/" rel="skos:inScheme"/>
		</concept>
		<concept id="sptournamentphasequarter-final">
			<conceptId qcode="sptournamentphase:quarter-final" created="2016-05-02T00:00:00+00:00"/>
            <type qcode="cpnat:abstract"/>
			<name xml:lang="en-US">Quarter Final</name>
            <name xml:lang="en-GB">Quarter Final</name>
			<definition/>
			<related uri="http://cv.iptc.org/newscodes/sptournamentphase/" rel="skos:inScheme"/>
		</concept>
		<concept id="sptournamentphasesemi-final">
			<conceptId qcode="sptournamentphase:semi-final" created="2016-05-02T00:00:00+00:00"/>
            <type qcode="cpnat:abstract"/>
			<name xml:lang="en-US">Semi Final</name>
            <name xml:lang="en-GB">Semi Final</name>
			<definition/>
			<related uri="http://cv.iptc.org/newscodes/sptournamentphase/" rel="skos:inScheme"/>
		</concept>
		<concept id="sptournamentphasethird-final">
			<conceptId qcode="sptournamentphase:third-final" created="2016-05-02T00:00:00+00:00"/>
            <type qcode="cpnat:abstract"/>
			<name xml:lang="en-US">Third Place Final</name>
            <name xml:lang="en-GB">Third Place Final</name>
			<definition/>
			<related uri="http://cv.iptc.org/newscodes/sptournamentphase/" rel="skos:inScheme"/>
		</concept>
		<concept id="sptournamentphasefinal">
			<conceptId qcode="sptournamentphase:final" created="2016-05-02T00:00:00+00:00"/>
            <type qcode="cpnat:abstract"/>
			<name xml:lang="en-US">Final</name>
            <name xml:lang="en-GB">Final</name>
			<definition/>
			<related uri="http://cv.iptc.org/newscodes/sptournamentphase/" rel="skos:inScheme"/>
		</concept>
		<concept id="sptournamentphasequalification">
			<conceptId qcode="sptournamentphase:qualification" created="2016-05-02T00:00:00+00:00"/>
            <type qcode="cpnat:abstract"/>
			<name xml:lang="en-US">qualification</name>
            <name xml:lang="en-GB">qualification</name>
			<definition xml:lang="en-GB">The stage, usually prior to a group or elimination stage, where entities
				compete to qualify for the later "playoff" stage.</definition>
			<related uri="http://cv.iptc.org/newscodes/sptournamentphase/" rel="skos:inScheme"/>
		</concept>
	</conceptSet>
	<schemeMeta authority="http://www.iptc.org" uri="http://cv.iptc.org/newscodes/sptournamentphase/"
		preferredalias="sptournamentphase">
		<definition xml:lang="en-GB">The phase of the tournament: semi-final, quarter-final, etc.</definition>
		<name xml:lang="en-US">Tournament Phase</name>
            <name xml:lang="en-GB">Tournament Phase</name>
		<related qcode="sptournamentphase:elimination" rel="skos:hasTopConcept"/>
		<related qcode="sptournamentphase:group" rel="skos:hasTopConcept"/>
		<related qcode="sptournamentphase:play-off" rel="skos:hasTopConcept"/>
		<related qcode="sptournamentphase:tiebreaker" rel="skos:hasTopConcept"/>
		<related qcode="sptournamentphase:round" rel="skos:hasTopConcept"/>
		<related qcode="sptournamentphase:round-robin" rel="skos:hasTopConcept"/>
		<related qcode="sptournamentphase:quarter-final" rel="skos:hasTopConcept"/>
		<related qcode="sptournamentphase:semi-final" rel="skos:hasTopConcept"/>
		<related qcode="sptournamentphase:third-final" rel="skos:hasTopConcept"/>
		<related qcode="sptournamentphase:final" rel="skos:hasTopConcept"/>
		<related qcode="sptournamentphase:qualification" rel="skos:hasTopConcept"/>
		<schemeMetaExtProperty rel="ikos:availLang" value="en-GB"/>
		<schemeMetaExtProperty rel="ikos:availLang" value="en-US"/>
	</schemeMeta>
</knowledgeItem>
