<knowledgeItem xmlns="http://iptc.org/std/nar/2006-10-01/"
	xmlns:xs="http://www.w3.org/2001/XMLSchema" xmlns:newsml="http://iptc.org/std/nar/2006-10-01/"
	standard="NewsML-G2" standardversion="2.18" conformance="power"
	guid="urn:newsml:iptc.org:20080229:srcncdki-sptournamentform" version="1">
	<catalogRef href="http://www.iptc.org/std/catalog/catalog.IPTC-G2-Standards_25.xml"/>
	<rightsInfo>
		<copyrightHolder uri="http://cv.iptc.org/newscodes/newsprovider/IPTC">
			<name>IPTC - International Press Telecommunications Council</name>
		</copyrightHolder>
		<copyrightNotice>Copyright 2016, IPTC, www.iptc.org, Rights Reserved</copyrightNotice>
		<usageTerms href="http://creativecommons.org/licenses/by/4.0/">the Creative Commons
			Attribution (CC BY) 4.0 license applies to all NewsCodes</usageTerms>
	</rightsInfo>
	<itemMeta>
		<itemClass qcode="cinat:scheme"/>
		<provider uri="http://cv.iptc.org/newscodes/newsprovider/IPTC">
			<name>IPTC</name>
		</provider>
		<versionCreated>2016-06-13T15:15:32-04:00</versionCreated>
		<pubStatus qcode="stat:usable"/>
	</itemMeta>
	<contentMeta>
		<subject qcode="subj:15000000">
			<name xml:lang="en-US">sport</name>
            <name xml:lang="en-GB">sport</name>
		</subject>
		<description>The format type of tournament or tournament phase: group, elimination, etc.</description>
	</contentMeta>
	<conceptSet>
		<concept id="sptournamentformhosted">
			<conceptId qcode="sptournamentform:hosted" created="2016-05-02T00:00:00+00:00"/>
            <type qcode="cpnat:abstract"/>
			<name xml:lang="en-US">hosted</name>
            <name xml:lang="en-GB">hosted</name>
			<definition xml:lang="en-GB">For a tournament that holds stages in different locations. Eg. different
				host cities/countries for PGA, FIS, Diamond League (IAAF) and even Tour de
				France</definition>
			<related uri="http://cv.iptc.org/newscodes/sptournamentform/" rel="skos:inScheme"/>
		</concept>
		<concept id="sptournamentformsingle-group">
			<conceptId qcode="sptournamentform:single-group" created="2016-05-02T00:00:00+00:00"/>
            <type qcode="cpnat:abstract"/>
			<name xml:lang="en-US">single-group</name>
            <name xml:lang="en-GB">single-group</name>
			<definition xml:lang="en-GB">The stage involves only a single group of competitors. For example Italian
				Serie A where teams vie for placement in the league table. Also, a single group
				competition in a multi-group stage, such as the World Cup group stage.</definition>
			<related uri="http://cv.iptc.org/newscodes/sptournamentform/" rel="skos:inScheme"/>
		</concept>
		<concept id="sptournamentformseries">
			<conceptId qcode="sptournamentform:series" created="2016-05-02T00:00:00+00:00"/>
            <type qcode="cpnat:abstract"/>
			<name xml:lang="en-US">series</name>
            <name xml:lang="en-GB">series</name>
			<definition xml:lang="en-GB">A stage in which two competitors face off in a series of games (eg. best 3
				of 5) the winner of which proceeds to the next stage, or wins the
				tournament.</definition>
			<related uri="http://cv.iptc.org/newscodes/sptournamentform/" rel="skos:inScheme"/>
		</concept>
		<concept id="sptournamentformsingle-elimination">
			<conceptId qcode="sptournamentform:single-elimination" created="2016-05-02T00:00:00+00:00"/>
            <type qcode="cpnat:abstract"/>
			<name xml:lang="en-US">single-elimination</name>
            <name xml:lang="en-GB">single-elimination</name>
			<definition xml:lang="en-GB">A stage in which two competitors face off in a single match to determine who
				proceeds to the next stage, or wins the tournament. Eg. elimination stage of World
				Cup of Soccer or NFL playoffs.</definition>
			<related uri="http://cv.iptc.org/newscodes/sptournamentform/" rel="skos:inScheme"/>
		</concept>
		<concept id="sptournamentformhome-and-home">
			<conceptId qcode="sptournamentform:home-and-home" created="2016-05-02T00:00:00+00:00"/>
            <type qcode="cpnat:abstract"/>
			<name xml:lang="en-US">home-and-home</name>
            <name xml:lang="en-GB">home-and-home</name>
			<definition xml:lang="en-GB">A stage in which two competitors face off in a two matches (or legs) at each
				team's home location. The overall winner proceeds ahead. Usually culiminates in a
				single-elimination match at a neutral location i.e. UEFA Champions
				League.</definition>
			<related uri="http://cv.iptc.org/newscodes/sptournamentform/" rel="skos:inScheme"/>
		</concept>
	</conceptSet>
	<schemeMeta authority="http://www.iptc.org" uri="http://cv.iptc.org/newscodes/sptournamentform/"
		preferredalias="sptournamentform">
		<definition xml:lang="en-GB">The format type of tournament or tournament phase: group, elimination, etc.</definition>
		<name xml:lang="en-US">Tournament Format Type</name>
            <name xml:lang="en-GB">Tournament Format Type</name>
		<related qcode="sptournamentform:hosted" rel="skos:hasTopConcept"/>
		<related qcode="sptournamentform:single-group" rel="skos:hasTopConcept"/>
		<related qcode="sptournamentform:series" rel="skos:hasTopConcept"/>
		<related qcode="sptournamentform:single-elimination" rel="skos:hasTopConcept"/>
		<related qcode="sptournamentform:home-and-home" rel="skos:hasTopConcept"/>
		<schemeMetaExtProperty rel="ikos:availLang" value="en-GB"/>
		<schemeMetaExtProperty rel="ikos:availLang" value="en-US"/>
	</schemeMeta>
</knowledgeItem>
