<knowledgeItem xmlns="http://iptc.org/std/nar/2006-10-01/"
    xmlns:xs="http://www.w3.org/2001/XMLSchema" xmlns:newsml="http://iptc.org/std/nar/2006-10-01/"
    standard="NewsML-G2" standardversion="2.18" conformance="power"
    guid="urn:newsml:iptc.org:20080229:srcncdki-spweatherprediction" version="1">
    <catalogRef href="http://www.iptc.org/std/catalog/catalog.IPTC-G2-Standards_25.xml"/>
    <catalogRef href="http://www.iptc.org/std/catalog/catalog.IPTC-Sports_1.xml"/>
    <rightsInfo>
        <copyrightHolder uri="http://cv.iptc.org/newscodes/newsprovider/IPTC">
            <name>IPTC - International Press Telecommunications Council</name>
        </copyrightHolder>
        <copyrightNotice>Copyright 2016, IPTC, www.iptc.org, Rights Reserved</copyrightNotice>
        <usageTerms href="http://creativecommons.org/licenses/by/4.0/">the Creative Commons
            Attribution (CC BY) 4.0 license applies to all NewsCodes</usageTerms>
    </rightsInfo>
    <itemMeta>
        <itemClass qcode="cinat:scheme"/>
        <provider uri="http://cv.iptc.org/newscodes/newsprovider/IPTC">
            <name>IPTC</name>
        </provider>
        <versionCreated>2016-06-13T15:15:32-04:00</versionCreated>
        <pubStatus qcode="stat:usable"/>
    </itemMeta>
    <contentMeta>
        <subject qcode="subj:15000000">
            <name xml:lang="en-US">sport</name>
            <name xml:lang="en-GB">sport</name>
        </subject>
        <description>Describes expected weather conditions for event.</description>
    </contentMeta>
    <conceptSet>
        <concept id="spweatherpredictionrain">
            <conceptId qcode="spweatherprediction:rain" created="2016-05-02T00:00:00+00:00"/>
            <type qcode="cpnat:abstract"/>
            <name xml:lang="en-US">rain</name>
            <name xml:lang="en-GB">rain</name>
            <definition/>
            <related uri="http://cv.iptc.org/newscodes/spweatherprediction/" rel="skos:inScheme"/>
        </concept>
        <concept id="spweatherpredictionsunny">
            <conceptId qcode="spweatherprediction:sunny" created="2016-05-02T00:00:00+00:00"/>
            <type qcode="cpnat:abstract"/>
            <name xml:lang="en-US">sunny</name>
            <name xml:lang="en-GB">sunny</name>
            <definition/>
            <related uri="http://cv.iptc.org/newscodes/spweatherprediction/" rel="skos:inScheme"/>
        </concept>
        <concept id="spweatherpredictionclear">
            <conceptId qcode="spweatherprediction:clear" created="2016-05-02T00:00:00+00:00"/>
            <type qcode="cpnat:abstract"/>
            <name xml:lang="en-US">clear</name>
            <name xml:lang="en-GB">clear</name>
            <definition/>
            <related uri="http://cv.iptc.org/newscodes/spweatherprediction/" rel="skos:inScheme"/>
        </concept>
        <concept id="spweatherpredictioncloudy">
            <conceptId qcode="spweatherprediction:cloudy" created="2016-05-02T00:00:00+00:00"/>
            <type qcode="cpnat:abstract"/>
            <name xml:lang="en-US">cloudy</name>
            <name xml:lang="en-GB">cloudy</name>
            <definition/>
            <related uri="http://cv.iptc.org/newscodes/spweatherprediction/" rel="skos:inScheme"/>
        </concept>
        <concept id="spweatherpredictionwindy">
            <conceptId qcode="spweatherprediction:windy" created="2016-05-02T00:00:00+00:00"/>
            <type qcode="cpnat:abstract"/>
            <name xml:lang="en-US">windy</name>
            <name xml:lang="en-GB">windy</name>
            <definition/>
            <related uri="http://cv.iptc.org/newscodes/spweatherprediction/" rel="skos:inScheme"/>
        </concept>
        <concept id="spweatherpredictionmostly-fair">
            <conceptId qcode="spweatherprediction:mostly-fair" created="2016-05-02T00:00:00+00:00"/>
            <type qcode="cpnat:abstract"/>
            <name xml:lang="en-US">mostly-fair</name>
            <name xml:lang="en-GB">mostly-fair</name>
            <definition/>
            <related uri="http://cv.iptc.org/newscodes/spweatherprediction/" rel="skos:inScheme"/>
        </concept>
        <concept id="spweatherpredictionsnow">
            <conceptId qcode="spweatherprediction:snow" created="2016-05-02T00:00:00+00:00"/>
            <type qcode="cpnat:abstract"/>
            <name xml:lang="en-US">snow</name>
            <name xml:lang="en-GB">snow</name>
            <definition/>
            <related uri="http://cv.iptc.org/newscodes/spweatherprediction/" rel="skos:inScheme"/>
        </concept>
        <concept id="spweatherpredictionshowers">
            <conceptId qcode="spweatherprediction:showers" created="2016-05-02T00:00:00+00:00"/>
            <type qcode="cpnat:abstract"/>
            <name xml:lang="en-US">showers</name>
            <name xml:lang="en-GB">showers</name>
            <definition/>
            <related uri="http://cv.iptc.org/newscodes/spweatherprediction/" rel="skos:inScheme"/>
        </concept>
        <concept id="spweatherpredictionmostly-cloudy,rain">
            <conceptId qcode="spweatherprediction:mostly-cloudy,rain" created="2016-05-02T00:00:00+00:00"/>
            <type qcode="cpnat:abstract"/>
            <name xml:lang="en-US">mostly-cloudy,rain</name>
            <name xml:lang="en-GB">mostly-cloudy,rain</name>
            <definition/>
            <related uri="http://cv.iptc.org/newscodes/spweatherprediction/" rel="skos:inScheme"/>
        </concept>
        <concept id="spweatherpredictionpartly-sunny,rain">
            <conceptId qcode="spweatherprediction:partly-sunny,rain" created="2016-05-02T00:00:00+00:00"/>
            <type qcode="cpnat:abstract"/>
            <name xml:lang="en-US">partly-sunny,rain</name>
            <name xml:lang="en-GB">partly-sunny,rain</name>
            <definition/>
            <related uri="http://cv.iptc.org/newscodes/spweatherprediction/" rel="skos:inScheme"/>
        </concept>
        <concept id="spweatherpredictionpartly-cloudy,rain">
            <conceptId qcode="spweatherprediction:partly-cloudy,rain" created="2016-05-02T00:00:00+00:00"/>
            <type qcode="cpnat:abstract"/>
            <name xml:lang="en-US">partly-cloudy,rain</name>
            <name xml:lang="en-GB">partly-cloudy,rain</name>
            <definition/>
            <related uri="http://cv.iptc.org/newscodes/spweatherprediction/" rel="skos:inScheme"/>
        </concept>
        <concept id="spweatherpredictionmostly-cloudy,snow">
            <conceptId qcode="spweatherprediction:mostly-cloudy,snow" created="2016-05-02T00:00:00+00:00"/>
            <type qcode="cpnat:abstract"/>
            <name xml:lang="en-US">mostly-cloudy,snow</name>
            <name xml:lang="en-GB">mostly-cloudy,snow</name>
            <definition/>
            <related uri="http://cv.iptc.org/newscodes/spweatherprediction/" rel="skos:inScheme"/>
        </concept>
        <concept id="spweatherpredictionpartly-sunny,snow">
            <conceptId qcode="spweatherprediction:partly-sunny,snow" created="2016-05-02T00:00:00+00:00"/>
            <type qcode="cpnat:abstract"/>
            <name xml:lang="en-US">partly-sunny,snow</name>
            <name xml:lang="en-GB">partly-sunny,snow</name>
            <definition/>
            <related uri="http://cv.iptc.org/newscodes/spweatherprediction/" rel="skos:inScheme"/>
        </concept>
        <concept id="spweatherpredictionpartly-cloudy,snow">
            <conceptId qcode="spweatherprediction:partly-cloudy,snow" created="2016-05-02T00:00:00+00:00"/>
            <type qcode="cpnat:abstract"/>
            <name xml:lang="en-US">partly-cloudy,snow</name>
            <name xml:lang="en-GB">partly-cloudy,snow</name>
            <definition/>
            <related uri="http://cv.iptc.org/newscodes/spweatherprediction/" rel="skos:inScheme"/>
        </concept>
        <concept id="spweatherpredictionmostly-cloudy,showers">
            <conceptId qcode="spweatherprediction:mostly-cloudy,showers" created="2016-05-02T00:00:00+00:00"/>
            <type qcode="cpnat:abstract"/>
            <name xml:lang="en-US">mostly-cloudy,showers</name>
            <name xml:lang="en-GB">mostly-cloudy,showers</name>
            <definition/>
            <related uri="http://cv.iptc.org/newscodes/spweatherprediction/" rel="skos:inScheme"/>
        </concept>
        <concept id="spweatherpredictionpartly-sunny,showers">
            <conceptId qcode="spweatherprediction:partly-sunny,showers" created="2016-05-02T00:00:00+00:00"/>
            <type qcode="cpnat:abstract"/>
            <name xml:lang="en-US">partly-sunny,showers</name>
            <name xml:lang="en-GB">partly-sunny,showers</name>
            <definition/>
            <related uri="http://cv.iptc.org/newscodes/spweatherprediction/" rel="skos:inScheme"/>
        </concept>
        <concept id="spweatherpredictionpartly-cloudy,showers">
            <conceptId qcode="spweatherprediction:partly-cloudy,showers" created="2016-05-02T00:00:00+00:00"/>
            <type qcode="cpnat:abstract"/>
            <name xml:lang="en-US">partly-cloudy,showers</name>
            <name xml:lang="en-GB">partly-cloudy,showers</name>
            <definition/>
            <related uri="http://cv.iptc.org/newscodes/spweatherprediction/" rel="skos:inScheme"/>
        </concept>
        <concept id="spweatherpredictionpartly-cloudy">
            <conceptId qcode="spweatherprediction:partly-cloudy" created="2016-05-02T00:00:00+00:00"/>
            <type qcode="cpnat:abstract"/>
            <name xml:lang="en-US">partly-cloudy</name>
            <name xml:lang="en-GB">partly-cloudy</name>
            <definition/>
            <related uri="http://cv.iptc.org/newscodes/spweatherprediction/" rel="skos:inScheme"/>
        </concept>
        <concept id="spweatherpredictionpartly-sunny">
            <conceptId qcode="spweatherprediction:partly-sunny" created="2016-05-02T00:00:00+00:00"/>
            <type qcode="cpnat:abstract"/>
            <name xml:lang="en-US">partly-sunny</name>
            <name xml:lang="en-GB">partly-sunny</name>
            <definition/>
            <related uri="http://cv.iptc.org/newscodes/spweatherprediction/" rel="skos:inScheme"/>
        </concept>
        <concept id="spweatherpredictionmostly-cloudy">
            <conceptId qcode="spweatherprediction:mostly-cloudy" created="2016-05-02T00:00:00+00:00"/>
            <type qcode="cpnat:abstract"/>
            <name xml:lang="en-US">mostly-cloudy</name>
            <name xml:lang="en-GB">mostly-cloudy</name>
            <definition/>
            <related uri="http://cv.iptc.org/newscodes/spweatherprediction/" rel="skos:inScheme"/>
        </concept>
        <concept id="spweatherpredictionmostly-sunny">
            <conceptId qcode="spweatherprediction:mostly-sunny" created="2016-05-02T00:00:00+00:00"/>
            <type qcode="cpnat:abstract"/>
            <name xml:lang="en-US">mostly-sunny</name>
            <name xml:lang="en-GB">mostly-sunny</name>
            <definition/>
            <related uri="http://cv.iptc.org/newscodes/spweatherprediction/" rel="skos:inScheme"/>
        </concept>
        <concept id="spweatherpredictionmostly-clear">
            <conceptId qcode="spweatherprediction:mostly-clear" created="2016-05-02T00:00:00+00:00"/>
            <type qcode="cpnat:abstract"/>
            <name xml:lang="en-US">mostly-clear</name>
            <name xml:lang="en-GB">mostly-clear</name>
            <definition/>
            <related uri="http://cv.iptc.org/newscodes/spweatherprediction/" rel="skos:inScheme"/>
        </concept>
        <concept id="spweatherpredictionindoor-play">
            <conceptId qcode="spweatherprediction:indoor-play" created="2016-05-02T00:00:00+00:00"/>
            <type qcode="cpnat:abstract"/>
            <name xml:lang="en-US">indoor-play</name>
            <name xml:lang="en-GB">indoor-play</name>
            <definition/>
            <related uri="http://cv.iptc.org/newscodes/spweatherprediction/" rel="skos:inScheme"/>
        </concept>
    </conceptSet>
    <schemeMeta authority="http://www.iptc.org"
        uri="http://cv.iptc.org/newscodes/spweatherprediction/" preferredalias="spweatherprediction">
        <definition xml:lang="en-GB">Describes expected weather conditions for event.</definition>
        <name xml:lang="en-US">Weather Terms</name>
            <name xml:lang="en-GB">Weather Terms</name>
        <related qcode="spweatherprediction:rain" rel="skos:hasTopConcept"/>
        <related qcode="spweatherprediction:sunny" rel="skos:hasTopConcept"/>
        <related qcode="spweatherprediction:clear" rel="skos:hasTopConcept"/>
        <related qcode="spweatherprediction:cloudy" rel="skos:hasTopConcept"/>
        <related qcode="spweatherprediction:windy" rel="skos:hasTopConcept"/>
        <related qcode="spweatherprediction:mostly-fair" rel="skos:hasTopConcept"/>
        <related qcode="spweatherprediction:snow" rel="skos:hasTopConcept"/>
        <related qcode="spweatherprediction:showers" rel="skos:hasTopConcept"/>
        <related qcode="spweatherprediction:mostly-cloudy,rain" rel="skos:hasTopConcept"/>
        <related qcode="spweatherprediction:partly-sunny,rain" rel="skos:hasTopConcept"/>
        <related qcode="spweatherprediction:partly-cloudy,rain" rel="skos:hasTopConcept"/>
        <related qcode="spweatherprediction:mostly-cloudy,snow" rel="skos:hasTopConcept"/>
        <related qcode="spweatherprediction:partly-sunny,snow" rel="skos:hasTopConcept"/>
        <related qcode="spweatherprediction:partly-cloudy,snow" rel="skos:hasTopConcept"/>
        <related qcode="spweatherprediction:mostly-cloudy,showers" rel="skos:hasTopConcept"/>
        <related qcode="spweatherprediction:partly-sunny,showers" rel="skos:hasTopConcept"/>
        <related qcode="spweatherprediction:partly-cloudy,showers" rel="skos:hasTopConcept"/>
        <related qcode="spweatherprediction:partly-cloudy" rel="skos:hasTopConcept"/>
        <related qcode="spweatherprediction:partly-sunny" rel="skos:hasTopConcept"/>
        <related qcode="spweatherprediction:mostly-cloudy" rel="skos:hasTopConcept"/>
        <related qcode="spweatherprediction:mostly-sunny" rel="skos:hasTopConcept"/>
        <related qcode="spweatherprediction:mostly-clear" rel="skos:hasTopConcept"/>
        <related qcode="spweatherprediction:indoor-play" rel="skos:hasTopConcept"/>
        <schemeMetaExtProperty rel="ikos:availLang" value="en-US"/>
        <schemeMetaExtProperty rel="ikos:availLang" value="en-GB"/>
    </schemeMeta>
</knowledgeItem>
