<knowledgeItem xmlns="http://iptc.org/std/nar/2006-10-01/" standard="NewsML-G2"
    standardversion="2.18" conformance="power"
    guid="urn:newsml:iptc.org:20080229:srcncdki-sprgxpenaltylevel" version="1">
    <catalogRef href="http://www.iptc.org/std/catalog/catalog.IPTC-G2-Standards_25.xml"/>
    <catalogRef href="http://www.iptc.org/std/catalog/catalog.IPTC-Sports_1.xml"/>
    <rightsInfo>
        <copyrightHolder uri="http://cv.iptc.org/newscodes/newsprovider/IPTC">
            <name>IPTC - International Press Telecommunications Council</name>
        </copyrightHolder>
        <copyrightNotice>Copyright 2016, IPTC, www.iptc.org, Rights Reserved</copyrightNotice>
        <usageTerms href="http://creativecommons.org/licenses/by/4.0/">the Creative Commons
            Attribution (CC BY) 4.0 license applies to all NewsCodes</usageTerms>
    </rightsInfo>
    <itemMeta>
        <itemClass qcode="cinat:scheme"/>
        <provider uri="http://cv.iptc.org/newscodes/newsprovider/IPTC">
            <name>IPTC</name>
        </provider>
        <versionCreated>2016-06-13T15:15:32-04:00</versionCreated>
        <pubStatus qcode="stat:usable"/>
    </itemMeta>
    <contentMeta>
        <subject qcode="subj:15000000">
            <name xml:lang="en-US">sport</name>
            <name xml:lang="en-GB">sport</name>
        </subject>
        <subject qcode="subj:15047007">
            <name xml:lang="en-US">rugby</name>
            <name xml:lang="en-GB">rugby</name>
            <broader qcode="subj:15000000"/>
        </subject>
        <description>Levels of penalty in rugby.</description>
    </contentMeta>
    <conceptSet>
        <concept id="sprgxpenaltylevelyellow-card">
            <conceptId qcode="sprgxpenaltylevel:yellow-card" created="2016-05-02T00:00:00+00:00"/>
            <type qcode="cpnat:abstract"/>
            <name xml:lang="en-US">yellow-card</name>
            <name xml:lang="en-GB">yellow-card</name>
            <definition xml:lang="en-GB">Penalty shown by a yellow card - also known as a caution.</definition>
            <related uri="http://cv.iptc.org/newscodes/sprgxpenaltylevel/" rel="skos:inScheme"/>
        </concept>
        <concept id="sprgxpenaltylevelred-card">
            <conceptId qcode="sprgxpenaltylevel:red-card" created="2016-05-02T00:00:00+00:00"/>
            <type qcode="cpnat:abstract"/>
            <name xml:lang="en-US">red-card</name>
            <name xml:lang="en-GB">red-card</name>
            <definition xml:lang="en-GB">Penalty shown as a red card - also known as an ejection.</definition>
            <related uri="http://cv.iptc.org/newscodes/sprgxpenaltylevel/" rel="skos:inScheme"/>
        </concept>
    </conceptSet>
    <schemeMeta authority="http://www.iptc.org"
        uri="http://cv.iptc.org/newscodes/sprgxpenaltylevel/"
        preferredalias="sprgxpenaltylevel">
        <definition xml:lang="en-GB">Levels of penalty in rugby.</definition>
        <name xml:lang="en-US">Rugby Penalty Levels</name>
            <name xml:lang="en-GB">Rugby Penalty Levels</name>
        <related qcode="sprgxpenaltylevel:yellow-card" rel="skos:hasTopConcept"/>
        <related qcode="sprgxpenaltylevel:red-card" rel="skos:hasTopConcept"/>
        <schemeMetaExtProperty rel="ikos:availLang" value="en-US"/>
        <schemeMetaExtProperty rel="ikos:availLang" value="en-GB"/>
    </schemeMeta>
</knowledgeItem>
