<knowledgeItem xmlns="http://iptc.org/std/nar/2006-10-01/"
    xmlns:xs="http://www.w3.org/2001/XMLSchema" xmlns:newsml="http://iptc.org/std/nar/2006-10-01/"
    standard="NewsML-G2" standardversion="2.18" conformance="power"
    guid="urn:newsml:iptc.org:20080229:srcncdki-sprgxstat" version="1">
    <catalogRef href="http://www.iptc.org/std/catalog/catalog.IPTC-G2-Standards_25.xml"/>
    <catalogRef href="http://www.iptc.org/std/catalog/catalog.IPTC-Sports_1.xml"/>
    <rightsInfo>
        <copyrightHolder uri="http://cv.iptc.org/newscodes/newsprovider/IPTC">
            <name>IPTC - International Press Telecommunications Council</name>
        </copyrightHolder>
        <copyrightNotice>Copyright 2016, IPTC, www.iptc.org, Rights Reserved</copyrightNotice>
        <usageTerms href="http://creativecommons.org/licenses/by/4.0/">the Creative Commons
            Attribution (CC BY) 4.0 license applies to all NewsCodes</usageTerms>
    </rightsInfo>
    <itemMeta>
        <itemClass qcode="cinat:scheme"/>
        <provider uri="http://cv.iptc.org/newscodes/newsprovider/IPTC">
            <name>IPTC</name>
        </provider>
        <versionCreated>2016-06-13T15:15:32-04:00</versionCreated>
        <pubStatus qcode="stat:usable"/>
    </itemMeta>
    <contentMeta>
        <subject qcode="subj:15000000">
            <name xml:lang="en-US">sport</name>
            <name xml:lang="en-GB">sport</name>
        </subject>
        <subject qcode="subj:15047007">
            <name xml:lang="en-US">rugby</name>
            <name xml:lang="en-GB">rugby</name>
            <broader qcode="subj:15000000"/>
        </subject>
        <description>Vocabulary of statistics for Rugby</description>
    </contentMeta>
    <conceptSet>
        <concept id="sprgxstattries-scored">
            <conceptId qcode="sprgxstat:tries-scored" created="2016-05-02T00:00:00+00:00"/>
            <type qcode="cpnat:abstract"/>
            <related qcode="spct:offense" rel="skos:broader"/>
            <name xml:lang="en-US">tries-scored</name>
            <name xml:lang="en-GB">tries-scored</name>
            <definition xml:lang="en-GB">Tries scored.</definition>
            <related uri="http://cv.iptc.org/newscodes/sprgxstat/" rel="skos:inScheme"/>
        </concept>
        <concept id="sprgxstattries-scored-per-game">
            <conceptId qcode="sprgxstat:tries-scored-per-game" created="2016-05-02T00:00:00+00:00"/>
            <type qcode="cpnat:abstract"/>
            <related qcode="spct:offense" rel="skos:broader"/>
            <name xml:lang="en-US">tries-scored-per-game</name>
            <name xml:lang="en-GB">tries-scored-per-game</name>
            <definition xml:lang="en-GB">Average number of tries scored per match.</definition>
            <related uri="http://cv.iptc.org/newscodes/sprgxstat/" rel="skos:inScheme"/>
        </concept>
        <concept id="sprgxstatpenalty-tries-total">
            <conceptId qcode="sprgxstat:penalty-tries-total" created="2016-05-02T00:00:00+00:00"/>
            <type qcode="cpnat:abstract"/>
            <related qcode="spct:offense" rel="skos:broader"/>
            <name xml:lang="en-US">penalty-tries-total</name>
            <name xml:lang="en-GB">penalty-tries-total</name>
            <definition xml:lang="en-GB">Penalty tries awarded.</definition>
            <related uri="http://cv.iptc.org/newscodes/sprgxstat/" rel="skos:inScheme"/>
        </concept>
        <concept id="sprgxstatpenalty-tries-per-game">
            <conceptId qcode="sprgxstat:penalty-tries-per-game" created="2016-05-02T00:00:00+00:00"/>
            <type qcode="cpnat:abstract"/>
            <related qcode="spct:offense" rel="skos:broader"/>
            <name xml:lang="en-US">penalty-tries-per-game</name>
            <name xml:lang="en-GB">penalty-tries-per-game</name>
            <definition xml:lang="en-GB">Average number of penalty tries awarded per match.</definition>
            <related uri="http://cv.iptc.org/newscodes/sprgxstat/" rel="skos:inScheme"/>
        </concept>
        <concept id="sprgxstatdrop-goal-attempts">
            <conceptId qcode="sprgxstat:drop-goal-attempts" created="2016-05-02T00:00:00+00:00"/>
            <type qcode="cpnat:abstract"/>
            <related qcode="spct:offense" rel="skos:broader"/>
            <name xml:lang="en-US">drop-goal-attempts</name>
            <name xml:lang="en-GB">drop-goal-attempts</name>
            <definition xml:lang="en-GB">Drop goal attempts</definition>
            <related uri="http://cv.iptc.org/newscodes/sprgxstat/" rel="skos:inScheme"/>
        </concept>
        <concept id="sprgxstatdrop-goals-scored">
            <conceptId qcode="sprgxstat:drop-goals-scored" created="2016-05-02T00:00:00+00:00"/>
            <type qcode="cpnat:abstract"/>
            <related qcode="spct:offense" rel="skos:broader"/>
            <name xml:lang="en-US">drop-goals-scored</name>
            <name xml:lang="en-GB">drop-goals-scored</name>
            <definition xml:lang="en-GB">Drop goals scored</definition>
            <related uri="http://cv.iptc.org/newscodes/sprgxstat/" rel="skos:inScheme"/>
        </concept>
        <concept id="sprgxstatdrop-goals-scored-per-game">
            <conceptId qcode="sprgxstat:drop-goals-scored-per-game" created="2016-05-02T00:00:00+00:00"/>
            <type qcode="cpnat:abstract"/>
            <related qcode="spct:offense" rel="skos:broader"/>
            <name xml:lang="en-US">drop-goals-scored-per-game</name>
            <name xml:lang="en-GB">drop-goals-scored-per-game</name>
            <definition xml:lang="en-GB">Average drop goals scored per match</definition>
            <related uri="http://cv.iptc.org/newscodes/sprgxstat/" rel="skos:inScheme"/>
        </concept>
        <concept id="sprgxstatpenalty-goal-attempts">
            <conceptId qcode="sprgxstat:penalty-goal-attempts" created="2016-05-02T00:00:00+00:00"/>
            <type qcode="cpnat:abstract"/>
            <related qcode="spct:offense" rel="skos:broader"/>
            <name xml:lang="en-US">penalty-goal-attempts</name>
            <name xml:lang="en-GB">penalty-goal-attempts</name>
            <definition xml:lang="en-GB">Penalty goal attempts</definition>
            <related uri="http://cv.iptc.org/newscodes/sprgxstat/" rel="skos:inScheme"/>
        </concept>
        <concept id="sprgxstatpenalty-goals-scored">
            <conceptId qcode="sprgxstat:penalty-goals-scored" created="2016-05-02T00:00:00+00:00"/>
            <type qcode="cpnat:abstract"/>
            <related qcode="spct:offense" rel="skos:broader"/>
            <name xml:lang="en-US">penalty-goals-scored</name>
            <name xml:lang="en-GB">penalty-goals-scored</name>
            <definition xml:lang="en-GB">Penalty goals scored</definition>
            <related uri="http://cv.iptc.org/newscodes/sprgxstat/" rel="skos:inScheme"/>
        </concept>
        <concept id="sprgxstatpenalty-goals-scored-per-game">
            <conceptId qcode="sprgxstat:penalty-goals-scored-per-game" created="2016-05-02T00:00:00+00:00"/>
            <type qcode="cpnat:abstract"/>
            <related qcode="spct:offense" rel="skos:broader"/>
            <name xml:lang="en-US">penalty-goals-scored-per-game</name>
            <name xml:lang="en-GB">penalty-goals-scored-per-game</name>
            <definition xml:lang="en-GB">Average penalty goals scored per match</definition>
            <related uri="http://cv.iptc.org/newscodes/sprgxstat/" rel="skos:inScheme"/>
        </concept>
        <concept id="sprgxstatconversion-attempts">
            <conceptId qcode="sprgxstat:conversion-attempts" created="2016-05-02T00:00:00+00:00"/>
            <type qcode="cpnat:abstract"/>
            <related qcode="spct:offense" rel="skos:broader"/>
            <name xml:lang="en-US">conversion-attempts</name>
            <name xml:lang="en-GB">conversion-attempts</name>
            <definition xml:lang="en-GB">Conversion attempts</definition>
            <related uri="http://cv.iptc.org/newscodes/sprgxstat/" rel="skos:inScheme"/>
        </concept>
        <concept id="sprgxstatconversions-scored">
            <conceptId qcode="sprgxstat:conversions-scored" created="2016-05-02T00:00:00+00:00"/>
            <type qcode="cpnat:abstract"/>
            <related qcode="spct:offense" rel="skos:broader"/>
            <name xml:lang="en-US">conversions-scored</name>
            <name xml:lang="en-GB">conversions-scored</name>
            <definition xml:lang="en-GB">Conversions scored</definition>
            <related uri="http://cv.iptc.org/newscodes/sprgxstat/" rel="skos:inScheme"/>
        </concept>
        <concept id="sprgxstatconversions-scored-per-game">
            <conceptId qcode="sprgxstat:conversions-scored-per-game" created="2016-05-02T00:00:00+00:00"/>
            <type qcode="cpnat:abstract"/>
            <related qcode="spct:offense" rel="skos:broader"/>
            <name xml:lang="en-US">conversions-scored-per-game</name>
            <name xml:lang="en-GB">conversions-scored-per-game</name>
            <definition xml:lang="en-GB">Average conversions scored per match</definition>
            <related uri="http://cv.iptc.org/newscodes/sprgxstat/" rel="skos:inScheme"/>
        </concept>
        <concept id="sprgxstatfree-kicks-total">
            <conceptId qcode="sprgxstat:free-kicks-total" created="2016-05-02T00:00:00+00:00"/>
            <type qcode="cpnat:abstract"/>
            <related qcode="spct:offense" rel="skos:broader"/>
            <name xml:lang="en-US">free-kicks-total</name>
            <name xml:lang="en-GB">free-kicks-total</name>
            <definition xml:lang="en-GB">Number of free kicks</definition>
            <related uri="http://cv.iptc.org/newscodes/sprgxstat/" rel="skos:inScheme"/>
        </concept>
        <concept id="sprgxstatfree-kicks-per-game">
            <conceptId qcode="sprgxstat:free-kicks-per-game" created="2016-05-02T00:00:00+00:00"/>
            <type qcode="cpnat:abstract"/>
            <related qcode="spct:offense" rel="skos:broader"/>
            <name xml:lang="en-US">free-kicks-per-game</name>
            <name xml:lang="en-GB">free-kicks-per-game</name>
            <definition xml:lang="en-GB">Average free kicks per match</definition>
            <related uri="http://cv.iptc.org/newscodes/sprgxstat/" rel="skos:inScheme"/>
        </concept>
        <concept id="sprgxstatkicks-total">
            <conceptId qcode="sprgxstat:kicks-total" created="2016-05-02T00:00:00+00:00"/>
            <type qcode="cpnat:abstract"/>
            <related qcode="spct:offense" rel="skos:broader"/>
            <name xml:lang="en-US">kicks-total</name>
            <name xml:lang="en-GB">kicks-total</name>
            <definition xml:lang="en-GB">Number of kicks</definition>
            <related uri="http://cv.iptc.org/newscodes/sprgxstat/" rel="skos:inScheme"/>
        </concept>
        <concept id="sprgxstatkicks-into-touch">
            <conceptId qcode="sprgxstat:kicks-into-touch" created="2016-05-02T00:00:00+00:00"/>
            <type qcode="cpnat:abstract"/>
            <related qcode="spct:offense" rel="skos:broader"/>
            <name xml:lang="en-US">kicks-into-touch</name>
            <name xml:lang="en-GB">kicks-into-touch</name>
            <definition xml:lang="en-GB">Number of kicks into touch</definition>
            <related uri="http://cv.iptc.org/newscodes/sprgxstat/" rel="skos:inScheme"/>
        </concept>
        <concept id="sprgxstatruns">
            <conceptId qcode="sprgxstat:runs" created="2016-05-02T00:00:00+00:00"/>
            <type qcode="cpnat:abstract"/>
            <related qcode="spct:offense" rel="skos:broader"/>
            <name xml:lang="en-US">runs</name>
            <name xml:lang="en-GB">runs</name>
            <definition xml:lang="en-GB">Number of runs</definition>
            <related uri="http://cv.iptc.org/newscodes/sprgxstat/" rel="skos:inScheme"/>
        </concept>
        <concept id="sprgxstatmetres-gained">
            <conceptId qcode="sprgxstat:metres-gained" created="2016-05-02T00:00:00+00:00"/>
            <type qcode="cpnat:abstract"/>
            <related qcode="spct:offense" rel="skos:broader"/>
            <name xml:lang="en-US">metres-gained</name>
            <name xml:lang="en-GB">metres-gained</name>
            <definition xml:lang="en-GB">Total number of metres advanced in the match</definition>
            <related uri="http://cv.iptc.org/newscodes/sprgxstat/" rel="skos:inScheme"/>
        </concept>
        <concept id="sprgxstatscrums-total">
            <conceptId qcode="sprgxstat:scrums-total" created="2016-05-02T00:00:00+00:00"/>
            <type qcode="cpnat:abstract"/>
            <related qcode="spct:offense" rel="skos:broader"/>
            <name xml:lang="en-US">scrums-total</name>
            <name xml:lang="en-GB">scrums-total</name>
            <definition xml:lang="en-GB">Number of scrums by team.</definition>
            <related uri="http://cv.iptc.org/newscodes/sprgxstat/" rel="skos:inScheme"/>
        </concept>
        <concept id="sprgxstatscrums-won-for">
            <conceptId qcode="sprgxstat:scrums-won-for" created="2016-05-02T00:00:00+00:00"/>
            <type qcode="cpnat:abstract"/>
            <related qcode="spct:offense" rel="skos:broader"/>
            <name xml:lang="en-US">scrums-won-for</name>
            <name xml:lang="en-GB">scrums-won-for</name>
            <definition xml:lang="en-GB">Number of own scrums won.</definition>
            <related uri="http://cv.iptc.org/newscodes/sprgxstat/" rel="skos:inScheme"/>
        </concept>
        <concept id="sprgxstatline-outs-total">
            <conceptId qcode="sprgxstat:line-outs-total" created="2016-05-02T00:00:00+00:00"/>
            <type qcode="cpnat:abstract"/>
            <related qcode="spct:offense" rel="skos:broader"/>
            <name xml:lang="en-US">line-outs-total</name>
            <name xml:lang="en-GB">line-outs-total</name>
            <definition xml:lang="en-GB">Number of line-outs by team.</definition>
            <related uri="http://cv.iptc.org/newscodes/sprgxstat/" rel="skos:inScheme"/>
        </concept>
        <concept id="sprgxstatline-outs-won-for">
            <conceptId qcode="sprgxstat:line-outs-won-for" created="2016-05-02T00:00:00+00:00"/>
            <type qcode="cpnat:abstract"/>
            <related qcode="spct:offense" rel="skos:broader"/>
            <name xml:lang="en-US">line-outs-won-for</name>
            <name xml:lang="en-GB">line-outs-won-for</name>
            <definition xml:lang="en-GB">Number of lineouts won on own put in</definition>
            <related uri="http://cv.iptc.org/newscodes/sprgxstat/" rel="skos:inScheme"/>
        </concept>
        <concept id="sprgxstatrucks-total">
            <conceptId qcode="sprgxstat:rucks-total" created="2016-05-02T00:00:00+00:00"/>
            <type qcode="cpnat:abstract"/>
            <related qcode="spct:offense" rel="skos:broader"/>
            <name xml:lang="en-US">rucks-total</name>
            <name xml:lang="en-GB">rucks-total</name>
            <definition xml:lang="en-GB">Number of rucks by team.</definition>
            <related uri="http://cv.iptc.org/newscodes/sprgxstat/" rel="skos:inScheme"/>
        </concept>
        <concept id="sprgxstatrucks-won-for">
            <conceptId qcode="sprgxstat:rucks-won-for" created="2016-05-02T00:00:00+00:00"/>
            <type qcode="cpnat:abstract"/>
            <related qcode="spct:offense" rel="skos:broader"/>
            <name xml:lang="en-US">rucks-won-for</name>
            <name xml:lang="en-GB">rucks-won-for</name>
            <definition xml:lang="en-GB">Number of rucks won where team brought the ball in</definition>
            <related uri="http://cv.iptc.org/newscodes/sprgxstat/" rel="skos:inScheme"/>
        </concept>
        <concept id="sprgxstatmauls-total">
            <conceptId qcode="sprgxstat:mauls-total" created="2016-05-02T00:00:00+00:00"/>
            <type qcode="cpnat:abstract"/>
            <related qcode="spct:offense" rel="skos:broader"/>
            <name xml:lang="en-US">mauls-total</name>
            <name xml:lang="en-GB">mauls-total</name>
            <definition xml:lang="en-GB">Number of mauls by team.</definition>
            <related uri="http://cv.iptc.org/newscodes/sprgxstat/" rel="skos:inScheme"/>
        </concept>
        <concept id="sprgxstatmauls-won-for">
            <conceptId qcode="sprgxstat:mauls-won-for" created="2016-05-02T00:00:00+00:00"/>
            <type qcode="cpnat:abstract"/>
            <related qcode="spct:offense" rel="skos:broader"/>
            <name xml:lang="en-US">mauls-won-for</name>
            <name xml:lang="en-GB">mauls-won-for</name>
            <definition xml:lang="en-GB">Number of own mauls won.</definition>
            <related uri="http://cv.iptc.org/newscodes/sprgxstat/" rel="skos:inScheme"/>
        </concept>
        <concept id="sprgxstathandling-errors">
            <conceptId qcode="sprgxstat:handling-errors" created="2016-05-02T00:00:00+00:00"/>
            <type qcode="cpnat:abstract"/>
            <related qcode="spct:offense" rel="skos:broader"/>
            <name xml:lang="en-US">handling-errors</name>
            <name xml:lang="en-GB">handling-errors</name>
            <definition xml:lang="en-GB">Number of handling errors</definition>
            <related uri="http://cv.iptc.org/newscodes/sprgxstat/" rel="skos:inScheme"/>
        </concept>
        <concept id="sprgxstathandling-errors-per-game">
            <conceptId qcode="sprgxstat:handling-errors-per-game" created="2016-05-02T00:00:00+00:00"/>
            <type qcode="cpnat:abstract"/>
            <related qcode="spct:offense" rel="skos:broader"/>
            <name xml:lang="en-US">handling-errors-per-game</name>
            <name xml:lang="en-GB">handling-errors-per-game</name>
            <definition xml:lang="en-GB">Average handling errors per match</definition>
            <related uri="http://cv.iptc.org/newscodes/sprgxstat/" rel="skos:inScheme"/>
        </concept>
        <concept id="sprgxstattackles">
            <conceptId qcode="sprgxstat:tackles" created="2016-05-02T00:00:00+00:00"/>
            <type qcode="cpnat:abstract"/>
            <related qcode="spct:defense" rel="skos:broader"/>
            <name xml:lang="en-US">tackles</name>
            <name xml:lang="en-GB">tackles</name>
            <definition xml:lang="en-GB">Number of tackles</definition>
            <related uri="http://cv.iptc.org/newscodes/sprgxstat/" rel="skos:inScheme"/>
        </concept>
        <concept id="sprgxstattackles-missed">
            <conceptId qcode="sprgxstat:tackles-missed" created="2016-05-02T00:00:00+00:00"/>
            <type qcode="cpnat:abstract"/>
            <related qcode="spct:defense" rel="skos:broader"/>
            <name xml:lang="en-US">tackles-missed</name>
            <name xml:lang="en-GB">tackles-missed</name>
            <definition xml:lang="en-GB">Number of tackles missed</definition>
            <related uri="http://cv.iptc.org/newscodes/sprgxstat/" rel="skos:inScheme"/>
        </concept>
        <concept id="sprgxstatscrums-won-against">
            <conceptId qcode="sprgxstat:scrums-won-against" created="2016-05-02T00:00:00+00:00"/>
            <type qcode="cpnat:abstract"/>
            <related qcode="spct:defense" rel="skos:broader"/>
            <name xml:lang="en-US">scrums-won-against</name>
            <name xml:lang="en-GB">scrums-won-against</name>
            <definition xml:lang="en-GB">Number of scrums won on opponent's put in</definition>
            <related uri="http://cv.iptc.org/newscodes/sprgxstat/" rel="skos:inScheme"/>
        </concept>
        <concept id="sprgxstatline-outs-won-against">
            <conceptId qcode="sprgxstat:line-outs-won-against" created="2016-05-02T00:00:00+00:00"/>
            <type qcode="cpnat:abstract"/>
            <related qcode="spct:defense" rel="skos:broader"/>
            <name xml:lang="en-US">line-outs-won-against</name>
            <name xml:lang="en-GB">line-outs-won-against</name>
            <definition xml:lang="en-GB">Number of lineouts won on opponent's put in</definition>
            <related uri="http://cv.iptc.org/newscodes/sprgxstat/" rel="skos:inScheme"/>
        </concept>
        <concept id="sprgxstatrucks-won-against">
            <conceptId qcode="sprgxstat:rucks-won-against" created="2016-05-02T00:00:00+00:00"/>
            <type qcode="cpnat:abstract"/>
            <related qcode="spct:defense" rel="skos:broader"/>
            <name xml:lang="en-US">rucks-won-against</name>
            <name xml:lang="en-GB">rucks-won-against</name>
            <definition xml:lang="en-GB">Number of rucks won where opponent brought the ball in</definition>
            <related uri="http://cv.iptc.org/newscodes/sprgxstat/" rel="skos:inScheme"/>
        </concept>
        <concept id="sprgxstatmauls-won-against">
            <conceptId qcode="sprgxstat:mauls-won-against" created="2016-05-02T00:00:00+00:00"/>
            <type qcode="cpnat:abstract"/>
            <related qcode="spct:defense" rel="skos:broader"/>
            <name xml:lang="en-US">mauls-won-against</name>
            <name xml:lang="en-GB">mauls-won-against</name>
            <definition xml:lang="en-GB">Number of opposing teams's mauls won.</definition>
            <related uri="http://cv.iptc.org/newscodes/sprgxstat/" rel="skos:inScheme"/>
        </concept>
        <concept id="sprgxstatpenalties-conceded">
            <conceptId qcode="sprgxstat:penalties-conceded" created="2016-05-02T00:00:00+00:00"/>
            <type qcode="cpnat:abstract"/>
            <related qcode="spct:defense" rel="skos:broader"/>
            <name xml:lang="en-US">penalties-conceded</name>
            <name xml:lang="en-GB">penalties-conceded</name>
            <definition xml:lang="en-GB">Number of penalties conceded to opposing team.</definition>
            <related uri="http://cv.iptc.org/newscodes/sprgxstat/" rel="skos:inScheme"/>
        </concept>
        <concept id="sprgxstatpenalties-conceded-per-game">
            <conceptId qcode="sprgxstat:penalties-conceded-per-game" created="2016-05-02T00:00:00+00:00"/>
            <type qcode="cpnat:abstract"/>
            <related qcode="spct:defense" rel="skos:broader"/>
            <name xml:lang="en-US">penalties-conceded-per-game</name>
            <name xml:lang="en-GB">penalties-conceded-per-game</name>
            <definition xml:lang="en-GB">Average number of penalties conceded to opposing team</definition>
            <related uri="http://cv.iptc.org/newscodes/sprgxstat/" rel="skos:inScheme"/>
        </concept>
        <concept id="sprgxstatcautions-total">
            <conceptId qcode="sprgxstat:cautions-total" created="2016-05-02T00:00:00+00:00"/>
            <type qcode="cpnat:abstract"/>
            <related qcode="spct:penalty" rel="skos:broader"/>
            <name xml:lang="en-US">cautions-total</name>
            <name xml:lang="en-GB">cautions-total</name>
            <definition xml:lang="en-GB">Total number of cautions recieved.</definition>
            <related uri="http://cv.iptc.org/newscodes/sprgxstat/" rel="skos:inScheme"/>
        </concept>
        <concept id="sprgxstatcautions-per-game">
            <conceptId qcode="sprgxstat:cautions-per-game" created="2016-05-02T00:00:00+00:00"/>
            <type qcode="cpnat:abstract"/>
            <related qcode="spct:penalty" rel="skos:broader"/>
            <name xml:lang="en-US">cautions-per-game</name>
            <name xml:lang="en-GB">cautions-per-game</name>
            <definition xml:lang="en-GB">Average number of cautions recieved per match.</definition>
            <related uri="http://cv.iptc.org/newscodes/sprgxstat/" rel="skos:inScheme"/>
        </concept>
        <concept id="sprgxstatcautions-pending">
            <conceptId qcode="sprgxstat:cautions-pending" created="2016-05-02T00:00:00+00:00"/>
            <type qcode="cpnat:abstract"/>
            <related qcode="spct:penalty" rel="skos:broader"/>
            <name xml:lang="en-US">cautions-pending</name>
            <name xml:lang="en-GB">cautions-pending</name>
            <definition xml:lang="en-GB">Number of cautions that could result in a game suspension.</definition>
            <related uri="http://cv.iptc.org/newscodes/sprgxstat/" rel="skos:inScheme"/>
        </concept>
        <concept id="sprgxstatcaution-points-total">
            <conceptId qcode="sprgxstat:caution-points-total" created="2016-05-02T00:00:00+00:00"/>
            <type qcode="cpnat:abstract"/>
            <related qcode="spct:penalty" rel="skos:broader"/>
            <name xml:lang="en-US">caution-points-total</name>
            <name xml:lang="en-GB">caution-points-total</name>
            <definition xml:lang="en-GB">Total amount of caution points. Can occur over various games in a
                season.</definition>
            <related uri="http://cv.iptc.org/newscodes/sprgxstat/" rel="skos:inScheme"/>
        </concept>
        <concept id="sprgxstatcaution-points-pending">
            <conceptId qcode="sprgxstat:caution-points-pending" created="2016-05-02T00:00:00+00:00"/>
            <type qcode="cpnat:abstract"/>
            <related qcode="spct:penalty" rel="skos:broader"/>
            <name xml:lang="en-US">caution-points-pending</name>
            <name xml:lang="en-GB">caution-points-pending</name>
            <definition xml:lang="en-GB">Number of caution points that could result in a game
                suspension.</definition>
            <related uri="http://cv.iptc.org/newscodes/sprgxstat/" rel="skos:inScheme"/>
        </concept>
        <concept id="sprgxstatejections-total">
            <conceptId qcode="sprgxstat:ejections-total" created="2016-05-02T00:00:00+00:00"/>
            <type qcode="cpnat:abstract"/>
            <related qcode="spct:penalty" rel="skos:broader"/>
            <name xml:lang="en-US">ejections-total</name>
            <name xml:lang="en-GB">ejections-total</name>
            <definition xml:lang="en-GB">Total number of ejections.</definition>
            <related uri="http://cv.iptc.org/newscodes/sprgxstat/" rel="skos:inScheme"/>
        </concept>
        <concept id="sprgxstatejections-per-game">
            <conceptId qcode="sprgxstat:ejections-per-game" created="2016-05-02T00:00:00+00:00"/>
            <type qcode="cpnat:abstract"/>
            <related qcode="spct:penalty" rel="skos:broader"/>
            <name xml:lang="en-US">ejections-per-game</name>
            <name xml:lang="en-GB">ejections-per-game</name>
            <definition xml:lang="en-GB">Average number of ejections recieved per match.</definition>
            <related uri="http://cv.iptc.org/newscodes/sprgxstat/" rel="skos:inScheme"/>
        </concept>
    </conceptSet>
    <schemeMeta uri="http://cv.iptc.org/newscodes/sprgxstat/" authority="http://www.iptc.org"
        preferredalias="sprgxstat">
        <definition xml:lang="en-GB">Vocabulary of statistics for Rugby</definition>
        <name xml:lang="en-US">Rugby Statistics</name>
            <name xml:lang="en-GB">Rugby Statistics</name>
        <related qcode="sprgxstat:tries-scored" rel="skos:hasTopConcept"/>
        <related qcode="sprgxstat:tries-scored-per-game" rel="skos:hasTopConcept"/>
        <related qcode="sprgxstat:penalty-tries-total" rel="skos:hasTopConcept"/>
        <related qcode="sprgxstat:penalty-tries-per-game" rel="skos:hasTopConcept"/>
        <related qcode="sprgxstat:drop-goal-attempts" rel="skos:hasTopConcept"/>
        <related qcode="sprgxstat:drop-goals-scored" rel="skos:hasTopConcept"/>
        <related qcode="sprgxstat:drop-goals-scored-per-game" rel="skos:hasTopConcept"/>
        <related qcode="sprgxstat:penalty-goal-attempts" rel="skos:hasTopConcept"/>
        <related qcode="sprgxstat:penalty-goals-scored" rel="skos:hasTopConcept"/>
        <related qcode="sprgxstat:penalty-goals-scored-per-game" rel="skos:hasTopConcept"/>
        <related qcode="sprgxstat:conversion-attempts" rel="skos:hasTopConcept"/>
        <related qcode="sprgxstat:conversions-scored" rel="skos:hasTopConcept"/>
        <related qcode="sprgxstat:conversions-scored-per-game" rel="skos:hasTopConcept"/>
        <related qcode="sprgxstat:free-kicks-total" rel="skos:hasTopConcept"/>
        <related qcode="sprgxstat:free-kicks-per-game" rel="skos:hasTopConcept"/>
        <related qcode="sprgxstat:kicks-total" rel="skos:hasTopConcept"/>
        <related qcode="sprgxstat:kicks-into-touch" rel="skos:hasTopConcept"/>
        <related qcode="sprgxstat:runs" rel="skos:hasTopConcept"/>
        <related qcode="sprgxstat:metres-gained" rel="skos:hasTopConcept"/>
        <related qcode="sprgxstat:scrums-total" rel="skos:hasTopConcept"/>
        <related qcode="sprgxstat:scrums-won-for" rel="skos:hasTopConcept"/>
        <related qcode="sprgxstat:line-outs-total" rel="skos:hasTopConcept"/>
        <related qcode="sprgxstat:line-outs-won-for" rel="skos:hasTopConcept"/>
        <related qcode="sprgxstat:rucks-total" rel="skos:hasTopConcept"/>
        <related qcode="sprgxstat:rucks-won-for" rel="skos:hasTopConcept"/>
        <related qcode="sprgxstat:mauls-total" rel="skos:hasTopConcept"/>
        <related qcode="sprgxstat:mauls-won-for" rel="skos:hasTopConcept"/>
        <related qcode="sprgxstat:handling-errors" rel="skos:hasTopConcept"/>
        <related qcode="sprgxstat:handling-errors-per-game" rel="skos:hasTopConcept"/>
        <related qcode="sprgxstat:tackles" rel="skos:hasTopConcept"/>
        <related qcode="sprgxstat:tackles-missed" rel="skos:hasTopConcept"/>
        <related qcode="sprgxstat:scrums-won-against" rel="skos:hasTopConcept"/>
        <related qcode="sprgxstat:line-outs-won-against" rel="skos:hasTopConcept"/>
        <related qcode="sprgxstat:rucks-won-against" rel="skos:hasTopConcept"/>
        <related qcode="sprgxstat:mauls-won-against" rel="skos:hasTopConcept"/>
        <related qcode="sprgxstat:penalties-conceded" rel="skos:hasTopConcept"/>
        <related qcode="sprgxstat:penalties-conceded-per-game" rel="skos:hasTopConcept"/>
        <related qcode="sprgxstat:cautions-total" rel="skos:hasTopConcept"/>
        <related qcode="sprgxstat:cautions-per-game" rel="skos:hasTopConcept"/>
        <related qcode="sprgxstat:cautions-pending" rel="skos:hasTopConcept"/>
        <related qcode="sprgxstat:caution-points-total" rel="skos:hasTopConcept"/>
        <related qcode="sprgxstat:caution-points-pending" rel="skos:hasTopConcept"/>
        <related qcode="sprgxstat:ejections-total" rel="skos:hasTopConcept"/>
        <related qcode="sprgxstat:ejections-per-game" rel="skos:hasTopConcept"/>
        <schemeMetaExtProperty rel="ikos:availLang" value="en-US"/>
        <schemeMetaExtProperty rel="ikos:availLang" value="en-GB"/>
    </schemeMeta>
</knowledgeItem>
