<knowledgeItem xmlns="http://iptc.org/std/nar/2006-10-01/" standard="NewsML-G2"
    standardversion="2.18" conformance="power"
    guid="urn:newsml:iptc.org:20080229:srcncdki-sprgxpenalty" version="1">
    <catalogRef href="http://www.iptc.org/std/catalog/catalog.IPTC-G2-Standards_25.xml"/>
    <catalogRef href="http://www.iptc.org/std/catalog/catalog.IPTC-Sports_1.xml"/>
    <rightsInfo>
        <copyrightHolder uri="http://cv.iptc.org/newscodes/newsprovider/IPTC">
            <name>IPTC - International Press Telecommunications Council</name>
        </copyrightHolder>
        <copyrightNotice>Copyright 2016, IPTC, www.iptc.org, Rights Reserved</copyrightNotice>
        <usageTerms href="http://creativecommons.org/licenses/by/4.0/">the Creative Commons
            Attribution (CC BY) 4.0 license applies to all NewsCodes</usageTerms>
    </rightsInfo>
    <itemMeta>
        <itemClass qcode="cinat:scheme"/>
        <provider uri="http://cv.iptc.org/newscodes/newsprovider/IPTC">
            <name>IPTC</name>
        </provider>
        <versionCreated>2016-06-13T15:15:32-04:00</versionCreated>
        <pubStatus qcode="stat:usable"/>
    </itemMeta>
    <contentMeta>
        <subject qcode="subj:15000000">
            <name xml:lang="en-US">sport</name>
            <name xml:lang="en-GB">sport</name>
        </subject>
        <subject qcode="subj:15047007">
            <name xml:lang="en-US">rugby</name>
            <name xml:lang="en-GB">rugby</name>
            <broader qcode="subj:15000000"/>
        </subject>
        <description>Types of penalty in rugby.</description>
    </contentMeta>
    <conceptSet>
        <concept id="sprgxpenaltyknock-on">
            <conceptId qcode="sprgxpenalty:knock-on" created="2016-05-02T00:00:00+00:00"/>
            <type qcode="cpnat:abstract"/>
            <name xml:lang="en-US">knock-on</name>
            <name xml:lang="en-GB">knock-on</name>
            <definition/>
            <related uri="http://cv.iptc.org/newscodes/sprgxpenalty/" rel="skos:inScheme"/>
        </concept>
        <concept id="sprgxpenaltykicking-player">
            <conceptId qcode="sprgxpenalty:kicking-player" created="2016-05-02T00:00:00+00:00"/>
            <type qcode="cpnat:abstract"/>
            <name xml:lang="en-US">kicking-player</name>
            <name xml:lang="en-GB">kicking-player</name>
            <definition/>
            <related uri="http://cv.iptc.org/newscodes/sprgxpenalty/" rel="skos:inScheme"/>
        </concept>
        <concept id="sprgxpenaltycursing">
            <conceptId qcode="sprgxpenalty:cursing" created="2016-05-02T00:00:00+00:00"/>
            <type qcode="cpnat:abstract"/>
            <name xml:lang="en-US">cursing</name>
            <name xml:lang="en-GB">cursing</name>
            <definition/>
            <related uri="http://cv.iptc.org/newscodes/sprgxpenalty/" rel="skos:inScheme"/>
        </concept>
    </conceptSet>
    <schemeMeta authority="http://www.iptc.org" uri="http://cv.iptc.org/newscodes/sprgxpenalty/"
        preferredalias="sprgxpenalty">
        <definition xml:lang="en-GB">Types of penalty in rugby.</definition>
        <name xml:lang="en-US">Rugby Penalties</name>
            <name xml:lang="en-GB">Rugby Penalties</name>
        <related qcode="sprgxpenalty:knock-on" rel="skos:hasTopConcept"/>
        <related qcode="sprgxpenalty:kicking-player" rel="skos:hasTopConcept"/>
        <related qcode="sprgxpenalty:cursing" rel="skos:hasTopConcept"/>
        <schemeMetaExtProperty rel="ikos:availLang" value="en-US"/>
        <schemeMetaExtProperty rel="ikos:availLang" value="en-GB"/>
    </schemeMeta>
</knowledgeItem>
