<knowledgeItem xmlns="http://iptc.org/std/nar/2006-10-01/"
    xmlns:xs="http://www.w3.org/2001/XMLSchema" xmlns:newsml="http://iptc.org/std/nar/2006-10-01/"
    standard="NewsML-G2" standardversion="2.18" conformance="power"
    guid="urn:newsml:iptc.org:20080229:srcncdki-sprgxposition" version="1">
    <catalogRef href="http://www.iptc.org/std/catalog/catalog.IPTC-G2-Standards_25.xml"/>
    <catalogRef href="http://www.iptc.org/std/catalog/catalog.IPTC-Sports_1.xml"/>
    <rightsInfo>
        <copyrightHolder uri="http://cv.iptc.org/newscodes/newsprovider/IPTC">
            <name>IPTC - International Press Telecommunications Council</name>
        </copyrightHolder>
        <copyrightNotice>Copyright 2016, IPTC, www.iptc.org, Rights Reserved</copyrightNotice>
        <usageTerms href="http://creativecommons.org/licenses/by/4.0/">the Creative Commons
            Attribution (CC BY) 4.0 license applies to all NewsCodes</usageTerms>
    </rightsInfo>
    <itemMeta>
        <itemClass qcode="cinat:scheme"/>
        <provider uri="http://cv.iptc.org/newscodes/newsprovider/IPTC">
            <name>IPTC</name>
        </provider>
        <versionCreated>2016-06-13T15:15:32-04:00</versionCreated>
        <pubStatus qcode="stat:usable"/>
    </itemMeta>
    <contentMeta>
        <subject qcode="subj:15000000">
            <name xml:lang="en-US">sport</name>
            <name xml:lang="en-GB">sport</name>
        </subject>
        <subject qcode="subj:15047007">
            <name xml:lang="en-US">rugby</name>
            <name xml:lang="en-GB">rugby</name>
            <broader qcode="subj:15000000"/>
        </subject>
        <description>Positions of players in rugby</description>
    </contentMeta>
    <conceptSet>
        <concept id="sprgxpositionloose-forward">
            <conceptId qcode="sprgxposition:loose-forward" created="2016-05-02T00:00:00+00:00"/>
            <type qcode="cpnat:abstract"/>
            <name xml:lang="en-US">loose-forward</name>
            <name xml:lang="en-GB">loose-forward</name>
            <definition/>
            <related uri="http://cv.iptc.org/newscodes/sprgxposition/" rel="skos:inScheme"/>
        </concept>
        <concept id="sprgxpositionprop-loosehead">
            <conceptId qcode="sprgxposition:prop-loosehead" created="2016-05-02T00:00:00+00:00"/>
            <type qcode="cpnat:abstract"/>
            <name xml:lang="en-US">prop-loosehead</name>
            <name xml:lang="en-GB">prop-loosehead</name>
            <definition/>
            <related uri="http://cv.iptc.org/newscodes/sprgxposition/" rel="skos:inScheme"/>
        </concept>
        <concept id="sprgxpositionprop-tighthead">
            <conceptId qcode="sprgxposition:prop-tighthead" created="2016-05-02T00:00:00+00:00"/>
            <type qcode="cpnat:abstract"/>
            <name xml:lang="en-US">prop-tighthead</name>
            <name xml:lang="en-GB">prop-tighthead</name>
            <definition/>
            <related uri="http://cv.iptc.org/newscodes/sprgxposition/" rel="skos:inScheme"/>
        </concept>
        <concept id="sprgxpositionprop">
            <conceptId qcode="sprgxposition:prop" created="2016-05-02T00:00:00+00:00"/>
            <type qcode="cpnat:abstract"/>
            <name xml:lang="en-US">prop</name>
            <name xml:lang="en-GB">prop</name>
            <definition/>
            <related uri="http://cv.iptc.org/newscodes/sprgxposition/" rel="skos:inScheme"/>
        </concept>
        <concept id="sprgxpositionhooker">
            <conceptId qcode="sprgxposition:hooker" created="2016-05-02T00:00:00+00:00"/>
            <type qcode="cpnat:abstract"/>
            <name xml:lang="en-US">hooker</name>
            <name xml:lang="en-GB">hooker</name>
            <definition/>
            <related uri="http://cv.iptc.org/newscodes/sprgxposition/" rel="skos:inScheme"/>
        </concept>
        <concept id="sprgxpositionsecond-row">
            <conceptId qcode="sprgxposition:second-row" created="2016-05-02T00:00:00+00:00"/>
            <type qcode="cpnat:abstract"/>
            <name xml:lang="en-US">second-row</name>
            <name xml:lang="en-GB">second-row</name>
            <definition/>
            <related uri="http://cv.iptc.org/newscodes/sprgxposition/" rel="skos:inScheme"/>
        </concept>
        <concept id="sprgxpositionlock">
            <conceptId qcode="sprgxposition:lock" created="2016-05-02T00:00:00+00:00"/>
            <type qcode="cpnat:abstract"/>
            <name xml:lang="en-US">lock</name>
            <name xml:lang="en-GB">lock</name>
            <definition/>
            <related uri="http://cv.iptc.org/newscodes/sprgxposition/" rel="skos:inScheme"/>
        </concept>
        <concept id="sprgxpositionflanker-blindside">
            <conceptId qcode="sprgxposition:flanker-blindside" created="2016-05-02T00:00:00+00:00"/>
            <type qcode="cpnat:abstract"/>
            <name xml:lang="en-US">flanker-blindside</name>
            <name xml:lang="en-GB">flanker-blindside</name>
            <definition/>
            <related uri="http://cv.iptc.org/newscodes/sprgxposition/" rel="skos:inScheme"/>
        </concept>
        <concept id="sprgxpositionflanker-openside">
            <conceptId qcode="sprgxposition:flanker-openside" created="2016-05-02T00:00:00+00:00"/>
            <type qcode="cpnat:abstract"/>
            <name xml:lang="en-US">flanker-openside</name>
            <name xml:lang="en-GB">flanker-openside</name>
            <definition/>
            <related uri="http://cv.iptc.org/newscodes/sprgxposition/" rel="skos:inScheme"/>
        </concept>
        <concept id="sprgxpositionnumber-eight">
            <conceptId qcode="sprgxposition:number-eight" created="2016-05-02T00:00:00+00:00"/>
            <type qcode="cpnat:abstract"/>
            <name xml:lang="en-US">number-eight</name>
            <name xml:lang="en-GB">number-eight</name>
            <definition/>
            <related uri="http://cv.iptc.org/newscodes/sprgxposition/" rel="skos:inScheme"/>
        </concept>
        <concept id="sprgxpositionscrum-half">
            <conceptId qcode="sprgxposition:scrum-half" created="2016-05-02T00:00:00+00:00"/>
            <type qcode="cpnat:abstract"/>
            <name xml:lang="en-US">scrum-half</name>
            <name xml:lang="en-GB">scrum-half</name>
            <definition/>
            <related uri="http://cv.iptc.org/newscodes/sprgxposition/" rel="skos:inScheme"/>
        </concept>
        <concept id="sprgxpositionfly-half">
            <conceptId qcode="sprgxposition:fly-half" created="2016-05-02T00:00:00+00:00"/>
            <type qcode="cpnat:abstract"/>
            <name xml:lang="en-US">fly-half</name>
            <name xml:lang="en-GB">fly-half</name>
            <definition/>
            <related uri="http://cv.iptc.org/newscodes/sprgxposition/" rel="skos:inScheme"/>
        </concept>
        <concept id="sprgxpositionstand-off">
            <conceptId qcode="sprgxposition:stand-off" created="2016-05-02T00:00:00+00:00"/>
            <type qcode="cpnat:abstract"/>
            <name xml:lang="en-US">stand-off</name>
            <name xml:lang="en-GB">stand-off</name>
            <definition/>
            <related uri="http://cv.iptc.org/newscodes/sprgxposition/" rel="skos:inScheme"/>
        </concept>
        <concept id="sprgxpositioninside-center">
            <conceptId qcode="sprgxposition:inside-center" created="2016-05-02T00:00:00+00:00"/>
            <type qcode="cpnat:abstract"/>
            <name xml:lang="en-US">inside-center</name>
            <name xml:lang="en-GB">inside-center</name>
            <definition/>
            <related uri="http://cv.iptc.org/newscodes/sprgxposition/" rel="skos:inScheme"/>
        </concept>
        <concept id="sprgxpositionoutside-center">
            <conceptId qcode="sprgxposition:outside-center" created="2016-05-02T00:00:00+00:00"/>
            <type qcode="cpnat:abstract"/>
            <name xml:lang="en-US">outside-center</name>
            <name xml:lang="en-GB">outside-center</name>
            <definition/>
            <related uri="http://cv.iptc.org/newscodes/sprgxposition/" rel="skos:inScheme"/>
        </concept>
        <concept id="sprgxpositioncenter">
            <conceptId qcode="sprgxposition:center" created="2016-05-02T00:00:00+00:00"/>
            <type qcode="cpnat:abstract"/>
            <name xml:lang="en-US">center</name>
            <name xml:lang="en-GB">center</name>
            <definition/>
            <related uri="http://cv.iptc.org/newscodes/sprgxposition/" rel="skos:inScheme"/>
        </concept>
        <concept id="sprgxpositionleft-wing">
            <conceptId qcode="sprgxposition:left-wing" created="2016-05-02T00:00:00+00:00"/>
            <type qcode="cpnat:abstract"/>
            <name xml:lang="en-US">left-wing</name>
            <name xml:lang="en-GB">left-wing</name>
            <definition/>
            <related uri="http://cv.iptc.org/newscodes/sprgxposition/" rel="skos:inScheme"/>
        </concept>
        <concept id="sprgxpositionright-wing">
            <conceptId qcode="sprgxposition:right-wing" created="2016-05-02T00:00:00+00:00"/>
            <type qcode="cpnat:abstract"/>
            <name xml:lang="en-US">right-wing</name>
            <name xml:lang="en-GB">right-wing</name>
            <definition/>
            <related uri="http://cv.iptc.org/newscodes/sprgxposition/" rel="skos:inScheme"/>
        </concept>
        <concept id="sprgxpositionfullback">
            <conceptId qcode="sprgxposition:fullback" created="2016-05-02T00:00:00+00:00"/>
            <type qcode="cpnat:abstract"/>
            <name xml:lang="en-US">fullback</name>
            <name xml:lang="en-GB">fullback</name>
            <definition/>
            <related uri="http://cv.iptc.org/newscodes/sprgxposition/" rel="skos:inScheme"/>
        </concept>
        <concept id="sprgxpositionback-row">
            <conceptId qcode="sprgxposition:back-row" created="2016-05-02T00:00:00+00:00"/>
            <type qcode="cpnat:abstract"/>
            <name xml:lang="en-US">back-row</name>
            <name xml:lang="en-GB">back-row</name>
            <definition/>
            <related uri="http://cv.iptc.org/newscodes/sprgxposition/" rel="skos:inScheme"/>
        </concept>
        <concept id="sprgxpositionflanker">
            <conceptId qcode="sprgxposition:flanker" created="2016-05-02T00:00:00+00:00"/>
            <type qcode="cpnat:abstract"/>
            <name xml:lang="en-US">flanker</name>
            <name xml:lang="en-GB">flanker</name>
            <definition/>
            <related uri="http://cv.iptc.org/newscodes/sprgxposition/" rel="skos:inScheme"/>
        </concept>
    </conceptSet>
    <schemeMeta authority="http://www.iptc.org" uri="http://cv.iptc.org/newscodes/sprgxposition/"
        preferredalias="sprgxposition">
        <definition xml:lang="en-GB">Positions of players in rugby</definition>
        <name xml:lang="en-US">Rugby Player Positions</name>
            <name xml:lang="en-GB">Rugby Player Positions</name>
        <related qcode="sprgxposition:loose-forward" rel="skos:hasTopConcept"/>
        <related qcode="sprgxposition:prop-loosehead" rel="skos:hasTopConcept"/>
        <related qcode="sprgxposition:prop-tighthead" rel="skos:hasTopConcept"/>
        <related qcode="sprgxposition:prop" rel="skos:hasTopConcept"/>
        <related qcode="sprgxposition:hooker" rel="skos:hasTopConcept"/>
        <related qcode="sprgxposition:second-row" rel="skos:hasTopConcept"/>
        <related qcode="sprgxposition:lock" rel="skos:hasTopConcept"/>
        <related qcode="sprgxposition:flanker-blindside" rel="skos:hasTopConcept"/>
        <related qcode="sprgxposition:flanker-openside" rel="skos:hasTopConcept"/>
        <related qcode="sprgxposition:number-eight" rel="skos:hasTopConcept"/>
        <related qcode="sprgxposition:scrum-half" rel="skos:hasTopConcept"/>
        <related qcode="sprgxposition:fly-half" rel="skos:hasTopConcept"/>
        <related qcode="sprgxposition:stand-off" rel="skos:hasTopConcept"/>
        <related qcode="sprgxposition:inside-center" rel="skos:hasTopConcept"/>
        <related qcode="sprgxposition:outside-center" rel="skos:hasTopConcept"/>
        <related qcode="sprgxposition:center" rel="skos:hasTopConcept"/>
        <related qcode="sprgxposition:left-wing" rel="skos:hasTopConcept"/>
        <related qcode="sprgxposition:right-wing" rel="skos:hasTopConcept"/>
        <related qcode="sprgxposition:fullback" rel="skos:hasTopConcept"/>
        <related qcode="sprgxposition:back-row" rel="skos:hasTopConcept"/>
        <related qcode="sprgxposition:flanker" rel="skos:hasTopConcept"/>
        <schemeMetaExtProperty rel="ikos:availLang" value="en-US"/>
        <schemeMetaExtProperty rel="ikos:availLang" value="en-GB"/>
    </schemeMeta>
</knowledgeItem>
