<knowledgeItem xmlns="http://iptc.org/std/nar/2006-10-01/"
    xmlns:xs="http://www.w3.org/2001/XMLSchema" xmlns:newsml="http://iptc.org/std/nar/2006-10-01/"
    standard="NewsML-G2" standardversion="2.18" conformance="power"
    guid="urn:newsml:iptc.org:20080229:srcncdki-sprgxsubstitution" version="1">
    <catalogRef href="http://www.iptc.org/std/catalog/catalog.IPTC-G2-Standards_25.xml"/>
    <catalogRef href="http://www.iptc.org/std/catalog/catalog.IPTC-Sports_1.xml"/>
    <rightsInfo>
        <copyrightHolder uri="http://cv.iptc.org/newscodes/newsprovider/IPTC">
            <name>IPTC - International Press Telecommunications Council</name>
        </copyrightHolder>
        <copyrightNotice>Copyright 2016, IPTC, www.iptc.org, Rights Reserved</copyrightNotice>
        <usageTerms href="http://creativecommons.org/licenses/by/4.0/">the Creative Commons
            Attribution (CC BY) 4.0 license applies to all NewsCodes</usageTerms>
    </rightsInfo>
    <itemMeta>
        <itemClass qcode="cinat:scheme"/>
        <provider uri="http://cv.iptc.org/newscodes/newsprovider/IPTC">
            <name>IPTC</name>
        </provider>
        <versionCreated>2016-06-13T15:15:32-04:00</versionCreated>
        <pubStatus qcode="stat:usable"/>
    </itemMeta>
    <contentMeta>
        <subject qcode="subj:15000000">
            <name xml:lang="en-US">sport</name>
            <name xml:lang="en-GB">sport</name>
        </subject>
        <subject qcode="subj:15047007">
            <name xml:lang="en-US">rugby</name>
            <name xml:lang="en-GB">rugby</name>
            <broader qcode="subj:15000000"/>
        </subject>
        <description>Types of substitution in rugby</description>
    </contentMeta>
    <conceptSet>
        <concept id="sprgxsubstitutionblood">
            <conceptId qcode="sprgxsubstitution:blood" created="2016-05-02T00:00:00+00:00"/>
            <type qcode="cpnat:abstract"/>
            <name xml:lang="en-US">blood</name>
            <name xml:lang="en-GB">blood</name>
            <definition xml:lang="en-GB">A temporary replacement in which the player must return to the field within
                15 minutes</definition>
            <related uri="http://cv.iptc.org/newscodes/sprgxsubstitution/" rel="skos:inScheme"/>
        </concept>
        <concept id="sprgxsubstitutionregular">
            <conceptId qcode="sprgxsubstitution:regular" created="2016-05-02T00:00:00+00:00"/>
            <type qcode="cpnat:abstract"/>
            <name xml:lang="en-US">regular</name>
            <name xml:lang="en-GB">regular</name>
            <definition xml:lang="en-GB">One of seven allowed permanent player substitutions.</definition>
            <related uri="http://cv.iptc.org/newscodes/sprgxsubstitution/" rel="skos:inScheme"/>
        </concept>
    </conceptSet>
    <schemeMeta authority="http://www.iptc.org"
        uri="http://cv.iptc.org/newscodes/sprgxsubstitution/" preferredalias="sprgxsubstitution">
        <definition xml:lang="en-GB">Types of substitution in rugby</definition>
        <name xml:lang="en-US">Rugby Substitution Types</name>
            <name xml:lang="en-GB">Rugby Substitution Types</name>
        <related qcode="sprgxsubstitution:blood" rel="skos:hasTopConcept"/>
        <related qcode="sprgxsubstitution:regular" rel="skos:hasTopConcept"/>
        <schemeMetaExtProperty rel="ikos:availLang" value="en-US"/>
        <schemeMetaExtProperty rel="ikos:availLang" value="en-GB"/>
    </schemeMeta>
</knowledgeItem>
