<knowledgeItem xmlns="http://iptc.org/std/nar/2006-10-01/" standard="NewsML-G2"
    standardversion="2.18" conformance="power"
    guid="urn:newsml:iptc.org:20080229:srcncdki-sprgxscoreattempt" version="1">
    <catalogRef href="http://www.iptc.org/std/catalog/catalog.IPTC-G2-Standards_25.xml"/>
    <catalogRef href="http://www.iptc.org/std/catalog/catalog.IPTC-Sports_1.xml"/>
    <rightsInfo>
        <copyrightHolder uri="http://cv.iptc.org/newscodes/newsprovider/IPTC">
            <name>IPTC - International Press Telecommunications Council</name>
        </copyrightHolder>
        <copyrightNotice>Copyright 2016, IPTC, www.iptc.org, Rights Reserved</copyrightNotice>
        <usageTerms href="http://creativecommons.org/licenses/by/4.0/">the Creative Commons
            Attribution (CC BY) 4.0 license applies to all NewsCodes</usageTerms>
    </rightsInfo>
    <itemMeta>
        <itemClass qcode="cinat:scheme"/>
        <provider uri="http://cv.iptc.org/newscodes/newsprovider/IPTC">
            <name>IPTC</name>
        </provider>
        <versionCreated>2016-06-13T15:15:32-04:00</versionCreated>
        <pubStatus qcode="stat:usable"/>
    </itemMeta>
    <contentMeta>
        <subject qcode="subj:15000000">
            <name xml:lang="en-US">sport</name>
            <name xml:lang="en-GB">sport</name>
        </subject>
        <subject qcode="subj:15047007">
            <name xml:lang="en-US">rugby</name>
            <name xml:lang="en-GB">rugby</name>
            <broader qcode="subj:15000000"/>
        </subject>
        <description>Types of scoring in rugby.</description>
    </contentMeta>
    <conceptSet>
        <concept id="sprgxscoreattempttry">
            <conceptId qcode="sprgxscoreattempt:try" created="2016-05-02T00:00:00+00:00"/>
            <type qcode="cpnat:abstract"/>
            <name xml:lang="en-US">Try</name>
            <name xml:lang="en-GB">Try</name>
            <definition xml:lang="en-GB">Score by grounding the ball in the in-goal area (between the goal line and the dead-ball line); worth 5 points.</definition>
            <related uri="http://cv.iptc.org/newscodes/sprgxscoreattempt/" rel="skos:inScheme"/>
        </concept>
        <concept id="sprgxscoreattemptpenalty">
            <conceptId qcode="sprgxscoreattempt:penalty" created="2016-05-02T00:00:00+00:00"/>
            <type qcode="cpnat:abstract"/>
            <name xml:lang="en-US">penalty</name>
            <name xml:lang="en-GB">penalty</name>
            <definition xml:lang="en-GB">The score attempt is made as a penalty kick.</definition>
            <related uri="http://cv.iptc.org/newscodes/sprgxscoreattempt/" rel="skos:inScheme"/>
        </concept>
        <concept id="sprgxscoreattemptdrop">
            <conceptId qcode="sprgxscoreattempt:drop" created="2016-05-02T00:00:00+00:00"/>
            <type qcode="cpnat:abstract"/>
            <name xml:lang="en-US">drop</name>
            <name xml:lang="en-GB">drop</name>
            <definition xml:lang="en-GB">The score attempt is made as a drop kick.</definition>
            <related uri="http://cv.iptc.org/newscodes/sprgxscoreattempt/" rel="skos:inScheme"/>
        </concept>
        <concept id="sprgxscoreattemptconversion">
            <conceptId qcode="sprgxscoreattempt:conversion" created="2016-05-02T00:00:00+00:00"/>
            <type qcode="cpnat:abstract"/>
            <name xml:lang="en-US">conversion</name>
            <name xml:lang="en-GB">conversion</name>
            <definition xml:lang="en-GB">The score attempt is made as a try conversion.</definition>
            <related uri="http://cv.iptc.org/newscodes/sprgxscoreattempt/" rel="skos:inScheme"/>
        </concept>
    </conceptSet>
    <schemeMeta authority="http://www.iptc.org"
        uri="http://cv.iptc.org/newscodes/sprgxscoreattempt/" preferredalias="sprgxscoreattempt">
        <definition xml:lang="en-GB">Types of scoring in rugby.</definition>
        <name xml:lang="en-US">Rugby Score Types</name>
            <name xml:lang="en-GB">Rugby Score Types</name>
        <related qcode="sprgxscoreattempt:try" rel="skos:hasTopConcept"/>
        <related qcode="sprgxscoreattempt:penalty" rel="skos:hasTopConcept"/>
        <related qcode="sprgxscoreattempt:drop" rel="skos:hasTopConcept"/>
        <related qcode="sprgxscoreattempt:conversion" rel="skos:hasTopConcept"/>
        <schemeMetaExtProperty rel="ikos:availLang" value="en-US"/>
        <schemeMetaExtProperty rel="ikos:availLang" value="en-GB"/>
    </schemeMeta>
</knowledgeItem>
