<knowledgeItem xmlns="http://iptc.org/std/nar/2006-10-01/" standard="NewsML-G2"
    standardversion="2.18" conformance="power"
    guid="urn:newsml:iptc.org:20080229:srcncdki-sprgxpenaltyresult" version="1">
    <catalogRef href="http://www.iptc.org/std/catalog/catalog.IPTC-G2-Standards_25.xml"/>
    <catalogRef href="http://www.iptc.org/std/catalog/catalog.IPTC-Sports_1.xml"/>
    <rightsInfo>
        <copyrightHolder uri="http://cv.iptc.org/newscodes/newsprovider/IPTC">
            <name>IPTC - International Press Telecommunications Council</name>
        </copyrightHolder>
        <copyrightNotice>Copyright 2016, IPTC, www.iptc.org, Rights Reserved</copyrightNotice>
        <usageTerms href="http://creativecommons.org/licenses/by/4.0/">the Creative Commons
            Attribution (CC BY) 4.0 license applies to all NewsCodes</usageTerms>
    </rightsInfo>
    <itemMeta>
        <itemClass qcode="cinat:scheme"/>
        <provider uri="http://cv.iptc.org/newscodes/newsprovider/IPTC">
            <name>IPTC</name>
        </provider>
        <versionCreated>2016-06-13T15:15:32-04:00</versionCreated>
        <pubStatus qcode="stat:usable"/>
    </itemMeta>
    <contentMeta>
        <subject qcode="subj:15000000">
            <name xml:lang="en-US">sport</name>
            <name xml:lang="en-GB">sport</name>
        </subject>
        <subject qcode="subj:15047007">
            <name xml:lang="en-US">rugby</name>
            <name xml:lang="en-GB">rugby</name>
            <broader qcode="subj:15000000"/>
        </subject>
        <description>Results of penalties in rugby.</description>
    </contentMeta>
    <conceptSet>
        <concept id="sprgxpenaltyresultplay-on">
            <conceptId qcode="sprgxpenaltyresult:play-on" created="2016-05-02T00:00:00+00:00"/>
            <type qcode="cpnat:abstract"/>
            <name xml:lang="en-US">play-on</name>
            <name xml:lang="en-GB">play-on</name>
            <definition xml:lang="en-GB">Fouled team has advantage of the ball and is allowed to play
                on.</definition>
            <related uri="http://cv.iptc.org/newscodes/sprgxpenaltyresult/" rel="skos:inScheme"/>
        </concept>
        <concept id="sprgxpenaltyresultfreekick">
            <conceptId qcode="sprgxpenaltyresult:freekick" created="2016-05-02T00:00:00+00:00"/>
            <type qcode="cpnat:abstract"/>
            <name xml:lang="en-US">freekick</name>
            <name xml:lang="en-GB">freekick</name>
            <definition xml:lang="en-GB">Fouled team is awarded a freekick.</definition>
            <related uri="http://cv.iptc.org/newscodes/sprgxpenaltyresult/" rel="skos:inScheme"/>
        </concept>
        <concept id="sprgxpenaltyresultpenalty-kick">
            <conceptId qcode="sprgxpenaltyresult:penalty-kick" created="2016-05-02T00:00:00+00:00"/>
            <type qcode="cpnat:abstract"/>
            <name xml:lang="en-US">penalty-kick</name>
            <name xml:lang="en-GB">penalty-kick</name>
            <definition xml:lang="en-GB">The fouled team is awarded a penalty kick.</definition>
            <related uri="http://cv.iptc.org/newscodes/sprgxpenaltyresult/" rel="skos:inScheme"/>
        </concept>
        <concept id="sprgxpenaltyresultpenalty-try">
            <conceptId qcode="sprgxpenaltyresult:penalty-try" created="2016-05-02T00:00:00+00:00"/>
            <type qcode="cpnat:abstract"/>
            <name xml:lang="en-US">penalty-try</name>
            <name xml:lang="en-GB">penalty-try</name>
            <definition xml:lang="en-GB">The fouled team is awarded a penalty kick.</definition>
            <related uri="http://cv.iptc.org/newscodes/sprgxpenaltyresult/" rel="skos:inScheme"/>
        </concept>
        <concept id="sprgxpenaltyresultcaution">
            <conceptId qcode="sprgxpenaltyresult:caution" created="2016-05-02T00:00:00+00:00"/>
            <type qcode="cpnat:abstract"/>
            <name xml:lang="en-US">caution</name>
            <name xml:lang="en-GB">caution</name>
            <definition xml:lang="en-GB">The player is beeing cautioned. Indicated by a yellow card. Suffered team
                get a freekick or penalty-shot.</definition>
            <related uri="http://cv.iptc.org/newscodes/sprgxpenaltyresult/" rel="skos:inScheme"/>
        </concept>
        <concept id="sprgxpenaltyresultejection">
            <conceptId qcode="sprgxpenaltyresult:ejection" created="2016-05-02T00:00:00+00:00"/>
            <type qcode="cpnat:abstract"/>
            <name xml:lang="en-US">ejection</name>
            <name xml:lang="en-GB">ejection</name>
            <definition xml:lang="en-GB">The player is beeing ejected from the game. Shown by a red card. Suffered
                team get a freekick or penalty shot.</definition>
            <related uri="http://cv.iptc.org/newscodes/sprgxpenaltyresult/" rel="skos:inScheme"/>
        </concept>
    </conceptSet>
    <schemeMeta authority="http://www.iptc.org"
        uri="http://cv.iptc.org/newscodes/sprgxpenaltyresult/"
        preferredalias="sprgxpenaltyresult">
        <definition xml:lang="en-GB">Results of penalties in rugby.</definition>
        <name xml:lang="en-US">Rugby Penalty Results</name>
            <name xml:lang="en-GB">Rugby Penalty Results</name>
        <related qcode="sprgxpenaltyresult:play-on" rel="skos:hasTopConcept"/>
        <related qcode="sprgxpenaltyresult:freekick" rel="skos:hasTopConcept"/>
        <related qcode="sprgxpenaltyresult:penalty-kick" rel="skos:hasTopConcept"/>
        <related qcode="sprgxpenaltyresult:penalty-try" rel="skos:hasTopConcept"/>
        <related qcode="sprgxpenaltyresult:caution" rel="skos:hasTopConcept"/>
        <related qcode="sprgxpenaltyresult:ejection" rel="skos:hasTopConcept"/>
        <schemeMetaExtProperty rel="ikos:availLang" value="en-US"/>
        <schemeMetaExtProperty rel="ikos:availLang" value="en-GB"/>
    </schemeMeta>
</knowledgeItem>
