<knowledgeItem xmlns="http://iptc.org/std/nar/2006-10-01/" standard="NewsML-G2"
    standardversion="2.18" conformance="power"
    guid="urn:newsml:iptc.org:20080229:srcncdki-spsocresult" version="1">
    <catalogRef href="http://www.iptc.org/std/catalog/catalog.IPTC-G2-Standards_25.xml"/>
    <catalogRef href="http://www.iptc.org/std/catalog/catalog.IPTC-Sports_1.xml"/>
    <rightsInfo>
        <copyrightHolder uri="http://cv.iptc.org/newscodes/newsprovider/IPTC">
            <name>IPTC - International Press Telecommunications Council</name>
        </copyrightHolder>
        <copyrightNotice>Copyright 2016, IPTC, www.iptc.org, Rights Reserved</copyrightNotice>
        <usageTerms href="http://creativecommons.org/licenses/by/4.0/">the Creative Commons
            Attribution (CC BY) 4.0 license applies to all NewsCodes</usageTerms>
    </rightsInfo>
    <itemMeta>
        <itemClass qcode="cinat:scheme"/>
        <provider uri="http://cv.iptc.org/newscodes/newsprovider/IPTC">
            <name>IPTC</name>
        </provider>
        <versionCreated>2016-06-13T15:15:32-04:00</versionCreated>
        <pubStatus qcode="stat:usable"/>
    </itemMeta>
    <contentMeta>
        <subject qcode="subj:15000000">
            <name xml:lang="en-US">sport</name>
            <name xml:lang="en-GB">sport</name>
        </subject>
        <subject qcode="subj:15054000">
            <name xml:lang="en-US">soccer</name>
            <name xml:lang="en-GB">soccer</name>
            <broader qcode="subj:15000000"/>
        </subject>
        <description>Results of soccer plays/actions</description>
    </contentMeta>
    <conceptSet>
        <concept id="spsocresultplay-on">
            <conceptId qcode="spsocresult:play-on" created="2016-05-02T00:00:00+00:00"/>
            <type qcode="cpnat:abstract"/>
            <name xml:lang="en-US">play-on</name>
            <name xml:lang="en-GB">play-on</name>
            <definition/>
            <related uri="http://cv.iptc.org/newscodes/spsocresult/" rel="skos:inScheme"/>
        </concept>
        <concept id="spsocresultfreekick">
            <conceptId qcode="spsocresult:freekick" created="2016-05-02T00:00:00+00:00"/>
            <type qcode="cpnat:abstract"/>
            <name xml:lang="en-US">freekick</name>
            <name xml:lang="en-GB">freekick</name>
            <definition/>
            <related uri="http://cv.iptc.org/newscodes/spsocresult/" rel="skos:inScheme"/>
        </concept>
        <concept id="spsocresultcorner">
            <conceptId qcode="spsocresult:corner" created="2016-05-02T00:00:00+00:00"/>
            <type qcode="cpnat:abstract"/>
            <name xml:lang="en-US">corner</name>
            <name xml:lang="en-GB">corner</name>
            <definition/>
            <related uri="http://cv.iptc.org/newscodes/spsocresult/" rel="skos:inScheme"/>
        </concept>
        <concept id="spsocresultoffside">
            <conceptId qcode="spsocresult:offside" created="2016-05-02T00:00:00+00:00"/>
            <type qcode="cpnat:abstract"/>
            <name xml:lang="en-US">offside</name>
            <name xml:lang="en-GB">offside</name>
            <definition/>
            <related uri="http://cv.iptc.org/newscodes/spsocresult/" rel="skos:inScheme"/>
        </concept>
        <concept id="spsocresultindirect-freekick">
            <conceptId qcode="spsocresult:indirect-freekick" created="2016-05-02T00:00:00+00:00"/>
            <type qcode="cpnat:abstract"/>
            <name xml:lang="en-US">indirect-freekick</name>
            <name xml:lang="en-GB">indirect-freekick</name>
            <definition/>
            <related uri="http://cv.iptc.org/newscodes/spsocresult/" rel="skos:inScheme"/>
        </concept>
        <concept id="spsocresultdirect-freekick">
            <conceptId qcode="spsocresult:direct-freekick" created="2016-05-02T00:00:00+00:00"/>
            <type qcode="cpnat:abstract"/>
            <name xml:lang="en-US">direct-freekick</name>
            <name xml:lang="en-GB">direct-freekick</name>
            <definition/>
            <related uri="http://cv.iptc.org/newscodes/spsocresult/" rel="skos:inScheme"/>
        </concept>
        <concept id="spsocresultpenalty-shot">
            <conceptId qcode="spsocresult:penalty-shot" created="2016-05-02T00:00:00+00:00"/>
            <type qcode="cpnat:abstract"/>
            <name xml:lang="en-US">penalty-shot</name>
            <name xml:lang="en-GB">penalty-shot</name>
            <definition/>
            <related uri="http://cv.iptc.org/newscodes/spsocresult/" rel="skos:inScheme"/>
        </concept>
        <concept id="spsocresultdisallowed">
            <conceptId qcode="spsocresult:disallowed" created="2016-05-02T00:00:00+00:00"/>
            <type qcode="cpnat:abstract"/>
            <name xml:lang="en-US">disallowed</name>
            <name xml:lang="en-GB">disallowed</name>
            <definition/>
            <related uri="http://cv.iptc.org/newscodes/spsocresult/" rel="skos:inScheme"/>
        </concept>
        <concept id="spsocresultfair-play">
            <conceptId qcode="spsocresult:fair-play" created="2016-05-02T00:00:00+00:00"/>
            <type qcode="cpnat:abstract"/>
            <name xml:lang="en-US">fair-play</name>
            <name xml:lang="en-GB">fair-play</name>
            <definition/>
            <related uri="http://cv.iptc.org/newscodes/spsocresult/" rel="skos:inScheme"/>
        </concept>
        <concept id="spsocresultout-of-play">
            <conceptId qcode="spsocresult:out-of-play" created="2016-05-02T00:00:00+00:00"/>
            <type qcode="cpnat:abstract"/>
            <name xml:lang="en-US">out-of-play</name>
            <name xml:lang="en-GB">out-of-play</name>
            <definition/>
            <related uri="http://cv.iptc.org/newscodes/spsocresult/" rel="skos:inScheme"/>
        </concept>
        <concept id="spsocresultstoppage">
            <conceptId qcode="spsocresult:stoppage" created="2016-05-02T00:00:00+00:00"/>
            <type qcode="cpnat:abstract"/>
            <name xml:lang="en-US">stoppage</name>
            <name xml:lang="en-GB">stoppage</name>
            <definition/>
            <related uri="http://cv.iptc.org/newscodes/spsocresult/" rel="skos:inScheme"/>
        </concept>
    </conceptSet>
    <schemeMeta authority="http://www.iptc.org" uri="http://cv.iptc.org/newscodes/spsocresult/"
        preferredalias="spsocresult">
        <definition xml:lang="en-GB">Results of soccer plays/actions</definition>
        <name xml:lang="en-US">Soccer Action Results</name>
            <name xml:lang="en-GB">Soccer Action Results</name>
        <related qcode="spsocresult:play-on" rel="skos:hasTopConcept"/>
        <related qcode="spsocresult:freekick" rel="skos:hasTopConcept"/>
        <related qcode="spsocresult:corner" rel="skos:hasTopConcept"/>
        <related qcode="spsocresult:offside" rel="skos:hasTopConcept"/>
        <related qcode="spsocresult:indirect-freekick" rel="skos:hasTopConcept"/>
        <related qcode="spsocresult:direct-freekick" rel="skos:hasTopConcept"/>
        <related qcode="spsocresult:penalty-shot" rel="skos:hasTopConcept"/>
        <related qcode="spsocresult:disallowed" rel="skos:hasTopConcept"/>
        <related qcode="spsocresult:fair-play" rel="skos:hasTopConcept"/>
        <related qcode="spsocresult:out-of-play" rel="skos:hasTopConcept"/>
        <related qcode="spsocresult:stoppage" rel="skos:hasTopConcept"/>
        <schemeMetaExtProperty rel="ikos:availLang" value="en-US"/>
        <schemeMetaExtProperty rel="ikos:availLang" value="en-GB"/>
    </schemeMeta>
</knowledgeItem>
