<knowledgeItem xmlns="http://iptc.org/std/nar/2006-10-01/"
    xmlns:xs="http://www.w3.org/2001/XMLSchema" xmlns:newsml="http://iptc.org/std/nar/2006-10-01/"
    standard="NewsML-G2" standardversion="2.18" conformance="power"
    guid="urn:newsml:iptc.org:20080229:srcncdki-spsocposition" version="1">
    <catalogRef href="http://www.iptc.org/std/catalog/catalog.IPTC-G2-Standards_25.xml"/>
    <catalogRef href="http://www.iptc.org/std/catalog/catalog.IPTC-Sports_1.xml"/>
    <rightsInfo>
        <copyrightHolder uri="http://cv.iptc.org/newscodes/newsprovider/IPTC">
            <name>IPTC - International Press Telecommunications Council</name>
        </copyrightHolder>
        <copyrightNotice>Copyright 2016, IPTC, www.iptc.org, Rights Reserved</copyrightNotice>
        <usageTerms href="http://creativecommons.org/licenses/by/4.0/">the Creative Commons
            Attribution (CC BY) 4.0 license applies to all NewsCodes</usageTerms>
    </rightsInfo>
    <itemMeta>
        <itemClass qcode="cinat:scheme"/>
        <provider uri="http://cv.iptc.org/newscodes/newsprovider/IPTC">
            <name>IPTC</name>
        </provider>
        <versionCreated>2016-06-13T15:15:32-04:00</versionCreated>
        <pubStatus qcode="stat:usable"/>
    </itemMeta>
    <contentMeta>
        <subject qcode="subj:15000000">
            <name xml:lang="en-US">sport</name>
            <name xml:lang="en-GB">sport</name>
            <name xml:lang="nb-NO">sport</name>
        </subject>
        <subject qcode="subj:15054000">
            <name xml:lang="en-US">soccer</name>
            <name xml:lang="en-GB">soccer</name>
            <name xml:lang="nb-NO">fotball</name>
            <broader qcode="subj:15000000"/>
        </subject>
        <description>Player positions in soccer</description>
    </contentMeta>
    <conceptSet>
        <concept id="spsocpositionright-fullback">
            <conceptId qcode="spsocposition:right-fullback" created="2016-05-02T00:00:00+00:00"/>
            <type qcode="cpnat:abstract"/>
            <name xml:lang="en-US">right-fullback</name>
            <name xml:lang="en-GB">right-fullback</name>
            <name xml:lang="nb-NO">høyreback</name>
            <definition/>
            <related uri="http://cv.iptc.org/newscodes/spsocposition/" rel="skos:inScheme"/>
        </concept>
        <concept id="spsocpositionleft-fullback">
            <conceptId qcode="spsocposition:left-fullback" created="2016-05-02T00:00:00+00:00"/>
            <type qcode="cpnat:abstract"/>
            <name xml:lang="en-US">left-fullback</name>
            <name xml:lang="en-GB">left-fullback</name>
            <name xml:lang="nb-NO">venstreback</name>
            <definition/>
            <related uri="http://cv.iptc.org/newscodes/spsocposition/" rel="skos:inScheme"/>
        </concept>
        <concept id="spsocpositionsweeper">
            <conceptId qcode="spsocposition:sweeper" created="2016-05-02T00:00:00+00:00"/>
            <type qcode="cpnat:abstract"/>
            <name xml:lang="en-US">sweeper</name>
            <name xml:lang="en-GB">sweeper</name>
            <name xml:lang="nb-NO">sweeper</name>
            <definition/>
            <related uri="http://cv.iptc.org/newscodes/spsocposition/" rel="skos:inScheme"/>
        </concept>
        <concept id="spsocpositiondefender">
            <conceptId qcode="spsocposition:defender" created="2016-05-02T00:00:00+00:00"/>
            <type qcode="cpnat:abstract"/>
            <name xml:lang="en-US">defender</name>
            <name xml:lang="en-GB">defender</name>
            <name xml:lang="nb-NO">forsvar</name>
            <definition/>
            <related uri="http://cv.iptc.org/newscodes/spsocposition/" rel="skos:inScheme"/>
        </concept>
        <concept id="spsocpositioncentral-defender">
            <conceptId qcode="spsocposition:central-defender" created="2016-05-02T00:00:00+00:00"/>
            <type qcode="cpnat:abstract"/>
            <name xml:lang="en-US">central-defender</name>
            <name xml:lang="en-GB">central-defender</name>
            <name xml:lang="nb-NO">midtstopper</name>
            <definition/>
            <related uri="http://cv.iptc.org/newscodes/spsocposition/" rel="skos:inScheme"/>
        </concept>
        <concept id="spsocpositionright-midfielder">
            <conceptId qcode="spsocposition:right-midfielder" created="2016-05-02T00:00:00+00:00"/>
            <type qcode="cpnat:abstract"/>
            <name xml:lang="en-US">right-midfielder</name>
            <name xml:lang="en-GB">right-midfielder</name>
            <name xml:lang="nb-NO">høyre-midtbane</name>
            <definition/>
            <related uri="http://cv.iptc.org/newscodes/spsocposition/" rel="skos:inScheme"/>
        </concept>
        <concept id="spsocpositionleft-midfielder">
            <conceptId qcode="spsocposition:left-midfielder" created="2016-05-02T00:00:00+00:00"/>
            <type qcode="cpnat:abstract"/>
            <name xml:lang="en-US">left-midfielder</name>
            <name xml:lang="en-GB">left-midfielder</name>
            <name xml:lang="nb-NO">venstre-midtbane</name>
            <definition/>
            <related uri="http://cv.iptc.org/newscodes/spsocposition/" rel="skos:inScheme"/>
        </concept>
        <concept id="spsocpositioncenter-midfielder">
            <conceptId qcode="spsocposition:center-midfielder" created="2016-05-02T00:00:00+00:00"/>
            <type qcode="cpnat:abstract"/>
            <name xml:lang="en-US">center-midfielder</name>
            <name xml:lang="en-GB">center-midfielder</name>
            <name xml:lang="nb-NO">sentral-midtbane</name>
            <definition/>
            <related uri="http://cv.iptc.org/newscodes/spsocposition/" rel="skos:inScheme"/>
        </concept>
        <concept id="spsocpositionmidfielder">
            <conceptId qcode="spsocposition:midfielder" created="2016-05-02T00:00:00+00:00"/>
            <type qcode="cpnat:abstract"/>
            <name xml:lang="en-US">midfielder</name>
            <name xml:lang="en-GB">midfielder</name>
            <name xml:lang="nb-NO">midtbane</name>
            <definition/>
            <related uri="http://cv.iptc.org/newscodes/spsocposition/" rel="skos:inScheme"/>
        </concept>
        <concept id="spsocpositionattacking-midfielder">
            <conceptId qcode="spsocposition:attacking-midfielder" created="2016-05-02T00:00:00+00:00"/>
            <type qcode="cpnat:abstract"/>
            <name xml:lang="en-US">attacking-midfielder</name>
            <name xml:lang="en-GB">attacking-midfielder</name>
            <name xml:lang="nb-NO">offensiv-midtbane</name>
            <definition/>
            <related uri="http://cv.iptc.org/newscodes/spsocposition/" rel="skos:inScheme"/>
        </concept>
        <concept id="spsocpositiondefensive-midfielder">
            <conceptId qcode="spsocposition:defensive-midfielder" created="2016-05-02T00:00:00+00:00"/>
            <type qcode="cpnat:abstract"/>
            <name xml:lang="en-US">defensive-midfielder</name>
            <name xml:lang="en-GB">defensive-midfielder</name>
            <name xml:lang="nb-NO">defensiv-midtbane</name>
            <definition/>
            <related uri="http://cv.iptc.org/newscodes/spsocposition/" rel="skos:inScheme"/>
        </concept>
        <concept id="spsocpositionhalf-backs">
            <conceptId qcode="spsocposition:half-backs" created="2016-05-02T00:00:00+00:00"/>
            <type qcode="cpnat:abstract"/>
            <name xml:lang="en-US">half-backs</name>
            <name xml:lang="en-GB">half-backs</name>
            <name xml:lang="nb-NO">midtforsvar</name>
            <definition/>
            <related uri="http://cv.iptc.org/newscodes/spsocposition/" rel="skos:inScheme"/>
        </concept>
        <concept id="spsocpositionright-wing">
            <conceptId qcode="spsocposition:right-wing" created="2016-05-02T00:00:00+00:00"/>
            <type qcode="cpnat:abstract"/>
            <name xml:lang="en-US">right-wing</name>
            <name xml:lang="en-GB">right-wing</name>
            <name xml:lang="nb-NO">høyreving</name>
            <definition/>
            <related uri="http://cv.iptc.org/newscodes/spsocposition/" rel="skos:inScheme"/>
        </concept>
        <concept id="spsocpositionleft-wing">
            <conceptId qcode="spsocposition:left-wing" created="2016-05-02T00:00:00+00:00"/>
            <type qcode="cpnat:abstract"/>
            <name xml:lang="en-US">left-wing</name>
            <name xml:lang="en-GB">left-wing</name>
            <name xml:lang="nb-NO">venstreving</name>
            <definition/>
            <related uri="http://cv.iptc.org/newscodes/spsocposition/" rel="skos:inScheme"/>
        </concept>
        <concept id="spsocpositioncenter-forward">
            <conceptId qcode="spsocposition:center-forward" created="2016-05-02T00:00:00+00:00"/>
            <type qcode="cpnat:abstract"/>
            <name xml:lang="en-US">center-forward</name>
            <name xml:lang="en-GB">center-forward</name>
            <name xml:lang="nb-NO">spiss</name>
            <definition/>
            <related uri="http://cv.iptc.org/newscodes/spsocposition/" rel="skos:inScheme"/>
        </concept>
        <concept id="spsocpositionforward">
            <conceptId qcode="spsocposition:forward" created="2016-05-02T00:00:00+00:00"/>
            <type qcode="cpnat:abstract"/>
            <name xml:lang="en-US">forward</name>
            <name xml:lang="en-GB">forward</name>
            <name xml:lang="nb-NO">angrep</name>
            <definition/>
            <related uri="http://cv.iptc.org/newscodes/spsocposition/" rel="skos:inScheme"/>
        </concept>
        <concept id="spsocpositionstriker">
            <conceptId qcode="spsocposition:striker" created="2016-05-02T00:00:00+00:00"/>
            <type qcode="cpnat:abstract"/>
            <name xml:lang="en-US">striker</name>
            <name xml:lang="en-GB">striker</name>
            <name xml:lang="nb-NO">spiss</name>
            <definition/>
            <related uri="http://cv.iptc.org/newscodes/spsocposition/" rel="skos:inScheme"/>
        </concept>
        <concept id="spsocpositiongoalkeeper">
            <conceptId qcode="spsocposition:goalkeeper" created="2016-05-02T00:00:00+00:00"/>
            <type qcode="cpnat:abstract"/>
            <name xml:lang="en-US">goalkeeper</name>
            <name xml:lang="en-GB">goalkeeper</name>
            <name xml:lang="nb-NO">målvakt</name>
            <definition/>
            <related uri="http://cv.iptc.org/newscodes/spsocposition/" rel="skos:inScheme"/>
        </concept>
        <concept id="spsocpositioncoach">
            <conceptId qcode="spsocposition:coach" created="2016-05-02T00:00:00+00:00"/>
            <type qcode="cpnat:abstract"/>
            <name xml:lang="en-US">coach</name>
            <name xml:lang="en-GB">coach</name>
            <name xml:lang="nb-NO">trener</name>
            <definition/>
            <related uri="http://cv.iptc.org/newscodes/spsocposition/" rel="skos:inScheme"/>
        </concept>
        <concept id="spsocpositionassistant-coach">
            <conceptId qcode="spsocposition:assistant-coach" created="2016-05-02T00:00:00+00:00"/>
            <type qcode="cpnat:abstract"/>
            <name xml:lang="en-US">assistant-coach</name>
            <name xml:lang="en-GB">assistant-coach</name>
            <name xml:lang="nb-NO">assistenttrener</name>
            <definition/>
            <related uri="http://cv.iptc.org/newscodes/spsocposition/" rel="skos:inScheme"/>
        </concept>
        <concept id="spsocpositionreferee">
            <conceptId qcode="spsocposition:referee" created="2016-05-02T00:00:00+00:00"/>
            <type qcode="cpnat:abstract"/>
            <name xml:lang="en-US">referee</name>
            <name xml:lang="en-GB">referee</name>
            <name xml:lang="nb-NO">dommer</name>
            <definition/>
            <related uri="http://cv.iptc.org/newscodes/spsocposition/" rel="skos:inScheme"/>
        </concept>
        <concept id="spsocpositionassistant-referee">
            <conceptId qcode="spsocposition:assistant-referee" created="2016-05-02T00:00:00+00:00"/>
            <type qcode="cpnat:abstract"/>
            <name xml:lang="en-US">assistant-referee</name>
            <name xml:lang="en-GB">assistant-referee</name>
            <name xml:lang="nb-NO">assistentdommer</name>
            <definition/>
            <related uri="http://cv.iptc.org/newscodes/spsocposition/" rel="skos:inScheme"/>
        </concept>
    </conceptSet>
    <schemeMeta authority="http://www.iptc.org" uri="http://cv.iptc.org/newscodes/spsocposition/"
        preferredalias="spsocposition">
        <definition xml:lang="en-GB">Player positions in soccer</definition>
        <name xml:lang="en-US">Soccer Player Positions</name>
            <name xml:lang="en-GB">Soccer Player Positions</name>
        <related qcode="spsocposition:right-fullback" rel="skos:hasTopConcept"/>
        <related qcode="spsocposition:left-fullback" rel="skos:hasTopConcept"/>
        <related qcode="spsocposition:sweeper" rel="skos:hasTopConcept"/>
        <related qcode="spsocposition:defender" rel="skos:hasTopConcept"/>
        <related qcode="spsocposition:central-defender" rel="skos:hasTopConcept"/>
        <related qcode="spsocposition:right-midfielder" rel="skos:hasTopConcept"/>
        <related qcode="spsocposition:left-midfielder" rel="skos:hasTopConcept"/>
        <related qcode="spsocposition:center-midfielder" rel="skos:hasTopConcept"/>
        <related qcode="spsocposition:midfielder" rel="skos:hasTopConcept"/>
        <related qcode="spsocposition:attacking-midfielder" rel="skos:hasTopConcept"/>
        <related qcode="spsocposition:defensive-midfielder" rel="skos:hasTopConcept"/>
        <related qcode="spsocposition:half-backs" rel="skos:hasTopConcept"/>
        <related qcode="spsocposition:right-wing" rel="skos:hasTopConcept"/>
        <related qcode="spsocposition:left-wing" rel="skos:hasTopConcept"/>
        <related qcode="spsocposition:center-forward" rel="skos:hasTopConcept"/>
        <related qcode="spsocposition:forward" rel="skos:hasTopConcept"/>
        <related qcode="spsocposition:striker" rel="skos:hasTopConcept"/>
        <related qcode="spsocposition:goalkeeper" rel="skos:hasTopConcept"/>
        <related qcode="spsocposition:coach" rel="skos:hasTopConcept"/>
        <related qcode="spsocposition:assistant-coach" rel="skos:hasTopConcept"/>
        <related qcode="spsocposition:referee" rel="skos:hasTopConcept"/>
        <related qcode="spsocposition:assistant-referee" rel="skos:hasTopConcept"/>
        <schemeMetaExtProperty rel="ikos:availLang" value="en-US"/>
        <schemeMetaExtProperty rel="ikos:availLang" value="en-GB"/>
    </schemeMeta>
</knowledgeItem>
