<knowledgeItem xmlns="http://iptc.org/std/nar/2006-10-01/" standard="NewsML-G2"
    standardversion="2.18" conformance="power"
    guid="urn:newsml:iptc.org:20080229:srcncdki-spsocpenaltyresult" version="1">
    <catalogRef href="http://www.iptc.org/std/catalog/catalog.IPTC-G2-Standards_25.xml"/>
    <catalogRef href="http://www.iptc.org/std/catalog/catalog.IPTC-Sports_1.xml"/>
    <rightsInfo>
        <copyrightHolder uri="http://cv.iptc.org/newscodes/newsprovider/IPTC">
            <name>IPTC - International Press Telecommunications Council</name>
        </copyrightHolder>
        <copyrightNotice>Copyright 2016, IPTC, www.iptc.org, Rights Reserved</copyrightNotice>
        <usageTerms href="http://creativecommons.org/licenses/by/4.0/">the Creative Commons
            Attribution (CC BY) 4.0 license applies to all NewsCodes</usageTerms>
    </rightsInfo>
    <itemMeta>
        <itemClass qcode="cinat:scheme"/>
        <provider uri="http://cv.iptc.org/newscodes/newsprovider/IPTC">
            <name>IPTC</name>
        </provider>
        <versionCreated>2016-06-13T15:15:32-04:00</versionCreated>
        <pubStatus qcode="stat:usable"/>
    </itemMeta>
    <contentMeta>
        <subject qcode="subj:15000000">
            <name xml:lang="en-US">sport</name>
            <name xml:lang="en-GB">sport</name>
        </subject>
        <subject qcode="subj:15054000">
            <name xml:lang="en-US">soccer</name>
            <name xml:lang="en-GB">soccer</name>
            <broader qcode="subj:15000000"/>
        </subject>
        <description>Results of penalties in soccer.</description>
    </contentMeta>
    <conceptSet>
        <concept id="spsocpenaltyresultplay-on">
            <conceptId qcode="spsocpenaltyresult:play-on" created="2016-05-02T00:00:00+00:00"/>
            <type qcode="cpnat:abstract"/>
            <name xml:lang="en-US">play-on</name>
            <name xml:lang="en-GB">play-on</name>
            <definition xml:lang="en-GB">Fouled team has advantage of the ball and is allowed to play
                on.</definition>
            <related uri="http://cv.iptc.org/newscodes/spsocpenaltyresult/" rel="skos:inScheme"/>
        </concept>
        <concept id="spsocpenaltyresultfreekick">
            <conceptId qcode="spsocpenaltyresult:freekick" created="2016-05-02T00:00:00+00:00"/>
            <type qcode="cpnat:abstract"/>
            <name xml:lang="en-US">freekick</name>
            <name xml:lang="en-GB">freekick</name>
            <definition xml:lang="en-GB">Fouled team is awarded a freekick.</definition>
            <related uri="http://cv.iptc.org/newscodes/spsocpenaltyresult/" rel="skos:inScheme"/>
        </concept>
        <concept id="spsocpenaltyresultindirect-freekick">
            <conceptId qcode="spsocpenaltyresult:indirect-freekick" created="2016-05-02T00:00:00+00:00"/>
            <type qcode="cpnat:abstract"/>
            <name xml:lang="en-US">indirect-freekick</name>
            <name xml:lang="en-GB">indirect-freekick</name>
            <definition xml:lang="en-GB">Fouled team is awarded a freekick.</definition>
            <related uri="http://cv.iptc.org/newscodes/spsocpenaltyresult/" rel="skos:inScheme"/>
        </concept>
        <concept id="spsocpenaltyresultdirect-freekick">
            <conceptId qcode="spsocpenaltyresult:direct-freekick" created="2016-05-02T00:00:00+00:00"/>
            <type qcode="cpnat:abstract"/>
            <name xml:lang="en-US">direct-freekick</name>
            <name xml:lang="en-GB">direct-freekick</name>
            <definition xml:lang="en-GB">Fouled team is awarded a freekick.</definition>
            <related uri="http://cv.iptc.org/newscodes/spsocpenaltyresult/" rel="skos:inScheme"/>
        </concept>
        <concept id="spsocpenaltyresultpenalty-shot">
            <conceptId qcode="spsocpenaltyresult:penalty-shot" created="2016-05-02T00:00:00+00:00"/>
            <type qcode="cpnat:abstract"/>
            <name xml:lang="en-US">penalty-shot</name>
            <name xml:lang="en-GB">penalty-shot</name>
            <definition xml:lang="en-GB">The foul occured in the penalty-shot area so the fouled team is awarded a
                penalty-shot.</definition>
            <related uri="http://cv.iptc.org/newscodes/spsocpenaltyresult/" rel="skos:inScheme"/>
        </concept>
    </conceptSet>
    <schemeMeta authority="http://www.iptc.org"
        uri="http://cv.iptc.org/newscodes/spsocpenaltyresult/"
        preferredalias="spsocpenaltyresult">
        <definition xml:lang="en-GB">Results of penalties in soccer.</definition>
        <name xml:lang="en-US">Soccer Penalty Results</name>
            <name xml:lang="en-GB">Soccer Penalty Results</name>
        <related qcode="spsocpenaltyresult:play-on" rel="skos:hasTopConcept"/>
        <related qcode="spsocpenaltyresult:freekick" rel="skos:hasTopConcept"/>
        <related qcode="spsocpenaltyresult:indirect-freekick" rel="skos:hasTopConcept"/>
        <related qcode="spsocpenaltyresult:direct-freekick" rel="skos:hasTopConcept"/>
        <related qcode="spsocpenaltyresult:penalty-shot" rel="skos:hasTopConcept"/>
        <schemeMetaExtProperty rel="ikos:availLang" value="en-US"/>
        <schemeMetaExtProperty rel="ikos:availLang" value="en-GB"/>
    </schemeMeta>
</knowledgeItem>
