<knowledgeItem xmlns="http://iptc.org/std/nar/2006-10-01/" standard="NewsML-G2"
    standardversion="2.18" conformance="power"
    guid="urn:newsml:iptc.org:20080229:srcncdki-spsocpenalty" version="1">
    <catalogRef href="http://www.iptc.org/std/catalog/catalog.IPTC-G2-Standards_25.xml"/>
    <catalogRef href="http://www.iptc.org/std/catalog/catalog.IPTC-Sports_1.xml"/>
    <rightsInfo>
        <copyrightHolder uri="http://cv.iptc.org/newscodes/newsprovider/IPTC">
            <name>IPTC - International Press Telecommunications Council</name>
        </copyrightHolder>
        <copyrightNotice>Copyright 2016, IPTC, www.iptc.org, Rights Reserved</copyrightNotice>
        <usageTerms href="http://creativecommons.org/licenses/by/4.0/">the Creative Commons
            Attribution (CC BY) 4.0 license applies to all NewsCodes</usageTerms>
    </rightsInfo>
    <itemMeta>
        <itemClass qcode="cinat:scheme"/>
        <provider uri="http://cv.iptc.org/newscodes/newsprovider/IPTC">
            <name>IPTC</name>
        </provider>
        <versionCreated>2016-06-13T15:15:32-04:00</versionCreated>
        <pubStatus qcode="stat:usable"/>
    </itemMeta>
    <contentMeta>
        <subject qcode="subj:15000000">
            <name xml:lang="en-US">sport</name>
            <name xml:lang="en-GB">sport</name>
        </subject>
        <subject qcode="subj:15054000">
            <name xml:lang="en-US">soccer</name>
            <name xml:lang="en-GB">soccer</name>
            <broader qcode="subj:15000000"/>
        </subject>
        <description>Types of penalty in soccer.</description>
    </contentMeta>
    <conceptSet>
        <concept id="spsocpenaltyserious-infraction-play">
            <conceptId qcode="spsocpenalty:serious-infraction-play" created="2016-05-02T00:00:00+00:00"/>
            <type qcode="cpnat:abstract"/>
            <name xml:lang="en-US">serious-infraction-play</name>
            <name xml:lang="en-GB">serious-infraction-play</name>
            <definition xml:lang="en-GB">The player has committed a serious foul play. | This leads to a player being
                sent of the field (red card).</definition>
            <related uri="http://cv.iptc.org/newscodes/spsocpenalty/" rel="skos:inScheme"/>
        </concept>
        <concept id="spsocpenaltyviolent-conduct">
            <conceptId qcode="spsocpenalty:violent-conduct" created="2016-05-02T00:00:00+00:00"/>
            <type qcode="cpnat:abstract"/>
            <name xml:lang="en-US">violent-conduct</name>
            <name xml:lang="en-GB">violent-conduct</name>
            <definition xml:lang="en-GB">The player has committed a violent conduct. | This leads to a player being
                sent off the field (red card).</definition>
            <related uri="http://cv.iptc.org/newscodes/spsocpenalty/" rel="skos:inScheme"/>
        </concept>
        <concept id="spsocpenaltyspitting">
            <conceptId qcode="spsocpenalty:spitting" created="2016-05-02T00:00:00+00:00"/>
            <type qcode="cpnat:abstract"/>
            <name xml:lang="en-US">spitting</name>
            <name xml:lang="en-GB">spitting</name>
            <definition xml:lang="en-GB">The player has spitted at an opponent or any other person. | This leads to a
                player being sent off the field (red card).</definition>
            <related uri="http://cv.iptc.org/newscodes/spsocpenalty/" rel="skos:inScheme"/>
        </concept>
        <concept id="spsocpenaltyoffensive-language">
            <conceptId qcode="spsocpenalty:offensive-language" created="2016-05-02T00:00:00+00:00"/>
            <type qcode="cpnat:abstract"/>
            <name xml:lang="en-US">offensive-language</name>
            <name xml:lang="en-GB">offensive-language</name>
            <definition xml:lang="en-GB">The player has used offensive, insulting or abusive language. | This leads
                to a player being sent off the field (red card).</definition>
            <related uri="http://cv.iptc.org/newscodes/spsocpenalty/" rel="skos:inScheme"/>
        </concept>
        <concept id="spsocpenaltyoffensive-gestures">
            <conceptId qcode="spsocpenalty:offensive-gestures" created="2016-05-02T00:00:00+00:00"/>
            <type qcode="cpnat:abstract"/>
            <name xml:lang="en-US">offensive-gestures</name>
            <name xml:lang="en-GB">offensive-gestures</name>
            <definition xml:lang="en-GB">The player has used offensive, insulting or abusive gestures. | This leads
                to a player being sent off the field (red card).</definition>
            <related uri="http://cv.iptc.org/newscodes/spsocpenalty/" rel="skos:inScheme"/>
        </concept>
        <concept id="spsocpenaltyprofessional-infraction">
            <conceptId qcode="spsocpenalty:professional-infraction" created="2016-05-02T00:00:00+00:00"/>
            <type qcode="cpnat:abstract"/>
            <name xml:lang="en-US">professional-infraction</name>
            <name xml:lang="en-GB">professional-infraction</name>
            <definition xml:lang="en-GB">When a player denies another player an obvious goalscoring opportunity by
                foul. | This action leads to the player being sent off the field.</definition>
            <related uri="http://cv.iptc.org/newscodes/spsocpenalty/" rel="skos:inScheme"/>
        </concept>
        <concept id="spsocpenaltyunsporting-behaviour">
            <conceptId qcode="spsocpenalty:unsporting-behaviour" created="2016-05-02T00:00:00+00:00"/>
            <type qcode="cpnat:abstract"/>
            <name xml:lang="en-US">unsporting-behaviour</name>
            <name xml:lang="en-GB">unsporting-behaviour</name>
            <definition xml:lang="en-GB">The player has been doing unsporting behaviour. | This leads to a player
                being given a caution (yellow card).</definition>
            <related uri="http://cv.iptc.org/newscodes/spsocpenalty/" rel="skos:inScheme"/>
        </concept>
        <concept id="spsocpenaltydelaying-restart">
            <conceptId qcode="spsocpenalty:delaying-restart" created="2016-05-02T00:00:00+00:00"/>
            <type qcode="cpnat:abstract"/>
            <name xml:lang="en-US">delaying-restart</name>
            <name xml:lang="en-GB">delaying-restart</name>
            <definition xml:lang="en-GB">The player has delayed the restart of play. | This leads to a player being
                given a caution (yellow card).</definition>
            <related uri="http://cv.iptc.org/newscodes/spsocpenalty/" rel="skos:inScheme"/>
        </concept>
        <concept id="spsocpenaltyillegal-reentry">
            <conceptId qcode="spsocpenalty:illegal-reentry" created="2016-05-02T00:00:00+00:00"/>
            <type qcode="cpnat:abstract"/>
            <name xml:lang="en-US">illegal-reentry</name>
            <name xml:lang="en-GB">illegal-reentry</name>
            <definition xml:lang="en-GB">The player re-entered the ﬁeld of play without the referee’s permission. |
                This leads to a player being given a caution (yellow card).</definition>
            <related uri="http://cv.iptc.org/newscodes/spsocpenalty/" rel="skos:inScheme"/>
        </concept>
        <concept id="spsocpenaltyillegal-entry">
            <conceptId qcode="spsocpenalty:illegal-entry" created="2016-05-02T00:00:00+00:00"/>
            <type qcode="cpnat:abstract"/>
            <name xml:lang="en-US">illegal-entry</name>
            <name xml:lang="en-GB">illegal-entry</name>
            <definition xml:lang="en-GB">The player entered the ﬁeld of play without the referee’s permission. | This
                leads to a player being given a caution (yellow card).</definition>
            <related uri="http://cv.iptc.org/newscodes/spsocpenalty/" rel="skos:inScheme"/>
        </concept>
        <concept id="spsocpenaltyrequired-distance-foul">
            <conceptId qcode="spsocpenalty:required-distance-foul" created="2016-05-02T00:00:00+00:00"/>
            <type qcode="cpnat:abstract"/>
            <name xml:lang="en-US">required-distance-foul</name>
            <name xml:lang="en-GB">required-distance-foul</name>
            <definition xml:lang="en-GB">The played has failed to respect the required distance when play is
                restarted with a corner kick, free kick or throw-in. | This leads to a player being
                given a caution (yellow card).</definition>
            <related uri="http://cv.iptc.org/newscodes/spsocpenalty/" rel="skos:inScheme"/>
        </concept>
        <concept id="spsocpenaltyillegal-exit">
            <conceptId qcode="spsocpenalty:illegal-exit" created="2016-05-02T00:00:00+00:00"/>
            <type qcode="cpnat:abstract"/>
            <name xml:lang="en-US">illegal-exit</name>
            <name xml:lang="en-GB">illegal-exit</name>
            <definition xml:lang="en-GB">The player has deliberately left the field of play without the referee’s
                permission. | This leads to a player being given a caution (yellow
                card).</definition>
            <related uri="http://cv.iptc.org/newscodes/spsocpenalty/" rel="skos:inScheme"/>
        </concept>
        <concept id="spsocpenaltyhand-ball">
            <conceptId qcode="spsocpenalty:hand-ball" created="2016-05-02T00:00:00+00:00"/>
            <type qcode="cpnat:abstract"/>
            <name xml:lang="en-US">hand-ball</name>
            <name xml:lang="en-GB">hand-ball</name>
            <definition/>
            <related uri="http://cv.iptc.org/newscodes/spsocpenalty/" rel="skos:inScheme"/>
        </concept>
        <concept id="spsocpenaltytackle">
            <conceptId qcode="spsocpenalty:tackle" created="2016-05-02T00:00:00+00:00"/>
            <type qcode="cpnat:abstract"/>
            <name xml:lang="en-US">tackle</name>
            <name xml:lang="en-GB">tackle</name>
            <definition/>
            <related uri="http://cv.iptc.org/newscodes/spsocpenalty/" rel="skos:inScheme"/>
        </concept>
    </conceptSet>
    <schemeMeta authority="http://www.iptc.org" uri="http://cv.iptc.org/newscodes/spsocpenalty/"
        preferredalias="spsocpenalty">
        <definition xml:lang="en-GB">Types of penalty in soccer.</definition>
        <name xml:lang="en-US">Soccer Penalties</name>
            <name xml:lang="en-GB">Soccer Penalties</name>
        <related qcode="spsocpenalty:serious-infraction-play" rel="skos:hasTopConcept"/>
        <related qcode="spsocpenalty:violent-conduct" rel="skos:hasTopConcept"/>
        <related qcode="spsocpenalty:spitting" rel="skos:hasTopConcept"/>
        <related qcode="spsocpenalty:offensive-language" rel="skos:hasTopConcept"/>
        <related qcode="spsocpenalty:offensive-gestures" rel="skos:hasTopConcept"/>
        <related qcode="spsocpenalty:professional-infraction" rel="skos:hasTopConcept"/>
        <related qcode="spsocpenalty:unsporting-behaviour" rel="skos:hasTopConcept"/>
        <related qcode="spsocpenalty:delaying-restart" rel="skos:hasTopConcept"/>
        <related qcode="spsocpenalty:illegal-reentry" rel="skos:hasTopConcept"/>
        <related qcode="spsocpenalty:illegal-entry" rel="skos:hasTopConcept"/>
        <related qcode="spsocpenalty:required-distance-foul" rel="skos:hasTopConcept"/>
        <related qcode="spsocpenalty:illegal-exit" rel="skos:hasTopConcept"/>
        <related qcode="spsocpenalty:hand-ball" rel="skos:hasTopConcept"/>
        <related qcode="spsocpenalty:tackle" rel="skos:hasTopConcept"/>
        <schemeMetaExtProperty rel="ikos:availLang" value="en-US"/>
        <schemeMetaExtProperty rel="ikos:availLang" value="en-GB"/>
    </schemeMeta>
</knowledgeItem>
