<knowledgeItem xmlns="http://iptc.org/std/nar/2006-10-01/" standard="NewsML-G2"
    standardversion="2.18" conformance="power"
    guid="urn:newsml:iptc.org:20080229:srcncdki-spsocscoreattemptmethod" version="1">
    <catalogRef href="http://www.iptc.org/std/catalog/catalog.IPTC-G2-Standards_25.xml"/>
    <catalogRef href="http://www.iptc.org/std/catalog/catalog.IPTC-Sports_1.xml"/>
    <rightsInfo>
        <copyrightHolder uri="http://cv.iptc.org/newscodes/newsprovider/IPTC">
            <name>IPTC - International Press Telecommunications Council</name>
        </copyrightHolder>
        <copyrightNotice>Copyright 2016, IPTC, www.iptc.org, Rights Reserved</copyrightNotice>
        <usageTerms href="http://creativecommons.org/licenses/by/4.0/">the Creative Commons
            Attribution (CC BY) 4.0 license applies to all NewsCodes</usageTerms>
    </rightsInfo>
    <itemMeta>
        <itemClass qcode="cinat:scheme"/>
        <provider uri="http://cv.iptc.org/newscodes/newsprovider/IPTC">
            <name>IPTC</name>
        </provider>
        <versionCreated>2016-06-13T15:15:32-04:00</versionCreated>
        <pubStatus qcode="stat:usable"/>
    </itemMeta>
    <contentMeta>
        <subject qcode="subj:15000000">
            <name xml:lang="en-US">sport</name>
            <name xml:lang="en-GB">sport</name>
        </subject>
        <subject qcode="subj:15054000">
            <name xml:lang="en-US">soccer</name>
            <name xml:lang="en-GB">soccer</name>
            <broader qcode="subj:15000000"/>
        </subject>
        <description>Methods of soccer scoring used by a player.</description>
    </contentMeta>
    <conceptSet>
        <concept id="spsocscoreattemptmethodhead">
            <conceptId qcode="spsocscoreattemptmethod:head" created="2016-05-02T00:00:00+00:00"/>
            <type qcode="cpnat:abstract"/>
            <name xml:lang="en-US">head</name>
            <name xml:lang="en-GB">head</name>
            <definition/>
            <related uri="http://cv.iptc.org/newscodes/spsocscoreattemptmethod/" rel="skos:inScheme"
            />
        </concept>
        <concept id="spsocscoreattemptmethodbicycle-kick">
            <conceptId qcode="spsocscoreattemptmethod:bicycle-kick" created="2016-05-02T00:00:00+00:00"/>
            <type qcode="cpnat:abstract"/>
            <name xml:lang="en-US">bicycle-kick</name>
            <name xml:lang="en-GB">bicycle-kick</name>
            <definition/>
            <related uri="http://cv.iptc.org/newscodes/spsocscoreattemptmethod/" rel="skos:inScheme"
            />
        </concept>
        <concept id="spsocscoreattemptmethodlob">
            <conceptId qcode="spsocscoreattemptmethod:lob" created="2016-05-02T00:00:00+00:00"/>
            <type qcode="cpnat:abstract"/>
            <name xml:lang="en-US">lob</name>
            <name xml:lang="en-GB">lob</name>
            <definition/>
            <related uri="http://cv.iptc.org/newscodes/spsocscoreattemptmethod/" rel="skos:inScheme"
            />
        </concept>
        <concept id="spsocscoreattemptmethodchip">
            <conceptId qcode="spsocscoreattemptmethod:chip" created="2016-05-02T00:00:00+00:00"/>
            <type qcode="cpnat:abstract"/>
            <name xml:lang="en-US">chip</name>
            <name xml:lang="en-GB">chip</name>
            <definition/>
            <related uri="http://cv.iptc.org/newscodes/spsocscoreattemptmethod/" rel="skos:inScheme"
            />
        </concept>
        <concept id="spsocscoreattemptmethodfoot">
            <conceptId qcode="spsocscoreattemptmethod:foot" created="2016-05-02T00:00:00+00:00"/>
            <type qcode="cpnat:abstract"/>
            <name xml:lang="en-US">foot</name>
            <name xml:lang="en-GB">foot</name>
            <definition/>
            <related uri="http://cv.iptc.org/newscodes/spsocscoreattemptmethod/" rel="skos:inScheme"
            />
        </concept>
        <concept id="spsocscoreattemptmethodchest">
            <conceptId qcode="spsocscoreattemptmethod:chest" created="2016-05-02T00:00:00+00:00"/>
            <type qcode="cpnat:abstract"/>
            <name xml:lang="en-US">chest</name>
            <name xml:lang="en-GB">chest</name>
            <definition/>
            <related uri="http://cv.iptc.org/newscodes/spsocscoreattemptmethod/" rel="skos:inScheme"
            />
        </concept>
        <concept id="spsocscoreattemptmethodknee">
            <conceptId qcode="spsocscoreattemptmethod:knee" created="2016-05-02T00:00:00+00:00"/>
            <type qcode="cpnat:abstract"/>
            <name xml:lang="en-US">knee</name>
            <name xml:lang="en-GB">knee</name>
            <definition/>
            <related uri="http://cv.iptc.org/newscodes/spsocscoreattemptmethod/" rel="skos:inScheme"
            />
        </concept>
        <concept id="spsocscoreattemptmethodthigh">
            <conceptId qcode="spsocscoreattemptmethod:thigh" created="2016-05-02T00:00:00+00:00"/>
            <type qcode="cpnat:abstract"/>
            <name xml:lang="en-US">thigh</name>
            <name xml:lang="en-GB">thigh</name>
            <definition/>
            <related uri="http://cv.iptc.org/newscodes/spsocscoreattemptmethod/" rel="skos:inScheme"
            />
        </concept>
        <concept id="spsocscoreattemptmethodback">
            <conceptId qcode="spsocscoreattemptmethod:back" created="2016-05-02T00:00:00+00:00"/>
            <type qcode="cpnat:abstract"/>
            <name xml:lang="en-US">back</name>
            <name xml:lang="en-GB">back</name>
            <definition/>
            <related uri="http://cv.iptc.org/newscodes/spsocscoreattemptmethod/" rel="skos:inScheme"
            />
        </concept>
    </conceptSet>
    <schemeMeta authority="http://www.iptc.org"
        uri="http://cv.iptc.org/newscodes/spsocscoreattemptmethod/"
        preferredalias="spsocscoreattemptmethod">
        <definition xml:lang="en-GB">Methods of soccer scoring used by a player.</definition>
        <name xml:lang="en-US">Soccer Scoring Methods</name>
            <name xml:lang="en-GB">Soccer Scoring Methods</name>
        <related qcode="spsocscoreattemptmethod:head" rel="skos:hasTopConcept"/>
        <related qcode="spsocscoreattemptmethod:bicycle-kick" rel="skos:hasTopConcept"/>
        <related qcode="spsocscoreattemptmethod:lob" rel="skos:hasTopConcept"/>
        <related qcode="spsocscoreattemptmethod:chip" rel="skos:hasTopConcept"/>
        <related qcode="spsocscoreattemptmethod:foot" rel="skos:hasTopConcept"/>
        <related qcode="spsocscoreattemptmethod:chest" rel="skos:hasTopConcept"/>
        <related qcode="spsocscoreattemptmethod:knee" rel="skos:hasTopConcept"/>
        <related qcode="spsocscoreattemptmethod:thigh" rel="skos:hasTopConcept"/>
        <related qcode="spsocscoreattemptmethod:back" rel="skos:hasTopConcept"/>
        <schemeMetaExtProperty rel="ikos:availLang" value="en-US"/>
        <schemeMetaExtProperty rel="ikos:availLang" value="en-GB"/>
    </schemeMeta>
</knowledgeItem>
