<knowledgeItem xmlns="http://iptc.org/std/nar/2006-10-01/" standard="NewsML-G2"
    standardversion="2.18" conformance="power"
    guid="urn:newsml:iptc.org:20080229:srcncdki-spsocscoreattempt" version="1">
    <catalogRef href="http://www.iptc.org/std/catalog/catalog.IPTC-G2-Standards_25.xml"/>
    <catalogRef href="http://www.iptc.org/std/catalog/catalog.IPTC-Sports_1.xml"/>
    <rightsInfo>
        <copyrightHolder uri="http://cv.iptc.org/newscodes/newsprovider/IPTC">
            <name>IPTC - International Press Telecommunications Council</name>
        </copyrightHolder>
        <copyrightNotice>Copyright 2016, IPTC, www.iptc.org, Rights Reserved</copyrightNotice>
        <usageTerms href="http://creativecommons.org/licenses/by/4.0/">the Creative Commons
            Attribution (CC BY) 4.0 license applies to all NewsCodes</usageTerms>
    </rightsInfo>
    <itemMeta>
        <itemClass qcode="cinat:scheme"/>
        <provider uri="http://cv.iptc.org/newscodes/newsprovider/IPTC">
            <name>IPTC</name>
        </provider>
        <versionCreated>2016-06-13T15:15:32-04:00</versionCreated>
        <pubStatus qcode="stat:usable"/>
    </itemMeta>
    <contentMeta>
        <subject qcode="subj:15000000">
            <name xml:lang="en-US">sport</name>
            <name xml:lang="en-GB">sport</name>
        </subject>
        <subject qcode="subj:15054000">
            <name xml:lang="en-US">soccer</name>
            <name xml:lang="en-GB">soccer</name>
            <broader qcode="subj:15000000"/>
        </subject>
        <description>Types of scoring in soccer.</description>
    </contentMeta>
    <conceptSet>
        <concept id="spsocscoreattemptregular">
            <conceptId qcode="spsocscoreattempt:regular" created="2016-05-02T00:00:00+00:00"/>
            <type qcode="cpnat:abstract"/>
            <name xml:lang="en-US">regular</name>
            <name xml:lang="en-GB">regular</name>
            <definition xml:lang="en-GB">The score attempt is made during regular play.</definition>
            <related uri="http://cv.iptc.org/newscodes/spsocscoreattempt/" rel="skos:inScheme"/>
        </concept>
        <concept id="spsocscoreattemptpenalty">
            <conceptId qcode="spsocscoreattempt:penalty" created="2016-05-02T00:00:00+00:00"/>
            <type qcode="cpnat:abstract"/>
            <name xml:lang="en-US">penalty</name>
            <name xml:lang="en-GB">penalty</name>
            <definition xml:lang="en-GB">The score attempt is made as a penalty shot.</definition>
            <related uri="http://cv.iptc.org/newscodes/spsocscoreattempt/" rel="skos:inScheme"/>
        </concept>
        <concept id="spsocscoreattemptshootout">
            <conceptId qcode="spsocscoreattempt:shootout" created="2016-05-02T00:00:00+00:00"/>
            <type qcode="cpnat:abstract"/>
            <name xml:lang="en-US">penalty</name>
            <name xml:lang="en-GB">penalty</name>
            <definition xml:lang="en-GB">The score attempt is made as a shootout during tiebreaker.</definition>
            <related uri="http://cv.iptc.org/newscodes/spsocscoreattempt/" rel="skos:inScheme"/>
        </concept>
        <concept id="spsocscoreattemptfreekick">
            <conceptId qcode="spsocscoreattempt:freekick" created="2016-05-02T00:00:00+00:00"/>
            <type qcode="cpnat:abstract"/>
            <name xml:lang="en-US">freekick</name>
            <name xml:lang="en-GB">freekick</name>
            <definition xml:lang="en-GB">The score attempt is made as a free kick.</definition>
            <related uri="http://cv.iptc.org/newscodes/spsocscoreattempt/" rel="skos:inScheme"/>
        </concept>
        <concept id="spsocscoreattemptcorner-kick">
            <conceptId qcode="spsocscoreattempt:corner-kick" created="2016-05-02T00:00:00+00:00"/>
            <type qcode="cpnat:abstract"/>
            <name xml:lang="en-US">corner-kick</name>
            <name xml:lang="en-GB">corner-kick</name>
            <definition xml:lang="en-GB">The score attempt is made as a kick from the corner.</definition>
            <related uri="http://cv.iptc.org/newscodes/spsocscoreattempt/" rel="skos:inScheme"/>
        </concept>
        <concept id="spsocscoreattemptopen-goal">
            <conceptId qcode="spsocscoreattempt:open-goal" created="2016-05-02T00:00:00+00:00"/>
            <type qcode="cpnat:abstract"/>
            <name xml:lang="en-US">open-goal</name>
            <name xml:lang="en-GB">open-goal</name>
            <definition xml:lang="en-GB">The score attempt is made when there is no goal-keeper in place, but still
                on the field.</definition>
            <related uri="http://cv.iptc.org/newscodes/spsocscoreattempt/" rel="skos:inScheme"/>
        </concept>
        <concept id="spsocscoreattemptown-goal">
            <conceptId qcode="spsocscoreattempt:own-goal" created="2016-05-02T00:00:00+00:00"/>
            <type qcode="cpnat:abstract"/>
            <name xml:lang="en-US">own-goal</name>
            <name xml:lang="en-GB">own-goal</name>
            <definition xml:lang="en-GB">The score attempt is made towards the own goal.</definition>
            <related uri="http://cv.iptc.org/newscodes/spsocscoreattempt/" rel="skos:inScheme"/>
        </concept>
    </conceptSet>
    <schemeMeta authority="http://www.iptc.org"
        uri="http://cv.iptc.org/newscodes/spsocscoreattempt/" preferredalias="spsocscoreattempt">
        <definition xml:lang="en-GB">Types of scoring in soccer.</definition>
        <name xml:lang="en-US">Soccer Score Types</name>
            <name xml:lang="en-GB">Soccer Score Types</name>
        <related qcode="spsocscoreattempt:regular" rel="skos:hasTopConcept"/>
        <related qcode="spsocscoreattempt:penalty" rel="skos:hasTopConcept"/>
        <related qcode="spsocscoreattempt:shootout" rel="skos:hasTopConcept"/>
        <related qcode="spsocscoreattempt:freekick" rel="skos:hasTopConcept"/>
        <related qcode="spsocscoreattempt:corner-kick" rel="skos:hasTopConcept"/>
        <related qcode="spsocscoreattempt:open-goal" rel="skos:hasTopConcept"/>
        <related qcode="spsocscoreattempt:own-goal" rel="skos:hasTopConcept"/>
        <schemeMetaExtProperty rel="ikos:availLang" value="en-US"/>
        <schemeMetaExtProperty rel="ikos:availLang" value="en-GB"/>
    </schemeMeta>
</knowledgeItem>
