<knowledgeItem xmlns="http://iptc.org/std/nar/2006-10-01/" standard="NewsML-G2"
    standardversion="2.18" conformance="power"
    guid="urn:newsml:iptc.org:20080229:srcncdki-spsocscoreattemptresult" version="1">
    <catalogRef href="http://www.iptc.org/std/catalog/catalog.IPTC-G2-Standards_25.xml"/>
    <catalogRef href="http://www.iptc.org/std/catalog/catalog.IPTC-Sports_1.xml"/>
    <rightsInfo>
        <copyrightHolder uri="http://cv.iptc.org/newscodes/newsprovider/IPTC">
            <name>IPTC - International Press Telecommunications Council</name>
        </copyrightHolder>
        <copyrightNotice>Copyright 2016, IPTC, www.iptc.org, Rights Reserved</copyrightNotice>
        <usageTerms href="http://creativecommons.org/licenses/by/4.0/">the Creative Commons
            Attribution (CC BY) 4.0 license applies to all NewsCodes</usageTerms>
    </rightsInfo>
    <itemMeta>
        <itemClass qcode="cinat:scheme"/>
        <provider uri="http://cv.iptc.org/newscodes/newsprovider/IPTC">
            <name>IPTC</name>
        </provider>
        <versionCreated>2016-06-13T15:15:32-04:00</versionCreated>
        <pubStatus qcode="stat:usable"/>
    </itemMeta>
    <contentMeta>
        <subject qcode="subj:15000000">
            <name xml:lang="en-US">sport</name>
            <name xml:lang="en-GB">sport</name>
        </subject>
        <subject qcode="subj:15054000">
            <name xml:lang="en-US">soccer</name>
            <name xml:lang="en-GB">soccer</name>
            <broader qcode="subj:15000000"/>
        </subject>
        <description>Results of scoring attempts in soccer.</description>
    </contentMeta>
    <conceptSet>
        <concept id="spsocscoreattemptresultgoal">
            <conceptId qcode="spsocscoreattemptresult:goal" created="2016-05-02T00:00:00+00:00"/>
            <type qcode="cpnat:abstract"/>
            <name xml:lang="en-US">goal</name>
            <name xml:lang="en-GB">goal</name>
            <definition xml:lang="en-GB">The shot was successful.</definition>
            <related uri="http://cv.iptc.org/newscodes/spsocscoreattemptresult/" rel="skos:inScheme"
            />
        </concept>
        <concept id="spsocscoreattemptresultmissed">
            <conceptId qcode="spsocscoreattemptresult:missed" created="2016-05-02T00:00:00+00:00"/>
            <type qcode="cpnat:abstract"/>
            <name xml:lang="en-US">missed</name>
            <name xml:lang="en-GB">missed</name>
            <definition xml:lang="en-GB">The ball missed the goal completely.</definition>
            <related uri="http://cv.iptc.org/newscodes/spsocscoreattemptresult/" rel="skos:inScheme"
            />
        </concept>
        <concept id="spsocscoreattemptresultblocked">
            <conceptId qcode="spsocscoreattemptresult:blocked" created="2016-05-02T00:00:00+00:00"/>
            <type qcode="cpnat:abstract"/>
            <name xml:lang="en-US">blocked</name>
            <name xml:lang="en-GB">blocked</name>
            <definition xml:lang="en-GB">A non-goalkeeper diverted the shot from reaching the goal.</definition>
            <related uri="http://cv.iptc.org/newscodes/spsocscoreattemptresult/" rel="skos:inScheme"
            />
        </concept>
        <concept id="spsocscoreattemptresultsaved">
            <conceptId qcode="spsocscoreattemptresult:saved" created="2016-05-02T00:00:00+00:00"/>
            <type qcode="cpnat:abstract"/>
            <name xml:lang="en-US">saved</name>
            <name xml:lang="en-GB">saved</name>
            <definition xml:lang="en-GB">The goalie has stopped the shot.</definition>
            <related uri="http://cv.iptc.org/newscodes/spsocscoreattemptresult/" rel="skos:inScheme"
            />
        </concept>
        <concept id="spsocscoreattemptresultoff-post">
            <conceptId qcode="spsocscoreattemptresult:off-post" created="2016-05-02T00:00:00+00:00"/>
            <type qcode="cpnat:abstract"/>
            <name xml:lang="en-US">off-post</name>
            <name xml:lang="en-GB">off-post</name>
            <definition xml:lang="en-GB">The side framework of the goal blocked the shot.</definition>
            <related uri="http://cv.iptc.org/newscodes/spsocscoreattemptresult/" rel="skos:inScheme"
            />
        </concept>
        <concept id="spsocscoreattemptresultoff-bar">
            <conceptId qcode="spsocscoreattemptresult:off-bar" created="2016-05-02T00:00:00+00:00"/>
            <type qcode="cpnat:abstract"/>
            <name xml:lang="en-US">off-bar</name>
            <name xml:lang="en-GB">off-bar</name>
            <definition xml:lang="en-GB">The top framework of the goal blocked the shot.</definition>
            <related uri="http://cv.iptc.org/newscodes/spsocscoreattemptresult/" rel="skos:inScheme"
            />
        </concept>
        <concept id="spsocscoreattemptresultoff-frame">
            <conceptId qcode="spsocscoreattemptresult:off-frame" created="2016-05-02T00:00:00+00:00"/>
            <type qcode="cpnat:abstract"/>
            <name xml:lang="en-US">off-frame</name>
            <name xml:lang="en-GB">off-frame</name>
            <definition xml:lang="en-GB">The framework of the goal blocked the shot.</definition>
            <related uri="http://cv.iptc.org/newscodes/spsocscoreattemptresult/" rel="skos:inScheme"
            />
        </concept>
    </conceptSet>
    <schemeMeta authority="http://www.iptc.org"
        uri="http://cv.iptc.org/newscodes/spsocscoreattemptresult/"
        preferredalias="spsocscoreattemptresult">
        <definition xml:lang="en-GB">Results of scoring attempts in soccer.</definition>
        <name xml:lang="en-US">Soccer Score Attempt Types</name>
            <name xml:lang="en-GB">Soccer Score Attempt Types</name>
        <related qcode="spsocscoreattemptresult:goal" rel="skos:hasTopConcept"/>
        <related qcode="spsocscoreattemptresult:missed" rel="skos:hasTopConcept"/>
        <related qcode="spsocscoreattemptresult:blocked" rel="skos:hasTopConcept"/>
        <related qcode="spsocscoreattemptresult:saved" rel="skos:hasTopConcept"/>
        <related qcode="spsocscoreattemptresult:off-post" rel="skos:hasTopConcept"/>
        <related qcode="spsocscoreattemptresult:off-bar" rel="skos:hasTopConcept"/>
        <related qcode="spsocscoreattemptresult:off-frame" rel="skos:hasTopConcept"/>
        <schemeMetaExtProperty rel="ikos:availLang" value="en-US"/>
        <schemeMetaExtProperty rel="ikos:availLang" value="en-GB"/>
    </schemeMeta>
</knowledgeItem>
