<knowledgeItem xmlns="http://iptc.org/std/nar/2006-10-01/"
	xmlns:xs="http://www.w3.org/2001/XMLSchema" xmlns:newsml="http://iptc.org/std/nar/2006-10-01/"
	standard="NewsML-G2" standardversion="2.18" conformance="power"
	guid="urn:newsml:iptc.org:20080229:srcncdki-spsocstat" version="1">
	<catalogRef href="http://www.iptc.org/std/catalog/catalog.IPTC-G2-Standards_25.xml"/>
	<rightsInfo>
		<copyrightHolder uri="http://cv.iptc.org/newscodes/newsprovider/IPTC">
			<name>IPTC - International Press Telecommunications Council</name>
		</copyrightHolder>
		<copyrightNotice>Copyright 2016, IPTC, www.iptc.org, Rights Reserved</copyrightNotice>
		<usageTerms href="http://creativecommons.org/licenses/by/4.0/">the Creative Commons
			Attribution (CC BY) 4.0 license applies to all NewsCodes</usageTerms>
	</rightsInfo>
	<itemMeta>
		<itemClass qcode="cinat:scheme"/>
		<provider uri="http://cv.iptc.org/newscodes/newsprovider/IPTC">
			<name>IPTC</name>
		</provider>
		<versionCreated>2016-06-13T15:15:32-04:00</versionCreated>
		<pubStatus qcode="stat:usable"/>
	</itemMeta>
	<contentMeta>
		<subject qcode="subj:15000000">
			<name xml:lang="en-US">sport</name>
            <name xml:lang="en-GB">sport</name>
		</subject>
		<subject qcode="subj:15054000">
			<name xml:lang="en-US">soccer</name>
            <name xml:lang="en-GB">soccer</name>
			<broader qcode="subj:15000000"/>
		</subject>
		<description>Vocabulary of statistics for Soccer</description>
	</contentMeta>
	<conceptSet>
		<concept id="spsocstatline-formation-row">
			<conceptId qcode="spsocstat:line-formation-row" created="2016-05-02T00:00:00+00:00"/>
            <type qcode="cpnat:abstract"/>
			<name xml:lang="en-US">line-formation-row</name>
            <name xml:lang="en-GB">line-formation-row</name>
			<definition xml:lang="en-GB">Integer value ascending from closest to the goalkeeper. All players in the
				row closest to the goalkeeper have 1 as value, the next row 2, etc. Indicates row
				the player belonged to at the start of the game or when they entered the
				game.</definition>
			<related uri="http://cv.iptc.org/newscodes/spsocstat/" rel="skos:inScheme"/>
		</concept>
		<concept id="spsocstatline-formation-position">
			<conceptId qcode="spsocstat:line-formation-position" created="2016-05-02T00:00:00+00:00"/>
            <type qcode="cpnat:abstract"/>
			<name xml:lang="en-US">line-formation-position</name>
            <name xml:lang="en-GB">line-formation-position</name>
			<definition xml:lang="en-GB">Integer value ascending from left side of field. Starts at 1 for the first
				player in each line-formation. | Indicates line-position player had at the start of
				the game or when the player entered the game.</definition>
			<related uri="http://cv.iptc.org/newscodes/spsocstat/" rel="skos:inScheme"/>
		</concept>
		<concept id="spsocstatline-formation">
			<conceptId qcode="spsocstat:line-formation" created="2016-05-02T00:00:00+00:00"/>
            <type qcode="cpnat:abstract"/>
			<name xml:lang="en-US">line-formation</name>
            <name xml:lang="en-GB">line-formation</name>
			<definition xml:lang="en-GB">String representing the formation of the team on the field starting from the
				back of the field. This can be written as 4-4-2 where the hyphens separates the
				lines on the field from the defense at left to the forwards to the right. Depending
				on the formation of the team other than three digits can be used, for example
				4-2-3-1.</definition>
			<related uri="http://cv.iptc.org/newscodes/spsocstat/" rel="skos:inScheme"/>
		</concept>
		<concept id="spsocstattime-entered-event">
			<conceptId qcode="spsocstat:time-entered-event" created="2016-05-02T00:00:00+00:00"/>
            <type qcode="cpnat:abstract"/>
			<name xml:lang="en-US">time-entered-event</name>
            <name xml:lang="en-GB">time-entered-event</name>
			<definition xml:lang="en-GB">Time in minutes when the player entered the event.</definition>
			<related uri="http://cv.iptc.org/newscodes/spsocstat/" rel="skos:inScheme"/>
		</concept>
		<concept id="spsocstattime-exited-event">
			<conceptId qcode="spsocstat:time-exited-event" created="2016-05-02T00:00:00+00:00"/>
            <type qcode="cpnat:abstract"/>
			<name xml:lang="en-US">time-exited-event</name>
            <name xml:lang="en-GB">time-exited-event</name>
			<definition xml:lang="en-GB">Time in minutes when the player exited the event.</definition>
			<related uri="http://cv.iptc.org/newscodes/spsocstat/" rel="skos:inScheme"/>
		</concept>
		<concept id="spsocstatgoals-game-winning">
			<conceptId qcode="spsocstat:goals-game-winning" created="2016-05-02T00:00:00+00:00"/>
            <type qcode="cpnat:abstract"/>
			<related qcode="spct:offense" rel="skos:broader"/>
			<name xml:lang="en-US">goals-game-winning</name>
            <name xml:lang="en-GB">goals-game-winning</name>
			<definition xml:lang="en-GB">Goals that meant winning a game.</definition>
			<related uri="http://cv.iptc.org/newscodes/spsocstat/" rel="skos:inScheme"/>
		</concept>
		<concept id="spsocstatgoals-game-tying">
			<conceptId qcode="spsocstat:goals-game-tying" created="2016-05-02T00:00:00+00:00"/>
            <type qcode="cpnat:abstract"/>
			<related qcode="spct:offense" rel="skos:broader"/>
			<name xml:lang="en-US">goals-game-tying</name>
            <name xml:lang="en-GB">goals-game-tying</name>
			<definition xml:lang="en-GB">Goals that meant tying a game.</definition>
			<related uri="http://cv.iptc.org/newscodes/spsocstat/" rel="skos:inScheme"/>
		</concept>
		<concept id="spsocstatgoals-overtime">
			<conceptId qcode="spsocstat:goals-overtime" created="2016-05-02T00:00:00+00:00"/>
            <type qcode="cpnat:abstract"/>
			<related qcode="spct:offense" rel="skos:broader"/>
			<name xml:lang="en-US">goals-overtime</name>
            <name xml:lang="en-GB">goals-overtime</name>
			<definition xml:lang="en-GB">Goals scored during overtime.</definition>
			<related uri="http://cv.iptc.org/newscodes/spsocstat/" rel="skos:inScheme"/>
		</concept>
		<concept id="spsocstatgoals-shootout">
			<conceptId qcode="spsocstat:goals-shootout" created="2016-05-02T00:00:00+00:00"/>
            <type qcode="cpnat:abstract"/>
			<related qcode="spct:offense" rel="skos:broader"/>
			<name xml:lang="en-US">goals-shootout</name>
            <name xml:lang="en-GB">goals-shootout</name>
			<definition xml:lang="en-GB">Goals scored during shootout.</definition>
			<related uri="http://cv.iptc.org/newscodes/spsocstat/" rel="skos:inScheme"/>
		</concept>
		<concept id="spsocstatgoals-total">
			<conceptId qcode="spsocstat:goals-total" created="2016-05-02T00:00:00+00:00"/>
            <type qcode="cpnat:abstract"/>
			<related qcode="spct:offense" rel="skos:broader"/>
			<name xml:lang="en-US">goals-total</name>
            <name xml:lang="en-GB">goals-total</name>
			<definition xml:lang="en-GB">Total number of goals by the team.</definition>
			<related uri="http://cv.iptc.org/newscodes/spsocstat/" rel="skos:inScheme"/>
		</concept>
		<concept id="spsocstatassists-game-winning">
			<conceptId qcode="spsocstat:assists-game-winning" created="2016-05-02T00:00:00+00:00"/>
            <type qcode="cpnat:abstract"/>
			<related qcode="spct:offense" rel="skos:broader"/>
			<name xml:lang="en-US">assists-game-winning</name>
            <name xml:lang="en-GB">assists-game-winning</name>
			<definition xml:lang="en-GB">Assists to goals that meant winning a game.</definition>
			<related uri="http://cv.iptc.org/newscodes/spsocstat/" rel="skos:inScheme"/>
		</concept>
		<concept id="spsocstatassists-game-tying">
			<conceptId qcode="spsocstat:assists-game-tying" created="2016-05-02T00:00:00+00:00"/>
            <type qcode="cpnat:abstract"/>
			<related qcode="spct:offense" rel="skos:broader"/>
			<name xml:lang="en-US">assists-game-tying</name>
            <name xml:lang="en-GB">assists-game-tying</name>
			<definition xml:lang="en-GB">Assists to goals that meant tying a game.</definition>
			<related uri="http://cv.iptc.org/newscodes/spsocstat/" rel="skos:inScheme"/>
		</concept>
		<concept id="spsocstatassists-overtime">
			<conceptId qcode="spsocstat:assists-overtime" created="2016-05-02T00:00:00+00:00"/>
            <type qcode="cpnat:abstract"/>
			<related qcode="spct:offense" rel="skos:broader"/>
			<name xml:lang="en-US">assists-overtime</name>
            <name xml:lang="en-GB">assists-overtime</name>
			<definition xml:lang="en-GB">Assists made on goals scored during overtime.</definition>
			<related uri="http://cv.iptc.org/newscodes/spsocstat/" rel="skos:inScheme"/>
		</concept>
		<concept id="spsocstatassists-total">
			<conceptId qcode="spsocstat:assists-total" created="2016-05-02T00:00:00+00:00"/>
            <type qcode="cpnat:abstract"/>
			<related qcode="spct:offense" rel="skos:broader"/>
			<name xml:lang="en-US">assists-total</name>
            <name xml:lang="en-GB">assists-total</name>
			<definition xml:lang="en-GB">Number of assists.</definition>
			<related uri="http://cv.iptc.org/newscodes/spsocstat/" rel="skos:inScheme"/>
		</concept>
		<concept id="spsocstatpoints">
			<conceptId qcode="spsocstat:points" created="2016-05-02T00:00:00+00:00"/>
            <type qcode="cpnat:abstract"/>
			<related qcode="spct:offense" rel="skos:broader"/>
			<name xml:lang="en-US">points</name>
            <name xml:lang="en-GB">points</name>
			<definition xml:lang="en-GB">Sum of goals and assists.</definition>
			<related uri="http://cv.iptc.org/newscodes/spsocstat/" rel="skos:inScheme"/>
		</concept>
		<concept id="spsocstatshots-total">
			<conceptId qcode="spsocstat:shots-total" created="2016-05-02T00:00:00+00:00"/>
            <type qcode="cpnat:abstract"/>
			<related qcode="spct:offense" rel="skos:broader"/>
			<name xml:lang="en-US">shots-total</name>
            <name xml:lang="en-GB">shots-total</name>
			<definition xml:lang="en-GB">Total number of shots made in attempt to score goal.</definition>
			<related uri="http://cv.iptc.org/newscodes/spsocstat/" rel="skos:inScheme"/>
		</concept>
		<concept id="spsocstatshots-on-goal-total">
			<conceptId qcode="spsocstat:shots-on-goal-total" created="2016-05-02T00:00:00+00:00"/>
            <type qcode="cpnat:abstract"/>
			<related qcode="spct:offense" rel="skos:broader"/>
			<name xml:lang="en-US">shots-on-goal-total</name>
            <name xml:lang="en-GB">shots-on-goal-total</name>
			<definition xml:lang="en-GB">Total number of shots on goal that did not hit the net.</definition>
			<related uri="http://cv.iptc.org/newscodes/spsocstat/" rel="skos:inScheme"/>
		</concept>
		<concept id="spsocstatshots-off-goal-total">
			<conceptId qcode="spsocstat:shots-off-goal-total" created="2016-05-02T00:00:00+00:00"/>
            <type qcode="cpnat:abstract"/>
			<related qcode="spct:offense" rel="skos:broader"/>
			<name xml:lang="en-US">shots-off-goal-total</name>
            <name xml:lang="en-GB">shots-off-goal-total</name>
			<definition xml:lang="en-GB">Total number of shots towards the goal, but that would have missed the
				target anyway.</definition>
			<related uri="http://cv.iptc.org/newscodes/spsocstat/" rel="skos:inScheme"/>
		</concept>
		<concept id="spsocstatshots-penalty-shot-taken">
			<conceptId qcode="spsocstat:shots-penalty-shot-taken" created="2016-05-02T00:00:00+00:00"/>
            <type qcode="cpnat:abstract"/>
			<related qcode="spct:offense" rel="skos:broader"/>
			<name xml:lang="en-US">shots-penalty-shot-taken</name>
            <name xml:lang="en-GB">shots-penalty-shot-taken</name>
			<definition xml:lang="en-GB">Total number of attempts to score as penalty-shot.</definition>
			<related uri="http://cv.iptc.org/newscodes/spsocstat/" rel="skos:inScheme"/>
		</concept>
		<concept id="spsocstatshots-penalty-shot-scored">
			<conceptId qcode="spsocstat:shots-penalty-shot-scored" created="2016-05-02T00:00:00+00:00"/>
            <type qcode="cpnat:abstract"/>
			<related qcode="spct:offense" rel="skos:broader"/>
			<name xml:lang="en-US">shots-penalty-shot-scored</name>
            <name xml:lang="en-GB">shots-penalty-shot-scored</name>
			<definition xml:lang="en-GB">Goals scored as penalty-shots.</definition>
			<related uri="http://cv.iptc.org/newscodes/spsocstat/" rel="skos:inScheme"/>
		</concept>
		<concept id="spsocstatshots-penalty-shot-missed">
			<conceptId qcode="spsocstat:shots-penalty-shot-missed" created="2016-05-02T00:00:00+00:00"/>
            <type qcode="cpnat:abstract"/>
			<related qcode="spct:offense" rel="skos:broader"/>
			<name xml:lang="en-US">shots-penalty-shot-missed</name>
            <name xml:lang="en-GB">shots-penalty-shot-missed</name>
			<definition xml:lang="en-GB">Total number of attempts to score as penalty-shot that did not result in a
				goal.</definition>
			<related uri="http://cv.iptc.org/newscodes/spsocstat/" rel="skos:inScheme"/>
		</concept>
		<concept id="spsocstatshots-penalty-shot-percentage">
			<conceptId qcode="spsocstat:shots-penalty-shot-percentage" created="2016-05-02T00:00:00+00:00"/>
            <type qcode="cpnat:abstract"/>
			<related qcode="spct:offense" rel="skos:broader"/>
			<name xml:lang="en-US">shots-penalty-shot-percentage</name>
            <name xml:lang="en-GB">shots-penalty-shot-percentage</name>
			<definition xml:lang="en-GB">Percentage of penalty shots scored. Could be calculated from above
				values.</definition>
			<related uri="http://cv.iptc.org/newscodes/spsocstat/" rel="skos:inScheme"/>
		</concept>
		<concept id="spsocstatshots-shootout-taken">
			<conceptId qcode="spsocstat:shots-shootout-taken" created="2016-05-02T00:00:00+00:00"/>
            <type qcode="cpnat:abstract"/>
			<related qcode="spct:offense" rel="skos:broader"/>
			<name xml:lang="en-US">shots-shootout-taken</name>
            <name xml:lang="en-GB">shots-shootout-taken</name>
			<definition xml:lang="en-GB">Total number of attempts to score during shootout.</definition>
			<related uri="http://cv.iptc.org/newscodes/spsocstat/" rel="skos:inScheme"/>
		</concept>
		<concept id="spsocstatshots-shootout-scored">
			<conceptId qcode="spsocstat:shots-shootout-scored" created="2016-05-02T00:00:00+00:00"/>
            <type qcode="cpnat:abstract"/>
			<related qcode="spct:offense" rel="skos:broader"/>
			<name xml:lang="en-US">shots-shootout-scored</name>
            <name xml:lang="en-GB">shots-shootout-scored</name>
			<definition xml:lang="en-GB">Goals scored during shootout.</definition>
			<related uri="http://cv.iptc.org/newscodes/spsocstat/" rel="skos:inScheme"/>
		</concept>
		<concept id="spsocstatshots-shootout-missed">
			<conceptId qcode="spsocstat:shots-shootout-missed" created="2016-05-02T00:00:00+00:00"/>
            <type qcode="cpnat:abstract"/>
			<related qcode="spct:offense" rel="skos:broader"/>
			<name xml:lang="en-US">shots-shootout-missed</name>
            <name xml:lang="en-GB">shots-shootout-missed</name>
			<definition xml:lang="en-GB">Goals missed during shootout.</definition>
			<related uri="http://cv.iptc.org/newscodes/spsocstat/" rel="skos:inScheme"/>
		</concept>
		<concept id="spsocstatshots-shootout-percentage">
			<conceptId qcode="spsocstat:shots-shootout-percentage" created="2016-05-02T00:00:00+00:00"/>
            <type qcode="cpnat:abstract"/>
			<related qcode="spct:offense" rel="skos:broader"/>
			<name xml:lang="en-US">shots-shootout-percentage</name>
            <name xml:lang="en-GB">shots-shootout-percentage</name>
			<definition xml:lang="en-GB">Percentage of shootout goals scored.</definition>
			<related uri="http://cv.iptc.org/newscodes/spsocstat/" rel="skos:inScheme"/>
		</concept>
		<concept id="spsocstatgiveaways">
			<conceptId qcode="spsocstat:giveaways" created="2016-05-02T00:00:00+00:00"/>
            <type qcode="cpnat:abstract"/>
			<related qcode="spct:offense" rel="skos:broader"/>
			<name xml:lang="en-US">giveaways</name>
            <name xml:lang="en-GB">giveaways</name>
			<definition xml:lang="en-GB">Changes in possession, usually as a result of poor play leading to the other
				team getting the ball.</definition>
			<related uri="http://cv.iptc.org/newscodes/spsocstat/" rel="skos:inScheme"/>
		</concept>
		<concept id="spsocstatoffsides">
			<conceptId qcode="spsocstat:offsides" created="2016-05-02T00:00:00+00:00"/>
            <type qcode="cpnat:abstract"/>
			<related qcode="spct:offense" rel="skos:broader"/>
			<name xml:lang="en-US">offsides</name>
            <name xml:lang="en-GB">offsides</name>
			<definition xml:lang="en-GB">Total number of offsides.</definition>
			<related uri="http://cv.iptc.org/newscodes/spsocstat/" rel="skos:inScheme"/>
		</concept>
		<concept id="spsocstatcorner-kicks">
			<conceptId qcode="spsocstat:corner-kicks" created="2016-05-02T00:00:00+00:00"/>
            <type qcode="cpnat:abstract"/>
			<related qcode="spct:offense" rel="skos:broader"/>
			<name xml:lang="en-US">corner-kicks</name>
            <name xml:lang="en-GB">corner-kicks</name>
			<definition xml:lang="en-GB">Total number of corner kicks performed.</definition>
			<related uri="http://cv.iptc.org/newscodes/spsocstat/" rel="skos:inScheme"/>
		</concept>
		<concept id="spsocstathat-tricks">
			<conceptId qcode="spsocstat:hat-tricks" created="2016-05-02T00:00:00+00:00"/>
            <type qcode="cpnat:abstract"/>
			<related qcode="spct:offense" rel="skos:broader"/>
			<name xml:lang="en-US">hat-tricks</name>
            <name xml:lang="en-GB">hat-tricks</name>
			<definition xml:lang="en-GB">A record of the number of times a player scored three or more goals in a
				game. Sometimes, the rules that govern the assignment of a hat-trick
				varies.</definition>
			<related uri="http://cv.iptc.org/newscodes/spsocstat/" rel="skos:inScheme"/>
		</concept>
		<concept id="spsocstatshots-hit-frame">
			<conceptId qcode="spsocstat:shots-hit-frame" created="2016-05-02T00:00:00+00:00"/>
            <type qcode="cpnat:abstract"/>
			<related qcode="spct:offense" rel="skos:broader"/>
			<name xml:lang="en-US">shots-hit-frame</name>
            <name xml:lang="en-GB">shots-hit-frame</name>
			<definition xml:lang="en-GB">Total number of shots hitting the goal frame.</definition>
			<related uri="http://cv.iptc.org/newscodes/spsocstat/" rel="skos:inScheme"/>
		</concept>
		<concept id="spsocstatgoals-own">
			<conceptId qcode="spsocstat:goals-own" created="2016-05-02T00:00:00+00:00"/>
            <type qcode="cpnat:abstract"/>
			<related qcode="spct:offense" rel="skos:broader"/>
			<name xml:lang="en-US">goals-own</name>
            <name xml:lang="en-GB">goals-own</name>
			<definition xml:lang="en-GB">Goals scored on own net.</definition>
			<related uri="http://cv.iptc.org/newscodes/spsocstat/" rel="skos:inScheme"/>
		</concept>
		<concept id="spsocstatfree-kicks">
			<conceptId qcode="spsocstat:free-kicks" created="2016-05-02T00:00:00+00:00"/>
            <type qcode="cpnat:abstract"/>
			<related qcode="spct:offense" rel="skos:broader"/>
			<name xml:lang="en-US">free-kicks</name>
            <name xml:lang="en-GB">free-kicks</name>
			<definition xml:lang="en-GB">Unopposed kicks on the field awarded to a team due to an opposing team's
				infraction.</definition>
			<related uri="http://cv.iptc.org/newscodes/spsocstat/" rel="skos:inScheme"/>
		</concept>
		<concept id="spsocstatshots-penalty-shot-allowed">
			<conceptId qcode="spsocstat:shots-penalty-shot-allowed" created="2016-05-02T00:00:00+00:00"/>
            <type qcode="cpnat:abstract"/>
			<related qcode="spct:defense" rel="skos:broader"/>
			<name xml:lang="en-US">shots-penalty-shot-allowed</name>
            <name xml:lang="en-GB">shots-penalty-shot-allowed</name>
			<definition xml:lang="en-GB">Total number of penalty-shots allowed from other teams.</definition>
			<related uri="http://cv.iptc.org/newscodes/spsocstat/" rel="skos:inScheme"/>
		</concept>
		<concept id="spsocstatgoals-penalty-shot-allowed">
			<conceptId qcode="spsocstat:goals-penalty-shot-allowed" created="2016-05-02T00:00:00+00:00"/>
            <type qcode="cpnat:abstract"/>
			<related qcode="spct:defense" rel="skos:broader"/>
			<name xml:lang="en-US">goals-penalty-shot-allowed</name>
            <name xml:lang="en-GB">goals-penalty-shot-allowed</name>
			<definition xml:lang="en-GB">Total number of goals allowed as penalty shots.</definition>
			<related uri="http://cv.iptc.org/newscodes/spsocstat/" rel="skos:inScheme"/>
		</concept>
		<concept id="spsocstatgoals-against-average">
			<conceptId qcode="spsocstat:goals-against-average" created="2016-05-02T00:00:00+00:00"/>
            <type qcode="cpnat:abstract"/>
			<related qcode="spct:defense" rel="skos:broader"/>
			<name xml:lang="en-US">goals-against-average</name>
            <name xml:lang="en-GB">goals-against-average</name>
			<definition xml:lang="en-GB">Average goals against per game for the given period.</definition>
			<related uri="http://cv.iptc.org/newscodes/spsocstat/" rel="skos:inScheme"/>
		</concept>
		<concept id="spsocstatgoals-against-total">
			<conceptId qcode="spsocstat:goals-against-total" created="2016-05-02T00:00:00+00:00"/>
            <type qcode="cpnat:abstract"/>
			<related qcode="spct:defense" rel="skos:broader"/>
			<name xml:lang="en-US">goals-against-total</name>
            <name xml:lang="en-GB">goals-against-total</name>
			<definition xml:lang="en-GB">Total goals against per game for the given period.</definition>
			<related uri="http://cv.iptc.org/newscodes/spsocstat/" rel="skos:inScheme"/>
		</concept>
		<concept id="spsocstatsaves">
			<conceptId qcode="spsocstat:saves" created="2016-05-02T00:00:00+00:00"/>
            <type qcode="cpnat:abstract"/>
			<related qcode="spct:defense" rel="skos:broader"/>
			<name xml:lang="en-US">saves</name>
            <name xml:lang="en-GB">saves</name>
			<definition xml:lang="en-GB">Score attempts that were saved by the goal-keeper.</definition>
			<related uri="http://cv.iptc.org/newscodes/spsocstat/" rel="skos:inScheme"/>
		</concept>
		<concept id="spsocstatsave-percentage">
			<conceptId qcode="spsocstat:save-percentage" created="2016-05-02T00:00:00+00:00"/>
            <type qcode="cpnat:abstract"/>
			<related qcode="spct:defense" rel="skos:broader"/>
			<name xml:lang="en-US">save-percentage</name>
            <name xml:lang="en-GB">save-percentage</name>
			<definition xml:lang="en-GB">Percentage of saves compared to score-attempts on goal.</definition>
			<related uri="http://cv.iptc.org/newscodes/spsocstat/" rel="skos:inScheme"/>
		</concept>
		<concept id="spsocstatcatches-punches">
			<conceptId qcode="spsocstat:catches-punches" created="2016-05-02T00:00:00+00:00"/>
            <type qcode="cpnat:abstract"/>
			<related qcode="spct:defense" rel="skos:broader"/>
			<name xml:lang="en-US">catches-punches</name>
            <name xml:lang="en-GB">catches-punches</name>
			<definition xml:lang="en-GB">Situations when the goalie catches or punches the ball. Not a save
				attempt.</definition>
			<related uri="http://cv.iptc.org/newscodes/spsocstat/" rel="skos:inScheme"/>
		</concept>
		<concept id="spsocstatshots-on-goal-against-total">
			<conceptId qcode="spsocstat:shots-on-goal-against-total" created="2016-05-02T00:00:00+00:00"/>
            <type qcode="cpnat:abstract"/>
			<related qcode="spct:defense" rel="skos:broader"/>
			<name xml:lang="en-US">shots-on-goal-against-total</name>
            <name xml:lang="en-GB">shots-on-goal-against-total</name>
			<definition xml:lang="en-GB">Total number of shots on goal against.</definition>
			<related uri="http://cv.iptc.org/newscodes/spsocstat/" rel="skos:inScheme"/>
		</concept>
		<concept id="spsocstatshots-shootout-total">
			<conceptId qcode="spsocstat:shots-shootout-total" created="2016-05-02T00:00:00+00:00"/>
            <type qcode="cpnat:abstract"/>
			<related qcode="spct:defense" rel="skos:broader"/>
			<name xml:lang="en-US">shots-shootout-total</name>
            <name xml:lang="en-GB">shots-shootout-total</name>
			<definition xml:lang="en-GB">Total number of attempts to score during shootout.</definition>
			<related uri="http://cv.iptc.org/newscodes/spsocstat/" rel="skos:inScheme"/>
		</concept>
		<concept id="spsocstatshots-shootout-allowed">
			<conceptId qcode="spsocstat:shots-shootout-allowed" created="2016-05-02T00:00:00+00:00"/>
            <type qcode="cpnat:abstract"/>
			<related qcode="spct:defense" rel="skos:broader"/>
			<name xml:lang="en-US">shots-shootout-allowed</name>
            <name xml:lang="en-GB">shots-shootout-allowed</name>
			<definition xml:lang="en-GB">Goals allowed during shootout.</definition>
			<related uri="http://cv.iptc.org/newscodes/spsocstat/" rel="skos:inScheme"/>
		</concept>
		<concept id="spsocstatshots-blocked">
			<conceptId qcode="spsocstat:shots-blocked" created="2016-05-02T00:00:00+00:00"/>
            <type qcode="cpnat:abstract"/>
			<related qcode="spct:defense" rel="skos:broader"/>
			<name xml:lang="en-US">shots-blocked</name>
            <name xml:lang="en-GB">shots-blocked</name>
			<definition xml:lang="en-GB">Score attempts that was blocked by someone else than the
				goal-keeper.</definition>
			<related uri="http://cv.iptc.org/newscodes/spsocstat/" rel="skos:inScheme"/>
		</concept>
		<concept id="spsocstatshutouts">
			<conceptId qcode="spsocstat:shutouts" created="2016-05-02T00:00:00+00:00"/>
            <type qcode="cpnat:abstract"/>
			<related qcode="spct:defense" rel="skos:broader"/>
			<name xml:lang="en-US">shutouts</name>
            <name xml:lang="en-GB">shutouts</name>
			<definition xml:lang="en-GB">Number of games when you did not allow the other team to score.</definition>
			<related uri="http://cv.iptc.org/newscodes/spsocstat/" rel="skos:inScheme"/>
		</concept>
		<concept id="spsocstatfouls-commited">
			<conceptId qcode="spsocstat:fouls-commited" created="2016-05-02T00:00:00+00:00"/>
            <type qcode="cpnat:abstract"/>
			<related qcode="spct:penalty" rel="skos:broader"/>
			<name xml:lang="en-US">fouls-commited</name>
            <name xml:lang="en-GB">fouls-commited</name>
			<definition xml:lang="en-GB">Total number of fouls commited. Generally a defensive foul.</definition>
			<related uri="http://cv.iptc.org/newscodes/spsocstat/" rel="skos:inScheme"/>
		</concept>
		<concept id="spsocstatfouls-suffered">
			<conceptId qcode="spsocstat:fouls-suffered" created="2016-05-02T00:00:00+00:00"/>
            <type qcode="cpnat:abstract"/>
			<related qcode="spct:penalty" rel="skos:broader"/>
			<name xml:lang="en-US">fouls-suffered</name>
            <name xml:lang="en-GB">fouls-suffered</name>
			<definition xml:lang="en-GB">Total number of fouls the player has suffered. Generally an offensive
				foul.</definition>
			<related uri="http://cv.iptc.org/newscodes/spsocstat/" rel="skos:inScheme"/>
		</concept>
		<concept id="spsocstatcautions-total">
			<conceptId qcode="spsocstat:cautions-total" created="2016-05-02T00:00:00+00:00"/>
            <type qcode="cpnat:abstract"/>
			<related qcode="spct:penalty" rel="skos:broader"/>
			<name xml:lang="en-US">cautions-total</name>
            <name xml:lang="en-GB">cautions-total</name>
			<definition xml:lang="en-GB">Total number of cautions recieved.</definition>
			<related uri="http://cv.iptc.org/newscodes/spsocstat/" rel="skos:inScheme"/>
		</concept>
		<concept id="spsocstatcautions-pending">
			<conceptId qcode="spsocstat:cautions-pending" created="2016-05-02T00:00:00+00:00"/>
            <type qcode="cpnat:abstract"/>
			<related qcode="spct:penalty" rel="skos:broader"/>
			<name xml:lang="en-US">cautions-pending</name>
            <name xml:lang="en-GB">cautions-pending</name>
			<definition xml:lang="en-GB">Number of cautions that could result in a game suspension.</definition>
			<related uri="http://cv.iptc.org/newscodes/spsocstat/" rel="skos:inScheme"/>
		</concept>
		<concept id="spsocstatcaution-points-total">
			<conceptId qcode="spsocstat:caution-points-total" created="2016-05-02T00:00:00+00:00"/>
            <type qcode="cpnat:abstract"/>
			<related qcode="spct:penalty" rel="skos:broader"/>
			<name xml:lang="en-US">caution-points-total</name>
            <name xml:lang="en-GB">caution-points-total</name>
			<definition xml:lang="en-GB">Total amount of caution points. Can occur over various games in a
				season.</definition>
			<related uri="http://cv.iptc.org/newscodes/spsocstat/" rel="skos:inScheme"/>
		</concept>
		<concept id="spsocstatcaution-points-pending">
			<conceptId qcode="spsocstat:caution-points-pending" created="2016-05-02T00:00:00+00:00"/>
            <type qcode="cpnat:abstract"/>
			<related qcode="spct:penalty" rel="skos:broader"/>
			<name xml:lang="en-US">caution-points-pending</name>
            <name xml:lang="en-GB">caution-points-pending</name>
			<definition xml:lang="en-GB">Number of caution points that could result in a game
				suspension.</definition>
			<related uri="http://cv.iptc.org/newscodes/spsocstat/" rel="skos:inScheme"/>
		</concept>
		<concept id="spsocstatejections-total">
			<conceptId qcode="spsocstat:ejections-total" created="2016-05-02T00:00:00+00:00"/>
            <type qcode="cpnat:abstract"/>
			<related qcode="spct:penalty" rel="skos:broader"/>
			<name xml:lang="en-US">ejections-total</name>
            <name xml:lang="en-GB">ejections-total</name>
			<definition xml:lang="en-GB">Total number of ejections.</definition>
			<related uri="http://cv.iptc.org/newscodes/spsocstat/" rel="skos:inScheme"/>
		</concept>
		<concept id="spsocstatejections-second-caution">
			<conceptId qcode="spsocstat:ejections-second-caution" created="2016-05-02T00:00:00+00:00"/>
            <type qcode="cpnat:abstract"/>
			<related qcode="spct:penalty" rel="skos:broader"/>
			<name xml:lang="en-US">ejections-second-caution</name>
            <name xml:lang="en-GB">ejections-second-caution</name>
			<definition xml:lang="en-GB">Number of ejections as a result of two cautions received.</definition>
			<related uri="http://cv.iptc.org/newscodes/spsocstat/" rel="skos:inScheme"/>
		</concept>
		<concept id="spsocstatejections-straight">
			<conceptId qcode="spsocstat:ejections-straight" created="2016-05-02T00:00:00+00:00"/>
            <type qcode="cpnat:abstract"/>
			<related qcode="spct:penalty" rel="skos:broader"/>
			<name xml:lang="en-US">ejections-straight</name>
            <name xml:lang="en-GB">ejections-straight</name>
			<definition xml:lang="en-GB">Number of ejections with no caution.</definition>
			<related uri="http://cv.iptc.org/newscodes/spsocstat/" rel="skos:inScheme"/>
		</concept>
		<concept id="spsocstattouches">
			<conceptId qcode="spsocstat:touches" created="2016-05-02T00:00:00+00:00"/>
            <type qcode="cpnat:abstract"/>
			<name xml:lang="en-US">touches</name>
            <name xml:lang="en-GB">touches</name>
			<definition xml:lang="en-GB">Number of times player gets control of the ball.</definition>
			<related uri="http://cv.iptc.org/newscodes/spsocstat/" rel="skos:inScheme"/>
		</concept>
		<concept id="spsocstatpasses-total">
			<conceptId qcode="spsocstat:passes-total" created="2016-05-02T00:00:00+00:00"/>
            <type qcode="cpnat:abstract"/>
			<related qcode="spct:offense" rel="skos:broader"/>
			<name xml:lang="en-US">passes-total</name>
            <name xml:lang="en-GB">passes-total</name>
			<definition xml:lang="en-GB">Number of passes attempted.</definition>
			<related uri="http://cv.iptc.org/newscodes/spsocstat/" rel="skos:inScheme"/>
		</concept>
		<concept id="spsocstatpasses-complete">
			<conceptId qcode="spsocstat:passes-complete" created="2016-05-02T00:00:00+00:00"/>
            <type qcode="cpnat:abstract"/>
			<related qcode="spct:offense" rel="skos:broader"/>
			<name xml:lang="en-US">passes-complete</name>
            <name xml:lang="en-GB">passes-complete</name>
			<definition xml:lang="en-GB">Number of passes attempted which were successful.</definition>
			<related uri="http://cv.iptc.org/newscodes/spsocstat/" rel="skos:inScheme"/>
		</concept>
		<concept id="spsocstatpasses-complete-percentage">
			<conceptId qcode="spsocstat:passes-complete-percentage" created="2016-05-02T00:00:00+00:00"/>
            <type qcode="cpnat:abstract"/>
			<related qcode="spct:offense" rel="skos:broader"/>
			<name xml:lang="en-US">passes-complete-percentage</name>
            <name xml:lang="en-GB">passes-complete-percentage</name>
			<definition xml:lang="en-GB">Percentage of successful complete passes.</definition>
			<related uri="http://cv.iptc.org/newscodes/spsocstat/" rel="skos:inScheme"/>
		</concept>
		<concept id="spsocstatpasses-incomplete">
			<conceptId qcode="spsocstat:passes-incomplete" created="2016-05-02T00:00:00+00:00"/>
            <type qcode="cpnat:abstract"/>
			<related qcode="spct:offense" rel="skos:broader"/>
			<name xml:lang="en-US">passes-incomplete</name>
            <name xml:lang="en-GB">passes-incomplete</name>
			<definition xml:lang="en-GB">Number of passes attempted which were unsuccessful.</definition>
			<related uri="http://cv.iptc.org/newscodes/spsocstat/" rel="skos:inScheme"/>
		</concept>
		<concept id="spsocstatpasses-complete-3rd-final">
			<conceptId qcode="spsocstat:passes-complete-3rd-final" created="2016-05-02T00:00:00+00:00"/>
            <type qcode="cpnat:abstract"/>
			<related qcode="spct:offense" rel="skos:broader"/>
			<name xml:lang="en-US">passes-complete-3rd-final</name>
            <name xml:lang="en-GB">passes-complete-3rd-final</name>
			<definition xml:lang="en-GB">Successful final third passes.</definition>
			<related uri="http://cv.iptc.org/newscodes/spsocstat/" rel="skos:inScheme"/>
		</concept>
		<concept id="spsocstatpasses-complete-long">
			<conceptId qcode="spsocstat:passes-complete-long" created="2016-05-02T00:00:00+00:00"/>
            <type qcode="cpnat:abstract"/>
			<related qcode="spct:offense" rel="skos:broader"/>
			<name xml:lang="en-US">passes-complete-long</name>
            <name xml:lang="en-GB">passes-complete-long</name>
			<definition xml:lang="en-GB">Number of successful long passes.</definition>
			<related uri="http://cv.iptc.org/newscodes/spsocstat/" rel="skos:inScheme"/>
		</concept>
		<concept id="spsocstataerials-won">
			<conceptId qcode="spsocstat:aerials-won" created="2016-05-02T00:00:00+00:00"/>
            <type qcode="cpnat:abstract"/>
			<name xml:lang="en-US">aerials-won</name>
            <name xml:lang="en-GB">aerials-won</name>
			<definition xml:lang="en-GB">Gained possession after an aerial duel.</definition>
			<related uri="http://cv.iptc.org/newscodes/spsocstat/" rel="skos:inScheme"/>
		</concept>
		<concept id="spsocstatcrosses-18-yard">
			<conceptId qcode="spsocstat:crosses-18-yard" created="2016-05-02T00:00:00+00:00"/>
            <type qcode="cpnat:abstract"/>
			<related qcode="spct:offense" rel="skos:broader"/>
			<name xml:lang="en-US">crosses-18-yard-plus</name>
            <name xml:lang="en-GB">crosses-18-yard-plus</name>
			<definition xml:lang="en-GB">A cross pass less than 18 yards from the byline which was caught by the
				goalkeeper.</definition>
			<related uri="http://cv.iptc.org/newscodes/spsocstat/" rel="skos:inScheme"/>
		</concept>
		<concept id="spsocstatcrosses-18-yard-plus">
			<conceptId qcode="spsocstat:crosses-18-yard-plus" created="2016-05-02T00:00:00+00:00"/>
            <type qcode="cpnat:abstract"/>
			<related qcode="spct:offense" rel="skos:broader"/>
			<name xml:lang="en-US">crosses-18-yard-plus</name>
            <name xml:lang="en-GB">crosses-18-yard-plus</name>
			<definition xml:lang="en-GB">A cross pass more than 18 yards from the byline which was caught by the
				goalkeeper.</definition>
			<related uri="http://cv.iptc.org/newscodes/spsocstat/" rel="skos:inScheme"/>
		</concept>
		<concept id="spsocstattackles-total">
			<conceptId qcode="spsocstat:tackles-total" created="2016-05-02T00:00:00+00:00"/>
            <type qcode="cpnat:abstract"/>
			<related qcode="spct:offense" rel="skos:broader"/>
			<name xml:lang="en-US">tackles-total</name>
            <name xml:lang="en-GB">tackles-total</name>
			<definition xml:lang="en-GB">The number of total tackles by the player</definition>
			<related uri="http://cv.iptc.org/newscodes/spsocstat/" rel="skos:inScheme"/>
		</concept>
		<concept id="spsocstattackles-won">
			<conceptId qcode="spsocstat:tackles-won" created="2016-05-02T00:00:00+00:00"/>
            <type qcode="cpnat:abstract"/>
			<related qcode="spct:offense" rel="skos:broader"/>
			<name xml:lang="en-US">tackles-won</name>
            <name xml:lang="en-GB">tackles-won</name>
			<definition xml:lang="en-GB">The number of total tackles won by the player</definition>
			<related uri="http://cv.iptc.org/newscodes/spsocstat/" rel="skos:inScheme"/>
		</concept>
		<concept id="spsocstattackles-won-percentage">
			<conceptId qcode="spsocstat:tackles-won-percentage" created="2016-05-02T00:00:00+00:00"/>
            <type qcode="cpnat:abstract"/>
			<related qcode="spct:offense" rel="skos:broader"/>
			<name xml:lang="en-US">tackles-won-percentage</name>
            <name xml:lang="en-GB">tackles-won-percentage</name>
			<definition xml:lang="en-GB">Percentage of successful tackles.</definition>
			<related uri="http://cv.iptc.org/newscodes/spsocstat/" rel="skos:inScheme"/>
		</concept>
		<concept id="spsocstattackles-lost">
			<conceptId qcode="spsocstat:tackles-lost" created="2016-05-02T00:00:00+00:00"/>
            <type qcode="cpnat:abstract"/>
			<related qcode="spct:offense" rel="skos:broader"/>
			<name xml:lang="en-US">tackles-lost</name>
            <name xml:lang="en-GB">tackles-lost</name>
			<definition xml:lang="en-GB">The number of total tackles lost by the player</definition>
			<related uri="http://cv.iptc.org/newscodes/spsocstat/" rel="skos:inScheme"/>
		</concept>
		<concept id="spsocstatshots-blocked-outfielder">
			<conceptId qcode="spsocstat:shots-blocked-outfielder" created="2016-05-02T00:00:00+00:00"/>
            <type qcode="cpnat:abstract"/>
			<related qcode="spct:defense" rel="skos:broader"/>
			<name xml:lang="en-US">shots-blocked-outfielder</name>
            <name xml:lang="en-GB">shots-blocked-outfielder</name>
			<definition xml:lang="en-GB">The number of shots blocked by a defender.</definition>
			<related uri="http://cv.iptc.org/newscodes/spsocstat/" rel="skos:inScheme"/>
		</concept>
		<concept id="spsocstatshots-blocked-cross">
			<conceptId qcode="spsocstat:shots-blocked-cross" created="2016-05-02T00:00:00+00:00"/>
            <type qcode="cpnat:abstract"/>
			<related qcode="spct:defense" rel="skos:broader"/>
			<name xml:lang="en-US">shots-blocked-cross</name>
            <name xml:lang="en-GB">shots-blocked-cross</name>
			<definition xml:lang="en-GB">The number of cross passes blocked.</definition>
			<related uri="http://cv.iptc.org/newscodes/spsocstat/" rel="skos:inScheme"/>
		</concept>
		<concept id="spsocstatclearancesl">
			<conceptId qcode="spsocstat:clearances" created="2016-05-02T00:00:00+00:00"/>
            <type qcode="cpnat:abstract"/>
			<related qcode="spct:defense" rel="skos:broader"/>
			<name xml:lang="en-US">clearances-successful</name>
            <name xml:lang="en-GB">clearances-successful</name>
			<definition xml:lang="en-GB">The number of times the ball is cleared from the goal area.</definition>
			<related uri="http://cv.iptc.org/newscodes/spsocstat/" rel="skos:inScheme"/>
		</concept>
		<concept id="spsocstatinterceptions">
			<conceptId qcode="spsocstat:interceptions" created="2016-05-02T00:00:00+00:00"/>
            <type qcode="cpnat:abstract"/>
			<related qcode="spct:defense" rel="skos:broader"/>
			<name xml:lang="en-US">interceptions</name>
            <name xml:lang="en-GB">interceptions</name>
			<definition xml:lang="en-GB">The number of times the ball is taken from the opponent and possession is
				retained.</definition>
			<related uri="http://cv.iptc.org/newscodes/spsocstat/" rel="skos:inScheme"/>
		</concept>
		<concept id="spsocstatgoals-left-foot">
			<conceptId qcode="spsocstat:goals-left-foot" created="2016-05-02T00:00:00+00:00"/>
            <type qcode="cpnat:abstract"/>
			<related qcode="spct:offense" rel="skos:broader"/>
			<name xml:lang="en-US">goals-left-foot</name>
            <name xml:lang="en-GB">goals-left-foot</name>
			<definition xml:lang="en-GB">Number of goals scored from the left foot.</definition>
			<related uri="http://cv.iptc.org/newscodes/spsocstat/" rel="skos:inScheme"/>
		</concept>
		<concept id="spsocstatgoals-right-foot">
			<conceptId qcode="spsocstat:goals-right-foot" created="2016-05-02T00:00:00+00:00"/>
            <type qcode="cpnat:abstract"/>
			<related qcode="spct:offense" rel="skos:broader"/>
			<name xml:lang="en-US">goals-right-foot</name>
            <name xml:lang="en-GB">goals-right-foot</name>
			<definition xml:lang="en-GB">Number of goals scored from the right foot.</definition>
			<related uri="http://cv.iptc.org/newscodes/spsocstat/" rel="skos:inScheme"/>
		</concept>
		<concept id="spsocstatgoals-head">
			<conceptId qcode="spsocstat:goals-head" created="2016-05-02T00:00:00+00:00"/>
            <type qcode="cpnat:abstract"/>
			<related qcode="spct:offense" rel="skos:broader"/>
			<name xml:lang="en-US">goals-head</name>
            <name xml:lang="en-GB">goals-head</name>
			<definition xml:lang="en-GB">Number of goals scored from the head.</definition>
			<related uri="http://cv.iptc.org/newscodes/spsocstat/" rel="skos:inScheme"/>
		</concept>
	</conceptSet>
	<schemeMeta uri="http://cv.iptc.org/newscodes/spsocstat/" authority="http://www.iptc.org"
		preferredalias="spsocstat">
		<definition xml:lang="en-GB">Vocabulary of statistics for Soccer</definition>
		<name xml:lang="en-US">Soccer Statistics</name>
            <name xml:lang="en-GB">Soccer Statistics</name>
		<related qcode="spsocstat:line-formation-row" rel="skos:hasTopConcept"/>
		<related qcode="spsocstat:line-formation-position" rel="skos:hasTopConcept"/>
		<related qcode="spsocstat:line-formation" rel="skos:hasTopConcept"/>
		<related qcode="spsocstat:time-entered-event" rel="skos:hasTopConcept"/>
		<related qcode="spsocstat:time-exited-event" rel="skos:hasTopConcept"/>
		<related qcode="spsocstat:goals-game-winning" rel="skos:hasTopConcept"/>
		<related qcode="spsocstat:goals-game-tying" rel="skos:hasTopConcept"/>
		<related qcode="spsocstat:goals-overtime" rel="skos:hasTopConcept"/>
		<related qcode="spsocstat:goals-shootout" rel="skos:hasTopConcept"/>
		<related qcode="spsocstat:goals-total" rel="skos:hasTopConcept"/>
		<related qcode="spsocstat:assists-game-winning" rel="skos:hasTopConcept"/>
		<related qcode="spsocstat:assists-game-tying" rel="skos:hasTopConcept"/>
		<related qcode="spsocstat:assists-overtime" rel="skos:hasTopConcept"/>
		<related qcode="spsocstat:assists-total" rel="skos:hasTopConcept"/>
		<related qcode="spsocstat:points" rel="skos:hasTopConcept"/>
		<related qcode="spsocstat:shots-total" rel="skos:hasTopConcept"/>
		<related qcode="spsocstat:shots-on-goal-total" rel="skos:hasTopConcept"/>
		<related qcode="spsocstat:shots-off-goal-total" rel="skos:hasTopConcept"/>
		<related qcode="spsocstat:shots-penalty-shot-taken" rel="skos:hasTopConcept"/>
		<related qcode="spsocstat:shots-penalty-shot-scored" rel="skos:hasTopConcept"/>
		<related qcode="spsocstat:shots-penalty-shot-missed" rel="skos:hasTopConcept"/>
		<related qcode="spsocstat:shots-penalty-shot-percentage" rel="skos:hasTopConcept"/>
		<related qcode="spsocstat:shots-shootout-taken" rel="skos:hasTopConcept"/>
		<related qcode="spsocstat:shots-shootout-scored" rel="skos:hasTopConcept"/>
		<related qcode="spsocstat:shots-shootout-missed" rel="skos:hasTopConcept"/>
		<related qcode="spsocstat:shots-shootout-percentage" rel="skos:hasTopConcept"/>
		<related qcode="spsocstat:giveaways" rel="skos:hasTopConcept"/>
		<related qcode="spsocstat:offsides" rel="skos:hasTopConcept"/>
		<related qcode="spsocstat:corner-kicks" rel="skos:hasTopConcept"/>
		<related qcode="spsocstat:hat-tricks" rel="skos:hasTopConcept"/>
		<related qcode="spsocstat:shots-hit-frame" rel="skos:hasTopConcept"/>
		<related qcode="spsocstat:goals-own" rel="skos:hasTopConcept"/>
		<related qcode="spsocstat:free-kicks" rel="skos:hasTopConcept"/>
		<related qcode="spsocstat:shots-penalty-shot-allowed" rel="skos:hasTopConcept"/>
		<related qcode="spsocstat:goals-penalty-shot-allowed" rel="skos:hasTopConcept"/>
		<related qcode="spsocstat:goals-against-average" rel="skos:hasTopConcept"/>
		<related qcode="spsocstat:goals-against-total" rel="skos:hasTopConcept"/>
		<related qcode="spsocstat:saves" rel="skos:hasTopConcept"/>
		<related qcode="spsocstat:save-percentage" rel="skos:hasTopConcept"/>
		<related qcode="spsocstat:catches-punches" rel="skos:hasTopConcept"/>
		<related qcode="spsocstat:shots-on-goal-against-total" rel="skos:hasTopConcept"/>
		<related qcode="spsocstat:shots-shootout-total" rel="skos:hasTopConcept"/>
		<related qcode="spsocstat:shots-shootout-allowed" rel="skos:hasTopConcept"/>
		<related qcode="spsocstat:shots-blocked" rel="skos:hasTopConcept"/>
		<related qcode="spsocstat:shutouts" rel="skos:hasTopConcept"/>
		<related qcode="spsocstat:fouls-commited" rel="skos:hasTopConcept"/>
		<related qcode="spsocstat:fouls-suffered" rel="skos:hasTopConcept"/>
		<related qcode="spsocstat:cautions-total" rel="skos:hasTopConcept"/>
		<related qcode="spsocstat:cautions-pending" rel="skos:hasTopConcept"/>
		<related qcode="spsocstat:caution-points-total" rel="skos:hasTopConcept"/>
		<related qcode="spsocstat:caution-points-pending" rel="skos:hasTopConcept"/>
		<related qcode="spsocstat:ejections-total" rel="skos:hasTopConcept"/>
		<related qcode="spsocstat:ejections-second-caution" rel="skos:hasTopConcept"/>
		<related qcode="spsocstat:ejections-straight" rel="skos:hasTopConcept"/>
		<related qcode="spsocstat:touches" rel="skos:hasTopConcept"/>
		<related qcode="spsocstat:passes-total" rel="skos:hasTopConcept"/>
		<related qcode="spsocstat:passes-complete" rel="skos:hasTopConcept"/>
		<related qcode="spsocstat:passes-complete-percentage" rel="skos:hasTopConcept"/>
		<related qcode="spsocstat:passes-incomplete" rel="skos:hasTopConcept"/>
		<related qcode="spsocstat:passes-complete-3rd-final" rel="skos:hasTopConcept"/>
		<related qcode="spsocstat:passes-complete-long" rel="skos:hasTopConcept"/>
		<related qcode="spsocstat:aerials-won" rel="skos:hasTopConcept"/>
		<related qcode="spsocstat:crosses-18-yard" rel="skos:hasTopConcept"/>
		<related qcode="spsocstat:crosses-18-yard-plus" rel="skos:hasTopConcept"/>
		<related qcode="spsocstat:tackles-total" rel="skos:hasTopConcept"/>
		<related qcode="spsocstat:tackles-won" rel="skos:hasTopConcept"/>
		<related qcode="spsocstat:tackles-won-percentage" rel="skos:hasTopConcept"/>
		<related qcode="spsocstat:tackles-lost" rel="skos:hasTopConcept"/>
		<related qcode="spsocstat:shots-blocked-outfielder" rel="skos:hasTopConcept"/>
		<related qcode="spsocstat:shots-blocked-cross" rel="skos:hasTopConcept"/>
		<related qcode="spsocstat:clearances-successful" rel="skos:hasTopConcept"/>
		<related qcode="spsocstat:interceptions" rel="skos:hasTopConcept"/>
		<related qcode="spsocstat:goals-left-foot" rel="skos:hasTopConcept"/>
		<related qcode="spsocstat:goals-right-foot" rel="skos:hasTopConcept"/>
		<related qcode="spsocstat:goals-head" rel="skos:hasTopConcept"/>
		<schemeMetaExtProperty rel="ikos:availLang" value="en-GB"/>
		<schemeMetaExtProperty rel="ikos:availLang" value="en-US"/>
	</schemeMeta>
</knowledgeItem>
