<knowledgeItem xmlns="http://iptc.org/std/nar/2006-10-01/"
    xmlns:xs="http://www.w3.org/2001/XMLSchema" xmlns:newsml="http://iptc.org/std/nar/2006-10-01/"
    standard="NewsML-G2" standardversion="2.18" conformance="power"
    guid="urn:newsml:iptc.org:20080229:srcncdki-spsocrole" version="1">
    <catalogRef href="http://www.iptc.org/std/catalog/catalog.IPTC-G2-Standards_25.xml"/>
    <catalogRef href="http://www.iptc.org/std/catalog/catalog.IPTC-Sports_1.xml"/>
    <rightsInfo>
        <copyrightHolder uri="http://cv.iptc.org/newscodes/newsprovider/IPTC">
            <name>IPTC - International Press Telecommunications Council</name>
        </copyrightHolder>
        <copyrightNotice>Copyright 2016, IPTC, www.iptc.org, Rights Reserved</copyrightNotice>
        <usageTerms href="http://creativecommons.org/licenses/by/4.0/">the Creative Commons
            Attribution (CC BY) 4.0 license applies to all NewsCodes</usageTerms>
    </rightsInfo>
    <itemMeta>
        <itemClass qcode="cinat:scheme"/>
        <provider uri="http://cv.iptc.org/newscodes/newsprovider/IPTC">
            <name>IPTC</name>
        </provider>
        <versionCreated>2016-06-13T15:15:32-04:00</versionCreated>
        <pubStatus qcode="stat:usable"/>
    </itemMeta>
    <contentMeta>
        <subject qcode="subj:15000000">
            <name xml:lang="en-US">sport</name>
            <name xml:lang="en-GB">sport</name>
        </subject>
        <subject qcode="subj:15054000">
            <name xml:lang="en-US">soccer</name>
            <name xml:lang="en-GB">soccer</name>
            <broader qcode="subj:15000000"/>
        </subject>
        <description>Role of player in the described action.</description>
    </contentMeta>
    <conceptSet>
        <concept id="spsocroleon-field">
            <conceptId qcode="spsocrole:on-field" created="2016-05-02T00:00:00+00:00"/>
            <type qcode="cpnat:abstract"/>
            <name xml:lang="en-US">on-field</name>
            <name xml:lang="en-GB">on-field</name>
            <definition/>
            <related uri="http://cv.iptc.org/newscodes/spsocrole/" rel="skos:inScheme"/>
        </concept>
        <concept id="spsocrolescorer">
            <conceptId qcode="spsocrole:scorer" created="2016-05-02T00:00:00+00:00"/>
            <type qcode="cpnat:abstract"/>
            <name xml:lang="en-US">scorer</name>
            <name xml:lang="en-GB">scorer</name>
            <definition/>
            <related uri="http://cv.iptc.org/newscodes/spsocrole/" rel="skos:inScheme"/>
        </concept>
        <concept id="spsocroleassist">
            <conceptId qcode="spsocrole:assist" created="2016-05-02T00:00:00+00:00"/>
            <type qcode="cpnat:abstract"/>
            <name xml:lang="en-US">assist</name>
            <name xml:lang="en-GB">assist</name>
            <definition/>
            <related uri="http://cv.iptc.org/newscodes/spsocrole/" rel="skos:inScheme"/>
        </concept>
        <concept id="spsocroleshooter">
            <conceptId qcode="spsocrole:shooter" created="2016-05-02T00:00:00+00:00"/>
            <type qcode="cpnat:abstract"/>
            <name xml:lang="en-US">shooter</name>
            <name xml:lang="en-GB">shooter</name>
            <definition/>
            <related uri="http://cv.iptc.org/newscodes/spsocrole/" rel="skos:inScheme"/>
        </concept>
        <concept id="spsocroleblocker">
            <conceptId qcode="spsocrole:blocker" created="2016-05-02T00:00:00+00:00"/>
            <type qcode="cpnat:abstract"/>
            <name xml:lang="en-US">blocker</name>
            <name xml:lang="en-GB">blocker</name>
            <definition/>
            <related uri="http://cv.iptc.org/newscodes/spsocrole/" rel="skos:inScheme"/>
        </concept>
        <concept id="spsocroleinfraction-committed-by">
            <conceptId qcode="spsocrole:infraction-committed-by" created="2016-05-02T00:00:00+00:00"/>
            <type qcode="cpnat:abstract"/>
            <name xml:lang="en-US">infraction-committed-by</name>
            <name xml:lang="en-GB">infraction-committed-by</name>
            <definition/>
            <related uri="http://cv.iptc.org/newscodes/spsocrole/" rel="skos:inScheme"/>
        </concept>
        <concept id="spsocroleinfraction-committed-against">
            <conceptId qcode="spsocrole:infraction-committed-against" created="2016-05-02T00:00:00+00:00"/>
            <type qcode="cpnat:abstract"/>
            <name xml:lang="en-US">infraction-committed-against</name>
            <name xml:lang="en-GB">infraction-committed-against</name>
            <definition/>
            <related uri="http://cv.iptc.org/newscodes/spsocrole/" rel="skos:inScheme"/>
        </concept>
        <concept id="spsocrolegiveaway">
            <conceptId qcode="spsocrole:giveaway" created="2016-05-02T00:00:00+00:00"/>
            <type qcode="cpnat:abstract"/>
            <name xml:lang="en-US">giveaway</name>
            <name xml:lang="en-GB">giveaway</name>
            <definition/>
            <related uri="http://cv.iptc.org/newscodes/spsocrole/" rel="skos:inScheme"/>
        </concept>
        <concept id="spsocroletakeaway">
            <conceptId qcode="spsocrole:takeaway" created="2016-05-02T00:00:00+00:00"/>
            <type qcode="cpnat:abstract"/>
            <name xml:lang="en-US">takeaway</name>
            <name xml:lang="en-GB">takeaway</name>
            <definition/>
            <related uri="http://cv.iptc.org/newscodes/spsocrole/" rel="skos:inScheme"/>
        </concept>
        <concept id="spsocrolethrower">
            <conceptId qcode="spsocrole:thrower" created="2016-05-02T00:00:00+00:00"/>
            <type qcode="cpnat:abstract"/>
            <name xml:lang="en-US">thrower</name>
            <name xml:lang="en-GB">thrower</name>
            <definition/>
            <related uri="http://cv.iptc.org/newscodes/spsocrole/" rel="skos:inScheme"/>
        </concept>
        <concept id="spsocrolecorner-kicker">
            <conceptId qcode="spsocrole:corner-kicker" created="2016-05-02T00:00:00+00:00"/>
            <type qcode="cpnat:abstract"/>
            <name xml:lang="en-US">corner-kicker</name>
            <name xml:lang="en-GB">corner-kicker</name>
            <definition/>
            <related uri="http://cv.iptc.org/newscodes/spsocrole/" rel="skos:inScheme"/>
        </concept>
        <concept id="spsocroleoffside">
            <conceptId qcode="spsocrole:offside" created="2016-05-02T00:00:00+00:00"/>
            <type qcode="cpnat:abstract"/>
            <name xml:lang="en-US">offside</name>
            <name xml:lang="en-GB">offside</name>
            <definition/>
            <related uri="http://cv.iptc.org/newscodes/spsocrole/" rel="skos:inScheme"/>
        </concept>
        <concept id="spsocrolefree-kicker">
            <conceptId qcode="spsocrole:free-kicker" created="2016-05-02T00:00:00+00:00"/>
            <type qcode="cpnat:abstract"/>
            <name xml:lang="en-US">free-kicker</name>
            <name xml:lang="en-GB">free-kicker</name>
            <definition/>
            <related uri="http://cv.iptc.org/newscodes/spsocrole/" rel="skos:inScheme"/>
        </concept>
        <concept id="spsocrolepenalty-kicker">
            <conceptId qcode="spsocrole:penalty-kicker" created="2016-05-02T00:00:00+00:00"/>
            <type qcode="cpnat:abstract"/>
            <name xml:lang="en-US">penalty-kicker</name>
            <name xml:lang="en-GB">penalty-kicker</name>
            <definition/>
            <related uri="http://cv.iptc.org/newscodes/spsocrole/" rel="skos:inScheme"/>
        </concept>
        <concept id="spsocrolegoalkeeper">
            <conceptId qcode="spsocrole:goalkeeper" created="2016-05-02T00:00:00+00:00"/>
            <type qcode="cpnat:abstract"/>
            <name xml:lang="en-US">goalkeeper</name>
            <name xml:lang="en-GB">goalkeeper</name>
            <definition/>
            <related uri="http://cv.iptc.org/newscodes/spsocrole/" rel="skos:inScheme"/>
        </concept>
        <concept id="spsocrolesub-on">
            <conceptId qcode="spsocrole:sub-on" created="2016-05-02T00:00:00+00:00"/>
            <type qcode="cpnat:abstract"/>
            <name xml:lang="en-US">sub-on</name>
            <name xml:lang="en-GB">sub-on</name>
            <definition/>
            <related uri="http://cv.iptc.org/newscodes/spsocrole/" rel="skos:inScheme"/>
        </concept>
        <concept id="spsocrolesub-off">
            <conceptId qcode="spsocrole:sub-off" created="2016-05-02T00:00:00+00:00"/>
            <type qcode="cpnat:abstract"/>
            <name xml:lang="en-US">sub-off</name>
            <name xml:lang="en-GB">sub-off</name>
            <definition/>
            <related uri="http://cv.iptc.org/newscodes/spsocrole/" rel="skos:inScheme"/>
        </concept>
    </conceptSet>
    <schemeMeta authority="http://www.iptc.org" uri="http://cv.iptc.org/newscodes/spsocrole/"
        preferredalias="spsocrole">
        <definition xml:lang="en-GB">Role of player in the described action.</definition>
        <name xml:lang="en-US">Soccer Player Roles</name>
            <name xml:lang="en-GB">Soccer Player Roles</name>
        <related qcode="spsocrole:on-field" rel="skos:hasTopConcept"/>
        <related qcode="spsocrole:scorer" rel="skos:hasTopConcept"/>
        <related qcode="spsocrole:assist" rel="skos:hasTopConcept"/>
        <related qcode="spsocrole:shooter" rel="skos:hasTopConcept"/>
        <related qcode="spsocrole:blocker" rel="skos:hasTopConcept"/>
        <related qcode="spsocrole:infraction-committed-by" rel="skos:hasTopConcept"/>
        <related qcode="spsocrole:infraction-committed-against" rel="skos:hasTopConcept"/>
        <related qcode="spsocrole:giveaway" rel="skos:hasTopConcept"/>
        <related qcode="spsocrole:takeaway" rel="skos:hasTopConcept"/>
        <related qcode="spsocrole:thrower" rel="skos:hasTopConcept"/>
        <related qcode="spsocrole:corner-kicker" rel="skos:hasTopConcept"/>
        <related qcode="spsocrole:offside" rel="skos:hasTopConcept"/>
        <related qcode="spsocrole:free-kicker" rel="skos:hasTopConcept"/>
        <related qcode="spsocrole:penalty-kicker" rel="skos:hasTopConcept"/>
        <related qcode="spsocrole:goalkeeper" rel="skos:hasTopConcept"/>
        <related qcode="spsocrole:sub-on" rel="skos:hasTopConcept"/>
        <related qcode="spsocrole:sub-off" rel="skos:hasTopConcept"/>
        <schemeMetaExtProperty rel="ikos:availLang" value="en-US"/>
        <schemeMetaExtProperty rel="ikos:availLang" value="en-GB"/>
    </schemeMeta>
</knowledgeItem>
