<knowledgeItem xmlns="http://iptc.org/std/nar/2006-10-01/"
    xmlns:xs="http://www.w3.org/2001/XMLSchema" xmlns:newsml="http://iptc.org/std/nar/2006-10-01/"
    standard="NewsML-G2" standardversion="2.18" conformance="power"
    guid="urn:newsml:iptc.org:20080229:srcncdki-spichscoreattemptresult" version="1">
    <catalogRef href="http://www.iptc.org/std/catalog/catalog.IPTC-G2-Standards_25.xml"/>
    <catalogRef href="http://www.iptc.org/std/catalog/catalog.IPTC-Sports_1.xml"/>
    <rightsInfo>
        <copyrightHolder uri="http://cv.iptc.org/newscodes/newsprovider/IPTC">
            <name>IPTC - International Press Telecommunications Council</name>
        </copyrightHolder>
        <copyrightNotice>Copyright 2016, IPTC, www.iptc.org, Rights Reserved</copyrightNotice>
        <usageTerms href="http://creativecommons.org/licenses/by/4.0/">the Creative Commons
            Attribution (CC BY) 4.0 license applies to all NewsCodes</usageTerms>
    </rightsInfo>
    <itemMeta>
        <itemClass qcode="cinat:scheme"/>
        <provider uri="http://cv.iptc.org/newscodes/newsprovider/IPTC">
            <name>IPTC</name>
        </provider>
        <versionCreated>2016-06-13T15:15:32-04:00</versionCreated>
        <pubStatus qcode="stat:usable"/>
    </itemMeta>
    <contentMeta>
        <subject qcode="subj:15000000">
            <name xml:lang="en-US">sport</name>
            <name xml:lang="en-GB">sport</name>
        </subject>
        <subject qcode="subj:15031000">
            <name xml:lang="en-US">icehockey</name>
            <name xml:lang="en-GB">icehockey</name>
            <broader qcode="subj:15000000"/>
        </subject>
        <description>Types of scoring failure in ice hockey</description>
    </contentMeta>
    <conceptSet>
        <concept id="spichscoreattemptresultmissed">
            <conceptId qcode="spichscoreattemptresult:missed" created="2016-05-02T00:00:00+00:00"/>
            <type qcode="cpnat:abstract"/>
            <name xml:lang="en-US">missed</name>
            <name xml:lang="en-GB">missed</name>
            <definition xml:lang="en-GB">The puck missed the goal.</definition>
            <related uri="http://cv.iptc.org/newscodes/spichscoreattemptresult/" rel="skos:inScheme"
            />
        </concept>
        <concept id="spichscoreattemptresultsaved">
            <conceptId qcode="spichscoreattemptresult:saved" created="2016-05-02T00:00:00+00:00"/>
            <type qcode="cpnat:abstract"/>
            <name xml:lang="en-US">saved</name>
            <name xml:lang="en-GB">saved</name>
            <definition xml:lang="en-GB">The goalie has stopped the shot.</definition>
            <related uri="http://cv.iptc.org/newscodes/spichscoreattemptresult/" rel="skos:inScheme"
            />
        </concept>
        <concept id="spichscoreattemptresultblocked">
            <conceptId qcode="spichscoreattemptresult:blocked" created="2016-05-02T00:00:00+00:00"/>
            <type qcode="cpnat:abstract"/>
            <name xml:lang="en-US">blocked</name>
            <name xml:lang="en-GB">blocked</name>
            <definition xml:lang="en-GB">A non-goalie diverted the shot from reaching the goal.</definition>
            <related uri="http://cv.iptc.org/newscodes/spichscoreattemptresult/" rel="skos:inScheme"
            />
        </concept>
        <concept id="spichscoreattemptresultoff-post">
            <conceptId qcode="spichscoreattemptresult:off-post" created="2016-05-02T00:00:00+00:00"/>
            <type qcode="cpnat:abstract"/>
            <name xml:lang="en-US">off-post</name>
            <name xml:lang="en-GB">off-post</name>
            <definition xml:lang="en-GB">The framework of the goal itself blocked the shot.</definition>
            <related uri="http://cv.iptc.org/newscodes/spichscoreattemptresult/" rel="skos:inScheme"
            />
        </concept>
    </conceptSet>
    <schemeMeta authority="http://www.iptc.org"
        uri="http://cv.iptc.org/newscodes/spichscoreattemptresult/"
        preferredalias="spichscoreattemptresult">
        <definition xml:lang="en-GB">Types of scoring failure in ice hockey</definition>
        <name xml:lang="en-US">Ice Hockey Score Attempt Types</name>
            <name xml:lang="en-GB">Ice Hockey Score Attempt Types</name>
        <related qcode="spichscoreattemptresult:missed" rel="skos:hasTopConcept"/>
        <related qcode="spichscoreattemptresult:saved" rel="skos:hasTopConcept"/>
        <related qcode="spichscoreattemptresult:blocked" rel="skos:hasTopConcept"/>
        <related qcode="spichscoreattemptresult:off-post" rel="skos:hasTopConcept"/>
        <schemeMetaExtProperty rel="ikos:availLang" value="en-US"/>
        <schemeMetaExtProperty rel="ikos:availLang" value="en-GB"/>
    </schemeMeta>
</knowledgeItem>
