<knowledgeItem xmlns="http://iptc.org/std/nar/2006-10-01/"
    xmlns:xs="http://www.w3.org/2001/XMLSchema" xmlns:newsml="http://iptc.org/std/nar/2006-10-01/"
    standard="NewsML-G2" standardversion="2.18" conformance="power"
    guid="urn:newsml:iptc.org:20080229:srcncdki-spichstrength" version="1">
    <catalogRef href="http://www.iptc.org/std/catalog/catalog.IPTC-G2-Standards_25.xml"/>
    <catalogRef href="http://www.iptc.org/std/catalog/catalog.IPTC-Sports_1.xml"/>
    <rightsInfo>
        <copyrightHolder uri="http://cv.iptc.org/newscodes/newsprovider/IPTC">
            <name>IPTC - International Press Telecommunications Council</name>
        </copyrightHolder>
        <copyrightNotice>Copyright 2016, IPTC, www.iptc.org, Rights Reserved</copyrightNotice>
        <usageTerms href="http://creativecommons.org/licenses/by/4.0/">the Creative Commons
            Attribution (CC BY) 4.0 license applies to all NewsCodes</usageTerms>
    </rightsInfo>
    <itemMeta>
        <itemClass qcode="cinat:scheme"/>
        <provider uri="http://cv.iptc.org/newscodes/newsprovider/IPTC">
            <name>IPTC</name>
        </provider>
        <versionCreated>2016-06-13T15:15:32-04:00</versionCreated>
        <pubStatus qcode="stat:usable"/>
    </itemMeta>
    <contentMeta>
        <subject qcode="subj:15000000">
            <name xml:lang="en-US">sport</name>
            <name xml:lang="en-GB">sport</name>
        </subject>
        <subject qcode="subj:15031000">
            <name xml:lang="en-US">icehockey</name>
            <name xml:lang="en-GB">icehockey</name>
            <broader qcode="subj:15000000"/>
        </subject>
        <description>Strength situations in ice hockey</description>
    </contentMeta>
    <conceptSet>
        <concept id="spichstrengtheven-strength">
            <conceptId qcode="spichstrength:even-strength" created="2016-05-02T00:00:00+00:00"/>
            <type qcode="cpnat:abstract"/>
            <name xml:lang="en-US">even-strength</name>
            <name xml:lang="en-GB">even-strength</name>
            <definition/>
            <related uri="http://cv.iptc.org/newscodes/spichstrength/" rel="skos:inScheme"/>
        </concept>
        <concept id="spichstrengthpower-play">
            <conceptId qcode="spichstrength:power-play" created="2016-05-02T00:00:00+00:00"/>
            <type qcode="cpnat:abstract"/>
            <name xml:lang="en-US">power-play</name>
            <name xml:lang="en-GB">power-play</name>
            <definition/>
            <related uri="http://cv.iptc.org/newscodes/spichstrength/" rel="skos:inScheme"/>
        </concept>
        <concept id="spichstrengthshort-handed">
            <conceptId qcode="spichstrength:short-handed" created="2016-05-02T00:00:00+00:00"/>
            <type qcode="cpnat:abstract"/>
            <name xml:lang="en-US">short-handed</name>
            <name xml:lang="en-GB">short-handed</name>
            <definition/>
            <related uri="http://cv.iptc.org/newscodes/spichstrength/" rel="skos:inScheme"/>
        </concept>
    </conceptSet>
    <schemeMeta authority="http://www.iptc.org" uri="http://cv.iptc.org/newscodes/spichstrength/"
        preferredalias="spichstrength">
        <definition xml:lang="en-GB">Strength situations in ice hockey</definition>
        <name xml:lang="en-US">Ice Hockey Squad Strength</name>
            <name xml:lang="en-GB">Ice Hockey Squad Strength</name>
        <related qcode="spichstrength:even-strength" rel="skos:hasTopConcept"/>
        <related qcode="spichstrength:power-play" rel="skos:hasTopConcept"/>
        <related qcode="spichstrength:short-handed" rel="skos:hasTopConcept"/>
        <schemeMetaExtProperty rel="ikos:availLang" value="en-US"/>
        <schemeMetaExtProperty rel="ikos:availLang" value="en-GB"/>
    </schemeMeta>
</knowledgeItem>
