<knowledgeItem xmlns="http://iptc.org/std/nar/2006-10-01/"
    xmlns:xs="http://www.w3.org/2001/XMLSchema" xmlns:newsml="http://iptc.org/std/nar/2006-10-01/"
    standard="NewsML-G2" standardversion="2.18" conformance="power"
    guid="urn:newsml:iptc.org:20080229:srcncdki-spichstat" version="1">
    <catalogRef href="http://www.iptc.org/std/catalog/catalog.IPTC-G2-Standards_25.xml"/>
    <catalogRef href="http://www.iptc.org/std/catalog/catalog.IPTC-Sports_1.xml"/>
    <rightsInfo>
        <copyrightHolder uri="http://cv.iptc.org/newscodes/newsprovider/IPTC">
            <name>IPTC - International Press Telecommunications Council</name>
        </copyrightHolder>
        <copyrightNotice>Copyright 2016, IPTC, www.iptc.org, Rights Reserved</copyrightNotice>
        <usageTerms href="http://creativecommons.org/licenses/by/4.0/">the Creative Commons
            Attribution (CC BY) 4.0 license applies to all NewsCodes</usageTerms>
    </rightsInfo>
    <itemMeta>
        <itemClass qcode="cinat:scheme"/>
        <provider uri="http://cv.iptc.org/newscodes/newsprovider/IPTC">
            <name>IPTC</name>
        </provider>
        <versionCreated>2016-06-13T15:15:32-04:00</versionCreated>
        <pubStatus qcode="stat:usable"/>
    </itemMeta>
    <contentMeta>
        <subject qcode="subj:15000000">
            <name xml:lang="en-US">sport</name>
            <name xml:lang="en-GB">sport</name>
        </subject>
        <subject qcode="subj:15031000">
            <name xml:lang="en-US">ice-hockey</name>
            <name xml:lang="en-GB">ice-hockey</name>
            <broader qcode="subj:15000000"/>
        </subject>
        <description>Vocabulary of statistics for Ice Hockey</description>
    </contentMeta>
    <conceptSet>
        <concept id="spichstatminutes-played">
            <conceptId qcode="spichstat:minutes-played" created="2016-05-02T00:00:00+00:00"/>
            <type qcode="cpnat:abstract"/>
            <name xml:lang="en-US">minutes-played</name>
            <name xml:lang="en-GB">minutes-played</name>
            <definition xml:lang="en-GB">Number of minutes player was on ice.</definition>
            <related uri="http://cv.iptc.org/newscodes/spichstat/" rel="skos:inScheme"/>
        </concept>
        <concept id="spichstatplus-minus">
            <conceptId qcode="spichstat:plus-minus" created="2016-05-02T00:00:00+00:00"/>
            <type qcode="cpnat:abstract"/>
            <name xml:lang="en-US">plus-minus</name>
            <name xml:lang="en-GB">plus-minus</name>
            <definition xml:lang="en-GB">Number of times team/player was on ice when own team scored minus the number
                of times team/player was on ice when opponent scored.</definition>
            <related uri="http://cv.iptc.org/newscodes/spichstat/" rel="skos:inScheme"/>
        </concept>
        <concept id="spichstatplus-total">
            <conceptId qcode="spichstat:plus-total" created="2016-05-02T00:00:00+00:00"/>
            <type qcode="cpnat:abstract"/>
            <name xml:lang="en-US">plus-total</name>
            <name xml:lang="en-GB">plus-total</name>
            <definition xml:lang="en-GB">Number of team/times player was on ice when own team scored.</definition>
            <related uri="http://cv.iptc.org/newscodes/spichstat/" rel="skos:inScheme"/>
        </concept>
        <concept id="spichstatminus-total">
            <conceptId qcode="spichstat:minus-total" created="2016-05-02T00:00:00+00:00"/>
            <type qcode="cpnat:abstract"/>
            <name xml:lang="en-US">minus-total</name>
            <name xml:lang="en-GB">minus-total</name>
            <definition xml:lang="en-GB">Number of times tteam/player was on ice when opponent scored.</definition>
            <related uri="http://cv.iptc.org/newscodes/spichstat/" rel="skos:inScheme"/>
        </concept>
        <concept id="spichstatpenalty-minutes">
            <conceptId qcode="spichstat:penalty-minutes" created="2016-05-02T00:00:00+00:00"/>
            <type qcode="cpnat:abstract"/>
            <name xml:lang="en-US">penalty-minutes</name>
            <name xml:lang="en-GB">penalty-minutes</name>
            <definition xml:lang="en-GB">Total number of penalty minutes accrued by a single player or
                team.</definition>
            <related uri="http://cv.iptc.org/newscodes/spichstat/" rel="skos:inScheme"/>
        </concept>
        <concept id="spichstatgoals-total">
            <conceptId qcode="spichstat:goals-total" created="2016-05-02T00:00:00+00:00"/>
            <type qcode="cpnat:abstract"/>
            <related qcode="spct:offense" rel="skos:broader"/>
            <name xml:lang="en-US">goals-total</name>
            <name xml:lang="en-GB">goals-total</name>
            <definition xml:lang="en-GB">Total number of goals by the team. Could differ from the score if
                score-points are awarded for shootout, for example.</definition>
            <related uri="http://cv.iptc.org/newscodes/spichstat/" rel="skos:inScheme"/>
        </concept>
        <concept id="spichstatgoals-game-winning">
            <conceptId qcode="spichstat:goals-game-winning" created="2016-05-02T00:00:00+00:00"/>
            <type qcode="cpnat:abstract"/>
            <related qcode="spct:offense" rel="skos:broader"/>
            <name xml:lang="en-US">goals-game-winning</name>
            <name xml:lang="en-GB">goals-game-winning</name>
            <definition xml:lang="en-GB">Goals that provided the winning margin in a game.</definition>
            <related uri="http://cv.iptc.org/newscodes/spichstat/" rel="skos:inScheme"/>
        </concept>
        <concept id="spichstatgoals-game-tying">
            <conceptId qcode="spichstat:goals-game-tying" created="2016-05-02T00:00:00+00:00"/>
            <type qcode="cpnat:abstract"/>
            <related qcode="spct:offense" rel="skos:broader"/>
            <name xml:lang="en-US">goals-game-tying</name>
            <name xml:lang="en-GB">goals-game-tying</name>
            <definition xml:lang="en-GB">Goals that caused the game to be tied.</definition>
            <related uri="http://cv.iptc.org/newscodes/spichstat/" rel="skos:inScheme"/>
        </concept>
        <concept id="spichstatgoals-power-play">
            <conceptId qcode="spichstat:goals-power-play" created="2016-05-02T00:00:00+00:00"/>
            <type qcode="cpnat:abstract"/>
            <related qcode="spct:offense" rel="skos:broader"/>
            <name xml:lang="en-US">goals-power-play</name>
            <name xml:lang="en-GB">goals-power-play</name>
            <definition xml:lang="en-GB">Goals scored while the team was having a power-play.</definition>
            <related uri="http://cv.iptc.org/newscodes/spichstat/" rel="skos:inScheme"/>
        </concept>
        <concept id="spichstatgoals-short-handed">
            <conceptId qcode="spichstat:goals-short-handed" created="2016-05-02T00:00:00+00:00"/>
            <type qcode="cpnat:abstract"/>
            <related qcode="spct:offense" rel="skos:broader"/>
            <name xml:lang="en-US">goals-short-handed</name>
            <name xml:lang="en-GB">goals-short-handed</name>
            <definition xml:lang="en-GB">Goals scored while the team was playing short-handed.</definition>
            <related uri="http://cv.iptc.org/newscodes/spichstat/" rel="skos:inScheme"/>
        </concept>
        <concept id="spichstatgoals-even-strength">
            <conceptId qcode="spichstat:goals-even-strength" created="2016-05-02T00:00:00+00:00"/>
            <type qcode="cpnat:abstract"/>
            <related qcode="spct:offense" rel="skos:broader"/>
            <name xml:lang="en-US">goals-even-strength</name>
            <name xml:lang="en-GB">goals-even-strength</name>
            <definition xml:lang="en-GB">Goals scored while the teams were at even strength.</definition>
            <related uri="http://cv.iptc.org/newscodes/spichstat/" rel="skos:inScheme"/>
        </concept>
        <concept id="spichstatgoals-empty-net">
            <conceptId qcode="spichstat:goals-empty-net" created="2016-05-02T00:00:00+00:00"/>
            <type qcode="cpnat:abstract"/>
            <related qcode="spct:offense" rel="skos:broader"/>
            <name xml:lang="en-US">goals-empty-net</name>
            <name xml:lang="en-GB">goals-empty-net</name>
            <definition xml:lang="en-GB">Goals scored on an empty goal, with the opposing goalie pulled from the
                net.</definition>
            <related uri="http://cv.iptc.org/newscodes/spichstat/" rel="skos:inScheme"/>
        </concept>
        <concept id="spichstatgoals-overtime">
            <conceptId qcode="spichstat:goals-overtime" created="2016-05-02T00:00:00+00:00"/>
            <type qcode="cpnat:abstract"/>
            <related qcode="spct:offense" rel="skos:broader"/>
            <name xml:lang="en-US">goals-overtime</name>
            <name xml:lang="en-GB">goals-overtime</name>
            <definition xml:lang="en-GB">Goals scored during overtime.</definition>
            <related uri="http://cv.iptc.org/newscodes/spichstat/" rel="skos:inScheme"/>
        </concept>
        <concept id="spichstatgoals-shootout">
            <conceptId qcode="spichstat:goals-shootout" created="2016-05-02T00:00:00+00:00"/>
            <type qcode="cpnat:abstract"/>
            <related qcode="spct:offense" rel="skos:broader"/>
            <name xml:lang="en-US">goals-shootout</name>
            <name xml:lang="en-GB">goals-shootout</name>
            <definition xml:lang="en-GB">Goals scored during a shootout.</definition>
            <related uri="http://cv.iptc.org/newscodes/spichstat/" rel="skos:inScheme"/>
        </concept>
        <concept id="spichstatgoals-shootout-attempts">
            <conceptId qcode="spichstat:goals-shootout-attempts" created="2016-05-02T00:00:00+00:00"/>
            <type qcode="cpnat:abstract"/>
            <related qcode="spct:offense" rel="skos:broader"/>
            <name xml:lang="en-US">goals-shootout-attempts</name>
            <name xml:lang="en-GB">goals-shootout-attempts</name>
            <definition xml:lang="en-GB">Goals attempted during a shootout.</definition>
            <related uri="http://cv.iptc.org/newscodes/spichstat/" rel="skos:inScheme"/>
        </concept>
        <concept id="spichstatgoals-penalty-shot">
            <conceptId qcode="spichstat:goals-penalty-shot" created="2016-05-02T00:00:00+00:00"/>
            <type qcode="cpnat:abstract"/>
            <related qcode="spct:offense" rel="skos:broader"/>
            <name xml:lang="en-US">goals-penalty-shot</name>
            <name xml:lang="en-GB">goals-penalty-shot</name>
            <definition xml:lang="en-GB">Goals scored as penalty shots.</definition>
            <related uri="http://cv.iptc.org/newscodes/spichstat/" rel="skos:inScheme"/>
        </concept>
        <concept id="spichstatgoals-per-game">
            <conceptId qcode="spichstat:goals-per-game" created="2016-05-02T00:00:00+00:00"/>
            <type qcode="cpnat:abstract"/>
            <related qcode="spct:offense" rel="skos:broader"/>
            <name xml:lang="en-US">goals-per-game</name>
            <name xml:lang="en-GB">goals-per-game</name>
            <definition xml:lang="en-GB">Average of goals scored per game.</definition>
            <related uri="http://cv.iptc.org/newscodes/spichstat/" rel="skos:inScheme"/>
        </concept>
        <concept id="spichstatassists">
            <conceptId qcode="spichstat:assists" created="2016-05-02T00:00:00+00:00"/>
            <type qcode="cpnat:abstract"/>
            <related qcode="spct:offense" rel="skos:broader"/>
            <name xml:lang="en-US">assists</name>
            <name xml:lang="en-GB">assists</name>
            <definition xml:lang="en-GB">Total number of assists.</definition>
            <related uri="http://cv.iptc.org/newscodes/spichstat/" rel="skos:inScheme"/>
        </concept>
        <concept id="spichstatassists-power-play">
            <conceptId qcode="spichstat:assists-power-play" created="2016-05-02T00:00:00+00:00"/>
            <type qcode="cpnat:abstract"/>
            <related qcode="spct:offense" rel="skos:broader"/>
            <name xml:lang="en-US">assists-power-play</name>
            <name xml:lang="en-GB">assists-power-play</name>
            <definition xml:lang="en-GB">Total number of assists made during a power play.</definition>
            <related uri="http://cv.iptc.org/newscodes/spichstat/" rel="skos:inScheme"/>
        </concept>
        <concept id="spichstatassists-short-handed">
            <conceptId qcode="spichstat:assists-short-handed" created="2016-05-02T00:00:00+00:00"/>
            <type qcode="cpnat:abstract"/>
            <related qcode="spct:offense" rel="skos:broader"/>
            <name xml:lang="en-US">assists-short-handed</name>
            <name xml:lang="en-GB">assists-short-handed</name>
            <definition xml:lang="en-GB">Total number of assists made while short-handed.</definition>
            <related uri="http://cv.iptc.org/newscodes/spichstat/" rel="skos:inScheme"/>
        </concept>
        <concept id="spichstatassists-game-winning">
            <conceptId qcode="spichstat:assists-game-winning" created="2016-05-02T00:00:00+00:00"/>
            <type qcode="cpnat:abstract"/>
            <related qcode="spct:offense" rel="skos:broader"/>
            <name xml:lang="en-US">assists-game-winning</name>
            <name xml:lang="en-GB">assists-game-winning</name>
            <definition xml:lang="en-GB">Assists on goals that provided the winning margin in a game.</definition>
            <related uri="http://cv.iptc.org/newscodes/spichstat/" rel="skos:inScheme"/>
        </concept>
        <concept id="spichstatassists-game-tying">
            <conceptId qcode="spichstat:assists-game-tying" created="2016-05-02T00:00:00+00:00"/>
            <type qcode="cpnat:abstract"/>
            <related qcode="spct:offense" rel="skos:broader"/>
            <name xml:lang="en-US">assists-game-tying</name>
            <name xml:lang="en-GB">assists-game-tying</name>
            <definition xml:lang="en-GB">Assists on goals that caused the game to be tied.</definition>
            <related uri="http://cv.iptc.org/newscodes/spichstat/" rel="skos:inScheme"/>
        </concept>
        <concept id="spichstatassists-overtime">
            <conceptId qcode="spichstat:assists-overtime" created="2016-05-02T00:00:00+00:00"/>
            <type qcode="cpnat:abstract"/>
            <related qcode="spct:offense" rel="skos:broader"/>
            <name xml:lang="en-US">assists-overtime</name>
            <name xml:lang="en-GB">assists-overtime</name>
            <definition xml:lang="en-GB">Assists on goals scored during overtime.</definition>
            <related uri="http://cv.iptc.org/newscodes/spichstat/" rel="skos:inScheme"/>
        </concept>
        <concept id="spichstatpoints">
            <conceptId qcode="spichstat:points" created="2016-05-02T00:00:00+00:00"/>
            <type qcode="cpnat:abstract"/>
            <related qcode="spct:offense" rel="skos:broader"/>
            <name xml:lang="en-US">points</name>
            <name xml:lang="en-GB">points</name>
            <definition xml:lang="en-GB">Total number of points, with a score and an assist generally counted as one
                point each.</definition>
            <related uri="http://cv.iptc.org/newscodes/spichstat/" rel="skos:inScheme"/>
        </concept>
        <concept id="spichstatpoints-power-play">
            <conceptId qcode="spichstat:points-power-play" created="2016-05-02T00:00:00+00:00"/>
            <type qcode="cpnat:abstract"/>
            <related qcode="spct:offense" rel="skos:broader"/>
            <name xml:lang="en-US">points-power-play</name>
            <name xml:lang="en-GB">points-power-play</name>
            <definition xml:lang="en-GB">Total number of points during power plays, with a score and an assist
                generally counted as one point each.</definition>
            <related uri="http://cv.iptc.org/newscodes/spichstat/" rel="skos:inScheme"/>
        </concept>
        <concept id="spichstatpoints-short-handed">
            <conceptId qcode="spichstat:points-short-handed" created="2016-05-02T00:00:00+00:00"/>
            <type qcode="cpnat:abstract"/>
            <related qcode="spct:offense" rel="skos:broader"/>
            <name xml:lang="en-US">points-short-handed</name>
            <name xml:lang="en-GB">points-short-handed</name>
            <definition xml:lang="en-GB">Total number of points while short-handed, with a score and an assist
                generally counted as one point each.</definition>
            <related uri="http://cv.iptc.org/newscodes/spichstat/" rel="skos:inScheme"/>
        </concept>
        <concept id="spichstatpower-play-amount">
            <conceptId qcode="spichstat:power-play-amount" created="2016-05-02T00:00:00+00:00"/>
            <type qcode="cpnat:abstract"/>
            <related qcode="spct:offense" rel="skos:broader"/>
            <name xml:lang="en-US">power-play-amount</name>
            <name xml:lang="en-GB">power-play-amount</name>
            <definition xml:lang="en-GB">Number of power-play opportunities a team has had.</definition>
            <related uri="http://cv.iptc.org/newscodes/spichstat/" rel="skos:inScheme"/>
        </concept>
        <concept id="spichstatpower-play-percentage">
            <conceptId qcode="spichstat:power-play-percentage" created="2016-05-02T00:00:00+00:00"/>
            <type qcode="cpnat:abstract"/>
            <related qcode="spct:offense" rel="skos:broader"/>
            <name xml:lang="en-US">power-play-percentage</name>
            <name xml:lang="en-GB">power-play-percentage</name>
            <definition xml:lang="en-GB">Measure of success at power plays. Figured by dividing goals-power-play by
                power-play-amount.</definition>
            <related uri="http://cv.iptc.org/newscodes/spichstat/" rel="skos:inScheme"/>
        </concept>
        <concept id="spichstatshots-penalty-shot-taken">
            <conceptId qcode="spichstat:shots-penalty-shot-taken" created="2016-05-02T00:00:00+00:00"/>
            <type qcode="cpnat:abstract"/>
            <related qcode="spct:offense" rel="skos:broader"/>
            <name xml:lang="en-US">shots-penalty-shot-taken</name>
            <name xml:lang="en-GB">shots-penalty-shot-taken</name>
            <definition xml:lang="en-GB">Total number of penalty shots taken by a shooting player.</definition>
            <related uri="http://cv.iptc.org/newscodes/spichstat/" rel="skos:inScheme"/>
        </concept>
        <concept id="spichstatshots-penalty-shot-missed">
            <conceptId qcode="spichstat:shots-penalty-shot-missed" created="2016-05-02T00:00:00+00:00"/>
            <type qcode="cpnat:abstract"/>
            <related qcode="spct:offense" rel="skos:broader"/>
            <name xml:lang="en-US">shots-penalty-shot-missed</name>
            <name xml:lang="en-GB">shots-penalty-shot-missed</name>
            <definition xml:lang="en-GB">Total number of penalty shots missed by a shooting player.</definition>
            <related uri="http://cv.iptc.org/newscodes/spichstat/" rel="skos:inScheme"/>
        </concept>
        <concept id="spichstatshots-penalty-shot-percentage">
            <conceptId qcode="spichstat:shots-penalty-shot-percentage" created="2016-05-02T00:00:00+00:00"/>
            <type qcode="cpnat:abstract"/>
            <related qcode="spct:offense" rel="skos:broader"/>
            <name xml:lang="en-US">shots-penalty-shot-percentage</name>
            <name xml:lang="en-GB">shots-penalty-shot-percentage</name>
            <definition xml:lang="en-GB">Percentage of penalty shots that resulted in goals.</definition>
            <related uri="http://cv.iptc.org/newscodes/spichstat/" rel="skos:inScheme"/>
        </concept>
        <concept id="spichstatgiveaways">
            <conceptId qcode="spichstat:giveaways" created="2016-05-02T00:00:00+00:00"/>
            <type qcode="cpnat:abstract"/>
            <related qcode="spct:offense" rel="skos:broader"/>
            <name xml:lang="en-US">giveaways</name>
            <name xml:lang="en-GB">giveaways</name>
            <definition xml:lang="en-GB">Number of times that passes were attempted but intercepted. A judgment call
                whose exact conditions vary.</definition>
            <related uri="http://cv.iptc.org/newscodes/spichstat/" rel="skos:inScheme"/>
        </concept>
        <concept id="spichstatminutes-power-play">
            <conceptId qcode="spichstat:minutes-power-play" created="2016-05-02T00:00:00+00:00"/>
            <type qcode="cpnat:abstract"/>
            <related qcode="spct:offense" rel="skos:broader"/>
            <name xml:lang="en-US">minutes-power-play</name>
            <name xml:lang="en-GB">minutes-power-play</name>
            <definition xml:lang="en-GB">Total number of minutes played in a power-play.</definition>
            <related uri="http://cv.iptc.org/newscodes/spichstat/" rel="skos:inScheme"/>
        </concept>
        <concept id="spichstatscoring-chances">
            <conceptId qcode="spichstat:scoring-chances" created="2016-05-02T00:00:00+00:00"/>
            <type qcode="cpnat:abstract"/>
            <related qcode="spct:offense" rel="skos:broader"/>
            <name xml:lang="en-US">scoring-chances</name>
            <name xml:lang="en-GB">scoring-chances</name>
            <definition xml:lang="en-GB">Total number of qualified chances to score.</definition>
            <related uri="http://cv.iptc.org/newscodes/spichstat/" rel="skos:inScheme"/>
        </concept>
        <concept id="spichstathat-tricks">
            <conceptId qcode="spichstat:hat-tricks" created="2016-05-02T00:00:00+00:00"/>
            <type qcode="cpnat:abstract"/>
            <related qcode="spct:offense" rel="skos:broader"/>
            <name xml:lang="en-US">hat-tricks</name>
            <name xml:lang="en-GB">hat-tricks</name>
            <definition xml:lang="en-GB">Total number of hat-trick games.</definition>
            <related uri="http://cv.iptc.org/newscodes/spichstat/" rel="skos:inScheme"/>
        </concept>
        <concept id="spichstatshots-missed">
            <conceptId qcode="spichstat:shots-missed" created="2016-05-02T00:00:00+00:00"/>
            <type qcode="cpnat:abstract"/>
            <related qcode="spct:offense" rel="skos:broader"/>
            <name xml:lang="en-US">shots-missed</name>
            <name xml:lang="en-GB">shots-missed</name>
            <definition xml:lang="en-GB">Total number of shots missed.</definition>
            <related uri="http://cv.iptc.org/newscodes/spichstat/" rel="skos:inScheme"/>
        </concept>
        <concept id="spichstatshot-attempts-blocked">
            <conceptId qcode="spichstat:shot-attempts-blocked" created="2016-05-02T00:00:00+00:00"/>
            <type qcode="cpnat:abstract"/>
            <related qcode="spct:offense" rel="skos:broader"/>
            <name xml:lang="en-US">shot-attempts-blocked</name>
            <name xml:lang="en-GB">shot-attempts-blocked</name>
            <definition xml:lang="en-GB">Number of shots taken which were blocked by an opponent. </definition>
            <related uri="http://cv.iptc.org/newscodes/spichstat/" rel="skos:inScheme"/>
        </concept>
        <concept id="spichstatshots-even-strength">
            <conceptId qcode="spichstat:shots-even-strength" created="2016-05-02T00:00:00+00:00"/>
            <type qcode="cpnat:abstract"/>
            <related qcode="spct:offense" rel="skos:broader"/>
            <name xml:lang="en-US">shots-even-strength</name>
            <name xml:lang="en-GB">shots-even-strength</name>
            <definition xml:lang="en-GB">Number of shots taken at even strength.</definition>
            <related uri="http://cv.iptc.org/newscodes/spichstat/" rel="skos:inScheme"/>
        </concept>
        <concept id="spichstatshots-power-play">
            <conceptId qcode="spichstat:shots-power-play" created="2016-05-02T00:00:00+00:00"/>
            <type qcode="cpnat:abstract"/>
            <related qcode="spct:offense" rel="skos:broader"/>
            <name xml:lang="en-US">shots-power-play</name>
            <name xml:lang="en-GB">shots-power-play</name>
            <definition xml:lang="en-GB">Number of shots taken on power play.</definition>
            <related uri="http://cv.iptc.org/newscodes/spichstat/" rel="skos:inScheme"/>
        </concept>
        <concept id="spichstatshots-short-handed">
            <conceptId qcode="spichstat:shots-short-handed" created="2016-05-02T00:00:00+00:00"/>
            <type qcode="cpnat:abstract"/>
            <related qcode="spct:offense" rel="skos:broader"/>
            <name xml:lang="en-US">shots-short-handed</name>
            <name xml:lang="en-GB">shots-short-handed</name>
            <definition xml:lang="en-GB">Number of shots taken while short-handed.</definition>
            <related uri="http://cv.iptc.org/newscodes/spichstat/" rel="skos:inScheme"/>
        </concept>
        <concept id="spichstatshots-power-play-allowed">
            <conceptId qcode="spichstat:shots-power-play-allowed" created="2016-05-02T00:00:00+00:00"/>
            <type qcode="cpnat:abstract"/>
            <related qcode="spct:defense" rel="skos:broader"/>
            <name xml:lang="en-US">shots-power-play-allowed</name>
            <name xml:lang="en-GB">shots-power-play-allowed</name>
            <definition xml:lang="en-GB">Total number of shots on goal allowed during power-play.</definition>
            <related uri="http://cv.iptc.org/newscodes/spichstat/" rel="skos:inScheme"/>
        </concept>
        <concept id="spichstatshots-penalty-shot-allowed">
            <conceptId qcode="spichstat:shots-penalty-shot-allowed" created="2016-05-02T00:00:00+00:00"/>
            <type qcode="cpnat:abstract"/>
            <related qcode="spct:defense" rel="skos:broader"/>
            <name xml:lang="en-US">shots-penalty-shot-allowed</name>
            <name xml:lang="en-GB">shots-penalty-shot-allowed</name>
            <definition xml:lang="en-GB">Total number of shots allowed as penalty-shots.</definition>
            <related uri="http://cv.iptc.org/newscodes/spichstat/" rel="skos:inScheme"/>
        </concept>
        <concept id="spichstatgoals-power-play-allowed">
            <conceptId qcode="spichstat:goals-power-play-allowed" created="2016-05-02T00:00:00+00:00"/>
            <type qcode="cpnat:abstract"/>
            <related qcode="spct:defense" rel="skos:broader"/>
            <name xml:lang="en-US">goals-power-play-allowed</name>
            <name xml:lang="en-GB">goals-power-play-allowed</name>
            <definition xml:lang="en-GB">Total number of goals allowed while the opposing team has a
                power-play.</definition>
            <related uri="http://cv.iptc.org/newscodes/spichstat/" rel="skos:inScheme"/>
        </concept>
        <concept id="spichstatgoals-penalty-shot-allowed">
            <conceptId qcode="spichstat:goals-penalty-shot-allowed" created="2016-05-02T00:00:00+00:00"/>
            <type qcode="cpnat:abstract"/>
            <related qcode="spct:defense" rel="skos:broader"/>
            <name xml:lang="en-US">goals-penalty-shot-allowed</name>
            <name xml:lang="en-GB">goals-penalty-shot-allowed</name>
            <definition xml:lang="en-GB">Total number of goals allowed as penalty-shots.</definition>
            <related uri="http://cv.iptc.org/newscodes/spichstat/" rel="skos:inScheme"/>
        </concept>
        <concept id="spichstatgoals-empty-net-allowed">
            <conceptId qcode="spichstat:goals-empty-net-allowed" created="2016-05-02T00:00:00+00:00"/>
            <type qcode="cpnat:abstract"/>
            <related qcode="spct:defense" rel="skos:broader"/>
            <name xml:lang="en-US">goals-empty-net-allowed</name>
            <name xml:lang="en-GB">goals-empty-net-allowed</name>
            <definition xml:lang="en-GB">Total number of goals allowed while the net was empty.</definition>
            <related uri="http://cv.iptc.org/newscodes/spichstat/" rel="skos:inScheme"/>
        </concept>
        <concept id="spichstatgoals-short-handed-allowed">
            <conceptId qcode="spichstat:goals-short-handed-allowed" created="2016-05-02T00:00:00+00:00"/>
            <type qcode="cpnat:abstract"/>
            <related qcode="spct:defense" rel="skos:broader"/>
            <name xml:lang="en-US">goals-short-handed-allowed</name>
            <name xml:lang="en-GB">goals-short-handed-allowed</name>
            <definition xml:lang="en-GB">Total number of goals allowed while playing short-handed.</definition>
            <related uri="http://cv.iptc.org/newscodes/spichstat/" rel="skos:inScheme"/>
        </concept>
        <concept id="spichstatgoals-against-total">
            <conceptId qcode="spichstat:goals-against-total" created="2016-05-02T00:00:00+00:00"/>
            <type qcode="cpnat:abstract"/>
            <related qcode="spct:defense" rel="skos:broader"/>
            <name xml:lang="en-US">goals-against-total</name>
            <name xml:lang="en-GB">goals-against-total</name>
            <definition xml:lang="en-GB">Total number of goals against for the given period. Could differ from the
                score if score-points are deducted for some reason.</definition>
            <related uri="http://cv.iptc.org/newscodes/spichstat/" rel="skos:inScheme"/>
        </concept>
        <concept id="spichstatgoals-against-average">
            <conceptId qcode="spichstat:goals-against-average" created="2016-05-02T00:00:00+00:00"/>
            <type qcode="cpnat:abstract"/>
            <related qcode="spct:defense" rel="skos:broader"/>
            <name xml:lang="en-US">goals-against-average</name>
            <name xml:lang="en-GB">goals-against-average</name>
            <definition xml:lang="en-GB">Average number of goals per game allowed by the team.</definition>
            <related uri="http://cv.iptc.org/newscodes/spichstat/" rel="skos:inScheme"/>
        </concept>
        <concept id="spichstatsaves">
            <conceptId qcode="spichstat:saves" created="2016-05-02T00:00:00+00:00"/>
            <type qcode="cpnat:abstract"/>
            <related qcode="spct:defense" rel="skos:broader"/>
            <name xml:lang="en-US">saves</name>
            <name xml:lang="en-GB">saves</name>
            <definition xml:lang="en-GB">Total number of saves.</definition>
            <related uri="http://cv.iptc.org/newscodes/spichstat/" rel="skos:inScheme"/>
        </concept>
        <concept id="spichstatsave-percentage">
            <conceptId qcode="spichstat:save-percentage" created="2016-05-02T00:00:00+00:00"/>
            <type qcode="cpnat:abstract"/>
            <related qcode="spct:defense" rel="skos:broader"/>
            <name xml:lang="en-US">save-percentage</name>
            <name xml:lang="en-GB">save-percentage</name>
            <definition xml:lang="en-GB">Percentage of saves compared to total number of shots.</definition>
            <related uri="http://cv.iptc.org/newscodes/spichstat/" rel="skos:inScheme"/>
        </concept>
        <concept id="spichstatgoals-shootout-allowed">
            <conceptId qcode="spichstat:goals-shootout-allowed" created="2016-05-02T00:00:00+00:00"/>
            <type qcode="cpnat:abstract"/>
            <related qcode="spct:defense" rel="skos:broader"/>
            <name xml:lang="en-US">goals-shootout-allowed</name>
            <name xml:lang="en-GB">goals-shootout-allowed</name>
            <definition xml:lang="en-GB">Number of shootout goals that went in for a score for the opposing
                team.</definition>
            <related uri="http://cv.iptc.org/newscodes/spichstat/" rel="skos:inScheme"/>
        </concept>
        <concept id="spichstatshots-shootout-allowed">
            <conceptId qcode="spichstat:shots-shootout-allowed" created="2016-05-02T00:00:00+00:00"/>
            <type qcode="cpnat:abstract"/>
            <related qcode="spct:defense" rel="skos:broader"/>
            <name xml:lang="en-US">shots-shootout-allowed</name>
            <name xml:lang="en-GB">shots-shootout-allowed</name>
            <definition xml:lang="en-GB">Number of shootout shots that were attempted by the opposing
                team.</definition>
            <related uri="http://cv.iptc.org/newscodes/spichstat/" rel="skos:inScheme"/>
        </concept>
        <concept id="spichstatpenalty-killing-amount">
            <conceptId qcode="spichstat:penalty-killing-amount" created="2016-05-02T00:00:00+00:00"/>
            <type qcode="cpnat:abstract"/>
            <related qcode="spct:defense" rel="skos:broader"/>
            <name xml:lang="en-US">penalty-killing-amount</name>
            <name xml:lang="en-GB">penalty-killing-amount</name>
            <definition xml:lang="en-GB">Number of penalty-killing sessions, aka number of short-handed
                sessions.</definition>
            <related uri="http://cv.iptc.org/newscodes/spichstat/" rel="skos:inScheme"/>
        </concept>
        <concept id="spichstatpenalty-killing-percentage">
            <conceptId qcode="spichstat:penalty-killing-percentage" created="2016-05-02T00:00:00+00:00"/>
            <type qcode="cpnat:abstract"/>
            <related qcode="spct:defense" rel="skos:broader"/>
            <name xml:lang="en-US">penalty-killing-percentage</name>
            <name xml:lang="en-GB">penalty-killing-percentage</name>
            <definition xml:lang="en-GB">Equals goals-penalty-allowed divided by penalty-killing-amount.</definition>
            <related uri="http://cv.iptc.org/newscodes/spichstat/" rel="skos:inScheme"/>
        </concept>
        <concept id="spichstatshots-blocked">
            <conceptId qcode="spichstat:shots-blocked" created="2016-05-02T00:00:00+00:00"/>
            <type qcode="cpnat:abstract"/>
            <related qcode="spct:defense" rel="skos:broader"/>
            <name xml:lang="en-US">shots-blocked</name>
            <name xml:lang="en-GB">shots-blocked</name>
            <definition xml:lang="en-GB">Number of shots that were blocked. This statistic is generally tracked for
                non-goalies.</definition>
            <related uri="http://cv.iptc.org/newscodes/spichstat/" rel="skos:inScheme"/>
        </concept>
        <concept id="spichstattakeaways">
            <conceptId qcode="spichstat:takeaways" created="2016-05-02T00:00:00+00:00"/>
            <type qcode="cpnat:abstract"/>
            <related qcode="spct:defense" rel="skos:broader"/>
            <name xml:lang="en-US">takeaways</name>
            <name xml:lang="en-GB">takeaways</name>
            <definition xml:lang="en-GB">Number of intercepted passes. A judgment call whose exact conditions
                vary.</definition>
            <related uri="http://cv.iptc.org/newscodes/spichstat/" rel="skos:inScheme"/>
        </concept>
        <concept id="spichstatshutouts">
            <conceptId qcode="spichstat:shutouts" created="2016-05-02T00:00:00+00:00"/>
            <type qcode="cpnat:abstract"/>
            <related qcode="spct:defense" rel="skos:broader"/>
            <name xml:lang="en-US">shutouts</name>
            <name xml:lang="en-GB">shutouts</name>
            <definition xml:lang="en-GB">Total number of games where the opposing team did not score.</definition>
            <related uri="http://cv.iptc.org/newscodes/spichstat/" rel="skos:inScheme"/>
        </concept>
        <concept id="spichstatminutes-penalty-killing">
            <conceptId qcode="spichstat:minutes-penalty-killing" created="2016-05-02T00:00:00+00:00"/>
            <type qcode="cpnat:abstract"/>
            <related qcode="spct:defense" rel="skos:broader"/>
            <name xml:lang="en-US">minutes-penalty-killing</name>
            <name xml:lang="en-GB">minutes-penalty-killing</name>
            <definition xml:lang="en-GB">Total number of minutes played short-handed, while the other team had a
                power-play.</definition>
            <related uri="http://cv.iptc.org/newscodes/spichstat/" rel="skos:inScheme"/>
        </concept>
        <concept id="spichstathits">
            <conceptId qcode="spichstat:hits" created="2016-05-02T00:00:00+00:00"/>
            <type qcode="cpnat:abstract"/>
            <related qcode="spct:defense" rel="skos:broader"/>
            <name xml:lang="en-US">hits</name>
            <name xml:lang="en-GB">hits</name>
            <definition xml:lang="en-GB">Number of body checks made against an opposing player.</definition>
            <related uri="http://cv.iptc.org/newscodes/spichstat/" rel="skos:inScheme"/>
        </concept>
        <concept id="spichstatgoaltender-wins">
            <conceptId qcode="spichstat:goaltender-wins" created="2016-05-02T00:00:00+00:00"/>
            <type qcode="cpnat:abstract"/>
            <related qcode="spct:defense" rel="skos:broader"/>
            <name xml:lang="en-US">goaltender-wins</name>
            <name xml:lang="en-GB">goaltender-wins</name>
            <definition xml:lang="en-GB">Total number of games with this goaltender.</definition>
            <related uri="http://cv.iptc.org/newscodes/spichstat/" rel="skos:inScheme"/>
        </concept>
        <concept id="spichstatgoaltender-losses">
            <conceptId qcode="spichstat:goaltender-losses" created="2016-05-02T00:00:00+00:00"/>
            <type qcode="cpnat:abstract"/>
            <related qcode="spct:defense" rel="skos:broader"/>
            <name xml:lang="en-US">goaltender-losses</name>
            <name xml:lang="en-GB">goaltender-losses</name>
            <definition xml:lang="en-GB">Total number of games lost with this goaltender.</definition>
            <related uri="http://cv.iptc.org/newscodes/spichstat/" rel="skos:inScheme"/>
        </concept>
        <concept id="spichstatgoaltender-ties">
            <conceptId qcode="spichstat:goaltender-ties" created="2016-05-02T00:00:00+00:00"/>
            <type qcode="cpnat:abstract"/>
            <related qcode="spct:defense" rel="skos:broader"/>
            <name xml:lang="en-US">goaltender-ties</name>
            <name xml:lang="en-GB">goaltender-ties</name>
            <definition xml:lang="en-GB">Total number of games tied with this goaltender.</definition>
            <related uri="http://cv.iptc.org/newscodes/spichstat/" rel="skos:inScheme"/>
        </concept>
        <concept id="spichstatgoaltender-wins-overtime">
            <conceptId qcode="spichstat:goaltender-wins-overtime" created="2016-05-02T00:00:00+00:00"/>
            <type qcode="cpnat:abstract"/>
            <related qcode="spct:defense" rel="skos:broader"/>
            <name xml:lang="en-US">goaltender-wins-overtime</name>
            <name xml:lang="en-GB">goaltender-wins-overtime</name>
            <definition xml:lang="en-GB">Number of games won while play is in overtime.</definition>
            <related uri="http://cv.iptc.org/newscodes/spichstat/" rel="skos:inScheme"/>
        </concept>
        <concept id="spichstatgoaltender-losses-overtime">
            <conceptId qcode="spichstat:goaltender-losses-overtime" created="2016-05-02T00:00:00+00:00"/>
            <type qcode="cpnat:abstract"/>
            <related qcode="spct:defense" rel="skos:broader"/>
            <name xml:lang="en-US">goaltender-losses-overtime</name>
            <name xml:lang="en-GB">goaltender-losses-overtime</name>
            <definition xml:lang="en-GB">Number of games lost while play is in overtime.</definition>
            <related uri="http://cv.iptc.org/newscodes/spichstat/" rel="skos:inScheme"/>
        </concept>
        <concept id="spichstatfaceoffs-total">
            <conceptId qcode="spichstat:faceoffs-total" created="2016-05-02T00:00:00+00:00"/>
            <type qcode="cpnat:abstract"/>
            <related qcode="spct:faceoff" rel="skos:broader"/>
            <name xml:lang="en-US">faceoffs-total</name>
            <name xml:lang="en-GB">faceoffs-total</name>
            <definition xml:lang="en-GB">Total number of faceoffs taken.</definition>
            <related uri="http://cv.iptc.org/newscodes/spichstat/" rel="skos:inScheme"/>
        </concept>
        <concept id="spichstatfaceoff-wins">
            <conceptId qcode="spichstat:faceoff-wins" created="2016-05-02T00:00:00+00:00"/>
            <type qcode="cpnat:abstract"/>
            <related qcode="spct:faceoff" rel="skos:broader"/>
            <name xml:lang="en-US">faceoff-wins</name>
            <name xml:lang="en-GB">faceoff-wins</name>
            <definition xml:lang="en-GB">Total number of won faceoffs.</definition>
            <related uri="http://cv.iptc.org/newscodes/spichstat/" rel="skos:inScheme"/>
        </concept>
        <concept id="spichstatfaceoff-losses">
            <conceptId qcode="spichstat:faceoff-losses" created="2016-05-02T00:00:00+00:00"/>
            <type qcode="cpnat:abstract"/>
            <related qcode="spct:faceoff" rel="skos:broader"/>
            <name xml:lang="en-US">faceoff-losses</name>
            <name xml:lang="en-GB">faceoff-losses</name>
            <definition xml:lang="en-GB">Total number of lost faceoffs.</definition>
            <related uri="http://cv.iptc.org/newscodes/spichstat/" rel="skos:inScheme"/>
        </concept>
        <concept id="spichstatfaceoff-win-percentage">
            <conceptId qcode="spichstat:faceoff-win-percentage" created="2016-05-02T00:00:00+00:00"/>
            <type qcode="cpnat:abstract"/>
            <related qcode="spct:faceoff" rel="skos:broader"/>
            <name xml:lang="en-US">faceoff-win-percentage</name>
            <name xml:lang="en-GB">faceoff-win-percentage</name>
            <definition xml:lang="en-GB">Percentage of faceoffs that were won.</definition>
            <related uri="http://cv.iptc.org/newscodes/spichstat/" rel="skos:inScheme"/>
        </concept>
        <concept id="spichstatfaceoffs-even-strength-total">
            <conceptId qcode="spichstat:faceoffs-even-strength-total" created="2016-05-02T00:00:00+00:00"/>
            <type qcode="cpnat:abstract"/>
            <related qcode="spct:faceoff" rel="skos:broader"/>
            <name xml:lang="en-US">faceoffs-even-strength-total</name>
            <name xml:lang="en-GB">faceoffs-even-strength-total</name>
            <definition xml:lang="en-GB">Number of faceoffs taken at even strength.</definition>
            <related uri="http://cv.iptc.org/newscodes/spichstat/" rel="skos:inScheme"/>
        </concept>
        <concept id="spichstatfaceoffs-even-strength-wins">
            <conceptId qcode="spichstat:faceoffs-even-strength-wins" created="2016-05-02T00:00:00+00:00"/>
            <type qcode="cpnat:abstract"/>
            <related qcode="spct:faceoff" rel="skos:broader"/>
            <name xml:lang="en-US">faceoffs-even-strength-wins</name>
            <name xml:lang="en-GB">faceoffs-even-strength-wins</name>
            <definition xml:lang="en-GB">Number of faceoffs won at even strength.</definition>
            <related uri="http://cv.iptc.org/newscodes/spichstat/" rel="skos:inScheme"/>
        </concept>
        <concept id="spichstatfaceoffs-even-strength-losses">
            <conceptId qcode="spichstat:faceoffs-even-strength-losses" created="2016-05-02T00:00:00+00:00"/>
            <type qcode="cpnat:abstract"/>
            <related qcode="spct:faceoff" rel="skos:broader"/>
            <name xml:lang="en-US">faceoffs-even-strength-losses</name>
            <name xml:lang="en-GB">faceoffs-even-strength-losses</name>
            <definition xml:lang="en-GB">Number of faceoffs lost at even strength.</definition>
            <related uri="http://cv.iptc.org/newscodes/spichstat/" rel="skos:inScheme"/>
        </concept>
        <concept id="spichstatfaceoffs-even-strength-win-percentage">
            <conceptId qcode="spichstat:faceoffs-even-strength-win-percentage" created="2016-05-02T00:00:00+00:00"/>
            <type qcode="cpnat:abstract"/>
            <related qcode="spct:faceoff" rel="skos:broader"/>
            <name xml:lang="en-US">faceoffs-even-strength-win-percentage</name>
            <name xml:lang="en-GB">faceoffs-even-strength-win-percentage</name>
            <definition xml:lang="en-GB">Percentage of faceoffs won at even strength.</definition>
            <related uri="http://cv.iptc.org/newscodes/spichstat/" rel="skos:inScheme"/>
        </concept>
        <concept id="spichstatfaceoffs-power-play-total">
            <conceptId qcode="spichstat:faceoffs-power-play-total" created="2016-05-02T00:00:00+00:00"/>
            <type qcode="cpnat:abstract"/>
            <related qcode="spct:faceoff" rel="skos:broader"/>
            <name xml:lang="en-US">faceoffs-power-play-total</name>
            <name xml:lang="en-GB">faceoffs-power-play-total</name>
            <definition xml:lang="en-GB">Number of faceoffs taken on power play.</definition>
            <related uri="http://cv.iptc.org/newscodes/spichstat/" rel="skos:inScheme"/>
        </concept>
        <concept id="spichstatfaceoffs-power-play-wins">
            <conceptId qcode="spichstat:faceoffs-power-play-wins" created="2016-05-02T00:00:00+00:00"/>
            <type qcode="cpnat:abstract"/>
            <related qcode="spct:faceoff" rel="skos:broader"/>
            <name xml:lang="en-US">faceoffs-power-play-wins</name>
            <name xml:lang="en-GB">faceoffs-power-play-wins</name>
            <definition xml:lang="en-GB">Number of faceoffs won on power play.</definition>
            <related uri="http://cv.iptc.org/newscodes/spichstat/" rel="skos:inScheme"/>
        </concept>
        <concept id="spichstatfaceoffs-power-play-losses">
            <conceptId qcode="spichstat:faceoffs-power-play-losses" created="2016-05-02T00:00:00+00:00"/>
            <type qcode="cpnat:abstract"/>
            <related qcode="spct:faceoff" rel="skos:broader"/>
            <name xml:lang="en-US">faceoffs-power-play-losses</name>
            <name xml:lang="en-GB">faceoffs-power-play-losses</name>
            <definition xml:lang="en-GB">Number of faceoffs lost on power play.</definition>
            <related uri="http://cv.iptc.org/newscodes/spichstat/" rel="skos:inScheme"/>
        </concept>
        <concept id="spichstatfaceoffs-power-play-win-percentage">
            <conceptId qcode="spichstat:faceoffs-power-play-win-percentage" created="2016-05-02T00:00:00+00:00"/>
            <type qcode="cpnat:abstract"/>
            <related qcode="spct:faceoff" rel="skos:broader"/>
            <name xml:lang="en-US">faceoffs-power-play-win-percentage</name>
            <name xml:lang="en-GB">faceoffs-power-play-win-percentage</name>
            <definition xml:lang="en-GB">Percentage of faceoffs won on power play.</definition>
            <related uri="http://cv.iptc.org/newscodes/spichstat/" rel="skos:inScheme"/>
        </concept>
        <concept id="spichstatfaceoffs-short-handed-total">
            <conceptId qcode="spichstat:faceoffs-short-handed-total" created="2016-05-02T00:00:00+00:00"/>
            <type qcode="cpnat:abstract"/>
            <related qcode="spct:faceoff" rel="skos:broader"/>
            <name xml:lang="en-US">faceoffs-short-handed-total</name>
            <name xml:lang="en-GB">faceoffs-short-handed-total</name>
            <definition xml:lang="en-GB">Number of faceoffs taken while short-handed.</definition>
            <related uri="http://cv.iptc.org/newscodes/spichstat/" rel="skos:inScheme"/>
        </concept>
        <concept id="spichstatfaceoffs-short-handed-wins">
            <conceptId qcode="spichstat:faceoffs-short-handed-wins" created="2016-05-02T00:00:00+00:00"/>
            <type qcode="cpnat:abstract"/>
            <related qcode="spct:faceoff" rel="skos:broader"/>
            <name xml:lang="en-US">faceoffs-short-handed-wins</name>
            <name xml:lang="en-GB">faceoffs-short-handed-wins</name>
            <definition xml:lang="en-GB">Number of faceoffs won while short-handed.</definition>
            <related uri="http://cv.iptc.org/newscodes/spichstat/" rel="skos:inScheme"/>
        </concept>
        <concept id="spichstatfaceoffs-short-handed-losses">
            <conceptId qcode="spichstat:faceoffs-short-handed-losses" created="2016-05-02T00:00:00+00:00"/>
            <type qcode="cpnat:abstract"/>
            <related qcode="spct:faceoff" rel="skos:broader"/>
            <name xml:lang="en-US">faceoffs-short-handed-losses</name>
            <name xml:lang="en-GB">faceoffs-short-handed-losses</name>
            <definition xml:lang="en-GB">Number of faceoffs lost while short-handed.</definition>
            <related uri="http://cv.iptc.org/newscodes/spichstat/" rel="skos:inScheme"/>
        </concept>
        <concept id="spichstatfaceoffs-short-handed-win-percentage">
            <conceptId qcode="spichstat:faceoffs-short-handed-win-percentage" created="2016-05-02T00:00:00+00:00"/>
            <type qcode="cpnat:abstract"/>
            <related qcode="spct:faceoff" rel="skos:broader"/>
            <name xml:lang="en-US">faceoffs-short-handed-win-percentage</name>
            <name xml:lang="en-GB">faceoffs-short-handed-win-percentage</name>
            <definition xml:lang="en-GB">Percentage of faceoffs won while short-handed.</definition>
            <related uri="http://cv.iptc.org/newscodes/spichstat/" rel="skos:inScheme"/>
        </concept>
        <concept id="spichstatshifts">
            <conceptId qcode="spichstat:shifts" created="2016-05-02T00:00:00+00:00"/>
            <type qcode="cpnat:abstract"/>
            <related qcode="spct:time-on-ice" rel="skos:broader"/>
            <name xml:lang="en-US">shifts</name>
            <name xml:lang="en-GB">shifts</name>
            <definition xml:lang="en-GB">Number of shifts played.</definition>
            <related uri="http://cv.iptc.org/newscodes/spichstat/" rel="skos:inScheme"/>
        </concept>
        <concept id="spichstatshifts-power-play">
            <conceptId qcode="spichstat:shifts-power-play" created="2016-05-02T00:00:00+00:00"/>
            <type qcode="cpnat:abstract"/>
            <related qcode="spct:time-on-ice" rel="skos:broader"/>
            <name xml:lang="en-US">shifts-power-play</name>
            <name xml:lang="en-GB">shifts-power-play</name>
            <definition xml:lang="en-GB">Number of power-play shifts played.</definition>
            <related uri="http://cv.iptc.org/newscodes/spichstat/" rel="skos:inScheme"/>
        </concept>
        <concept id="spichstatshifts-short-handed">
            <conceptId qcode="spichstat:shifts-short-handed" created="2016-05-02T00:00:00+00:00"/>
            <type qcode="cpnat:abstract"/>
            <related qcode="spct:time-on-ice" rel="skos:broader"/>
            <name xml:lang="en-US">shifts-short-handed</name>
            <name xml:lang="en-GB">shifts-short-handed</name>
            <definition xml:lang="en-GB">Number of short-handed shifts played.</definition>
            <related uri="http://cv.iptc.org/newscodes/spichstat/" rel="skos:inScheme"/>
        </concept>
        <concept id="spichstatshifts-average">
            <conceptId qcode="spichstat:shifts-average" created="2016-05-02T00:00:00+00:00"/>
            <type qcode="cpnat:abstract"/>
            <related qcode="spct:time-on-ice" rel="skos:broader"/>
            <name xml:lang="en-US">shifts-average</name>
            <name xml:lang="en-GB">shifts-average</name>
            <definition xml:lang="en-GB">Average number of shifts played.</definition>
            <related uri="http://cv.iptc.org/newscodes/spichstat/" rel="skos:inScheme"/>
        </concept>
        <concept id="spichstattime-average-per-shift">
            <conceptId qcode="spichstat:time-average-per-shift" created="2016-05-02T00:00:00+00:00"/>
            <type qcode="cpnat:abstract"/>
            <related qcode="spct:time-on-ice" rel="skos:broader"/>
            <name xml:lang="en-US">time-average-per-shift</name>
            <name xml:lang="en-GB">time-average-per-shift</name>
            <definition xml:lang="en-GB">Average amount of time played per shift.</definition>
            <related uri="http://cv.iptc.org/newscodes/spichstat/" rel="skos:inScheme"/>
        </concept>
        <concept id="spichstattime-average-even-strength">
            <conceptId qcode="spichstat:time-average-even-strength" created="2016-05-02T00:00:00+00:00"/>
            <type qcode="cpnat:abstract"/>
            <related qcode="spct:time-on-ice" rel="skos:broader"/>
            <name xml:lang="en-US">time-average-even-strength</name>
            <name xml:lang="en-GB">time-average-even-strength</name>
            <definition xml:lang="en-GB">Average amount of time played at even strength.</definition>
            <related uri="http://cv.iptc.org/newscodes/spichstat/" rel="skos:inScheme"/>
        </concept>
        <concept id="spichstattime-average-short-handed">
            <conceptId qcode="spichstat:time-average-short-handed" created="2016-05-02T00:00:00+00:00"/>
            <type qcode="cpnat:abstract"/>
            <related qcode="spct:time-on-ice" rel="skos:broader"/>
            <name xml:lang="en-US">time-average-short-handed</name>
            <name xml:lang="en-GB">time-average-short-handed</name>
            <definition xml:lang="en-GB">Average amount of time played short-handed.</definition>
            <related uri="http://cv.iptc.org/newscodes/spichstat/" rel="skos:inScheme"/>
        </concept>
        <concept id="spichstattime-average-power-play">
            <conceptId qcode="spichstat:time-average-power-play" created="2016-05-02T00:00:00+00:00"/>
            <type qcode="cpnat:abstract"/>
            <related qcode="spct:time-on-ice" rel="skos:broader"/>
            <name xml:lang="en-US">time-average-power-play</name>
            <name xml:lang="en-GB">time-average-power-play</name>
            <definition xml:lang="en-GB">Average amount of time played on power play.</definition>
            <related uri="http://cv.iptc.org/newscodes/spichstat/" rel="skos:inScheme"/>
        </concept>
        <concept id="spichstattime-power-play">
            <conceptId qcode="spichstat:time-power-play" created="2016-05-02T00:00:00+00:00"/>
            <type qcode="cpnat:abstract"/>
            <related qcode="spct:time-on-ice" rel="skos:broader"/>
            <name xml:lang="en-US">time-power-play</name>
            <name xml:lang="en-GB">time-power-play</name>
            <definition xml:lang="en-GB">Amount of time played on power play.</definition>
            <related uri="http://cv.iptc.org/newscodes/spichstat/" rel="skos:inScheme"/>
        </concept>
        <concept id="spichstattime-short-handed">
            <conceptId qcode="spichstat:time-short-handed" created="2016-05-02T00:00:00+00:00"/>
            <type qcode="cpnat:abstract"/>
            <related qcode="spct:time-on-ice" rel="skos:broader"/>
            <name xml:lang="en-US">time-short-handed</name>
            <name xml:lang="en-GB">time-short-handed</name>
            <definition xml:lang="en-GB">Amount of time played short-handed.</definition>
            <related uri="http://cv.iptc.org/newscodes/spichstat/" rel="skos:inScheme"/>
        </concept>
        <concept id="spichstattime-even-strength">
            <conceptId qcode="spichstat:time-even-strength" created="2016-05-02T00:00:00+00:00"/>
            <type qcode="cpnat:abstract"/>
            <related qcode="spct:time-on-ice" rel="skos:broader"/>
            <name xml:lang="en-US">time-even-strength</name>
            <name xml:lang="en-GB">time-even-strength</name>
            <definition xml:lang="en-GB">Amount of time played at even strength.</definition>
            <related uri="http://cv.iptc.org/newscodes/spichstat/" rel="skos:inScheme"/>
        </concept>
        <concept id="spichstattime-empty-net">
            <conceptId qcode="spichstat:time-empty-net" created="2016-05-02T00:00:00+00:00"/>
            <type qcode="cpnat:abstract"/>
            <related qcode="spct:time-on-ice" rel="skos:broader"/>
            <name xml:lang="en-US">time-empty-net</name>
            <name xml:lang="en-GB">time-empty-net</name>
            <definition xml:lang="en-GB">Amount of time played with an empty net.</definition>
            <related uri="http://cv.iptc.org/newscodes/spichstat/" rel="skos:inScheme"/>
        </concept>
        <concept id="spichstattime-power-play-empty-net">
            <conceptId qcode="spichstat:time-power-play-empty-net" created="2016-05-02T00:00:00+00:00"/>
            <type qcode="cpnat:abstract"/>
            <related qcode="spct:time-on-ice" rel="skos:broader"/>
            <name xml:lang="en-US">time-power-play-empty-net</name>
            <name xml:lang="en-GB">time-power-play-empty-net</name>
            <definition xml:lang="en-GB">Amount of time played on power play with empty net.</definition>
            <related uri="http://cv.iptc.org/newscodes/spichstat/" rel="skos:inScheme"/>
        </concept>
        <concept id="spichstattime-short-handed-empty-net">
            <conceptId qcode="spichstat:time-short-handed-empty-net" created="2016-05-02T00:00:00+00:00"/>
            <type qcode="cpnat:abstract"/>
            <related qcode="spct:time-on-ice" rel="skos:broader"/>
            <name xml:lang="en-US">time-short-handed-empty-net</name>
            <name xml:lang="en-GB">time-short-handed-empty-net</name>
            <definition xml:lang="en-GB">Amount of time played short-handed with empty net.</definition>
            <related uri="http://cv.iptc.org/newscodes/spichstat/" rel="skos:inScheme"/>
        </concept>
        <concept id="spichstattime-even-strength-empty-net">
            <conceptId qcode="spichstat:time-even-strength-empty-net" created="2016-05-02T00:00:00+00:00"/>
            <type qcode="cpnat:abstract"/>
            <related qcode="spct:time-on-ice" rel="skos:broader"/>
            <name xml:lang="en-US">time-even-strength-empty-net</name>
            <name xml:lang="en-GB">time-even-strength-empty-net</name>
            <definition xml:lang="en-GB">Amount of time played even strength with empty net.</definition>
            <related uri="http://cv.iptc.org/newscodes/spichstat/" rel="skos:inScheme"/>
        </concept>
    </conceptSet>
    <schemeMeta uri="http://cv.iptc.org/newscodes/spichstat/" authority="http://www.iptc.org"
        preferredalias="spichstat">
        <definition xml:lang="en-GB">Vocabulary of statistics for Ice Hockey</definition>
        <name xml:lang="en-US">Ice Hockey Statistics</name>
            <name xml:lang="en-GB">Ice Hockey Statistics</name>
        <related qcode="spichstat:minutes-played" rel="skos:hasTopConcept"/>
        <related qcode="spichstat:plus-minus" rel="skos:hasTopConcept"/>
        <related qcode="spichstat:plus-total" rel="skos:hasTopConcept"/>
        <related qcode="spichstat:minus-total" rel="skos:hasTopConcept"/>
        <related qcode="spichstat:penalty-minutes" rel="skos:hasTopConcept"/>
        <related qcode="spichstat:goals-total" rel="skos:hasTopConcept"/>
        <related qcode="spichstat:goals-game-winning" rel="skos:hasTopConcept"/>
        <related qcode="spichstat:goals-game-tying" rel="skos:hasTopConcept"/>
        <related qcode="spichstat:goals-power-play" rel="skos:hasTopConcept"/>
        <related qcode="spichstat:goals-short-handed" rel="skos:hasTopConcept"/>
        <related qcode="spichstat:goals-even-strength" rel="skos:hasTopConcept"/>
        <related qcode="spichstat:goals-empty-net" rel="skos:hasTopConcept"/>
        <related qcode="spichstat:goals-overtime" rel="skos:hasTopConcept"/>
        <related qcode="spichstat:goals-shootout" rel="skos:hasTopConcept"/>
        <related qcode="spichstat:goals-shootout-attempts" rel="skos:hasTopConcept"/>
        <related qcode="spichstat:goals-penalty-shot" rel="skos:hasTopConcept"/>
        <related qcode="spichstat:goals-per-game" rel="skos:hasTopConcept"/>
        <related qcode="spichstat:assists" rel="skos:hasTopConcept"/>
        <related qcode="spichstat:assists-power-play" rel="skos:hasTopConcept"/>
        <related qcode="spichstat:assists-short-handed" rel="skos:hasTopConcept"/>
        <related qcode="spichstat:assists-game-winning" rel="skos:hasTopConcept"/>
        <related qcode="spichstat:assists-game-tying" rel="skos:hasTopConcept"/>
        <related qcode="spichstat:assists-overtime" rel="skos:hasTopConcept"/>
        <related qcode="spichstat:points" rel="skos:hasTopConcept"/>
        <related qcode="spichstat:points-power-play" rel="skos:hasTopConcept"/>
        <related qcode="spichstat:points-short-handed" rel="skos:hasTopConcept"/>
        <related qcode="spichstat:power-play-amount" rel="skos:hasTopConcept"/>
        <related qcode="spichstat:power-play-percentage" rel="skos:hasTopConcept"/>
        <related qcode="spichstat:shots-penalty-shot-taken" rel="skos:hasTopConcept"/>
        <related qcode="spichstat:shots-penalty-shot-missed" rel="skos:hasTopConcept"/>
        <related qcode="spichstat:shots-penalty-shot-percentage" rel="skos:hasTopConcept"/>
        <related qcode="spichstat:giveaways" rel="skos:hasTopConcept"/>
        <related qcode="spichstat:minutes-power-play" rel="skos:hasTopConcept"/>
        <related qcode="spichstat:scoring-chances" rel="skos:hasTopConcept"/>
        <related qcode="spichstat:hat-tricks" rel="skos:hasTopConcept"/>
        <related qcode="spichstat:shots-missed" rel="skos:hasTopConcept"/>
        <related qcode="spichstat:shot-attempts-blocked" rel="skos:hasTopConcept"/>
        <related qcode="spichstat:shots-even-strength" rel="skos:hasTopConcept"/>
        <related qcode="spichstat:shots-power-play" rel="skos:hasTopConcept"/>
        <related qcode="spichstat:shots-short-handed" rel="skos:hasTopConcept"/>
        <related qcode="spichstat:shots-power-play-allowed" rel="skos:hasTopConcept"/>
        <related qcode="spichstat:shots-penalty-shot-allowed" rel="skos:hasTopConcept"/>
        <related qcode="spichstat:goals-power-play-allowed" rel="skos:hasTopConcept"/>
        <related qcode="spichstat:goals-penalty-shot-allowed" rel="skos:hasTopConcept"/>
        <related qcode="spichstat:goals-empty-net-allowed" rel="skos:hasTopConcept"/>
        <related qcode="spichstat:goals-short-handed-allowed" rel="skos:hasTopConcept"/>
        <related qcode="spichstat:goals-against-total" rel="skos:hasTopConcept"/>
        <related qcode="spichstat:goals-against-average" rel="skos:hasTopConcept"/>
        <related qcode="spichstat:saves" rel="skos:hasTopConcept"/>
        <related qcode="spichstat:save-percentage" rel="skos:hasTopConcept"/>
        <related qcode="spichstat:goals-shootout-allowed" rel="skos:hasTopConcept"/>
        <related qcode="spichstat:shots-shootout-allowed" rel="skos:hasTopConcept"/>
        <related qcode="spichstat:penalty-killing-amount" rel="skos:hasTopConcept"/>
        <related qcode="spichstat:penalty-killing-percentage" rel="skos:hasTopConcept"/>
        <related qcode="spichstat:shots-blocked" rel="skos:hasTopConcept"/>
        <related qcode="spichstat:takeaways" rel="skos:hasTopConcept"/>
        <related qcode="spichstat:shutouts" rel="skos:hasTopConcept"/>
        <related qcode="spichstat:minutes-penalty-killing" rel="skos:hasTopConcept"/>
        <related qcode="spichstat:hits" rel="skos:hasTopConcept"/>
        <related qcode="spichstat:goaltender-wins" rel="skos:hasTopConcept"/>
        <related qcode="spichstat:goaltender-losses" rel="skos:hasTopConcept"/>
        <related qcode="spichstat:goaltender-ties" rel="skos:hasTopConcept"/>
        <related qcode="spichstat:goaltender-wins-overtime" rel="skos:hasTopConcept"/>
        <related qcode="spichstat:goaltender-losses-overtime" rel="skos:hasTopConcept"/>
        <related qcode="spichstat:faceoffs-total" rel="skos:hasTopConcept"/>
        <related qcode="spichstat:faceoff-wins" rel="skos:hasTopConcept"/>
        <related qcode="spichstat:faceoff-losses" rel="skos:hasTopConcept"/>
        <related qcode="spichstat:faceoff-win-percentage" rel="skos:hasTopConcept"/>
        <related qcode="spichstat:faceoffs-even-strength-total" rel="skos:hasTopConcept"/>
        <related qcode="spichstat:faceoffs-even-strength-wins" rel="skos:hasTopConcept"/>
        <related qcode="spichstat:faceoffs-even-strength-losses" rel="skos:hasTopConcept"/>
        <related qcode="spichstat:faceoffs-even-strength-win-percentage" rel="skos:hasTopConcept"/>
        <related qcode="spichstat:faceoffs-power-play-total" rel="skos:hasTopConcept"/>
        <related qcode="spichstat:faceoffs-power-play-wins" rel="skos:hasTopConcept"/>
        <related qcode="spichstat:faceoffs-power-play-losses" rel="skos:hasTopConcept"/>
        <related qcode="spichstat:faceoffs-power-play-win-percentage" rel="skos:hasTopConcept"/>
        <related qcode="spichstat:faceoffs-short-handed-total" rel="skos:hasTopConcept"/>
        <related qcode="spichstat:faceoffs-short-handed-wins" rel="skos:hasTopConcept"/>
        <related qcode="spichstat:faceoffs-short-handed-losses" rel="skos:hasTopConcept"/>
        <related qcode="spichstat:faceoffs-short-handed-win-percentage" rel="skos:hasTopConcept"/>
        <related qcode="spichstat:shifts" rel="skos:hasTopConcept"/>
        <related qcode="spichstat:shifts-power-play" rel="skos:hasTopConcept"/>
        <related qcode="spichstat:shifts-short-handed" rel="skos:hasTopConcept"/>
        <related qcode="spichstat:shifts-average" rel="skos:hasTopConcept"/>
        <related qcode="spichstat:time-average-per-shift" rel="skos:hasTopConcept"/>
        <related qcode="spichstat:time-average-even-strength" rel="skos:hasTopConcept"/>
        <related qcode="spichstat:time-average-short-handed" rel="skos:hasTopConcept"/>
        <related qcode="spichstat:time-average-power-play" rel="skos:hasTopConcept"/>
        <related qcode="spichstat:time-power-play" rel="skos:hasTopConcept"/>
        <related qcode="spichstat:time-short-handed" rel="skos:hasTopConcept"/>
        <related qcode="spichstat:time-even-strength" rel="skos:hasTopConcept"/>
        <related qcode="spichstat:time-empty-net" rel="skos:hasTopConcept"/>
        <related qcode="spichstat:time-power-play-empty-net" rel="skos:hasTopConcept"/>
        <related qcode="spichstat:time-short-handed-empty-net" rel="skos:hasTopConcept"/>
        <related qcode="spichstat:time-even-strength-empty-net" rel="skos:hasTopConcept"/>
        <schemeMetaExtProperty rel="ikos:availLang" value="en-US"/>
        <schemeMetaExtProperty rel="ikos:availLang" value="en-GB"/>
    </schemeMeta>
</knowledgeItem>
