<knowledgeItem xmlns="http://iptc.org/std/nar/2006-10-01/" standard="NewsML-G2"
    standardversion="2.18" conformance="power"
    guid="urn:newsml:iptc.org:20080229:srcncdki-spichaction" version="1">
    <catalogRef href="http://www.iptc.org/std/catalog/catalog.IPTC-G2-Standards_25.xml"/>
    <catalogRef href="http://www.iptc.org/std/catalog/catalog.IPTC-Sports_1.xml"/>
    <rightsInfo>
        <copyrightHolder uri="http://cv.iptc.org/newscodes/newsprovider/IPTC">
            <name>IPTC - International Press Telecommunications Council</name>
        </copyrightHolder>
        <copyrightNotice>Copyright 2016, IPTC, www.iptc.org, Rights Reserved</copyrightNotice>
        <usageTerms href="http://creativecommons.org/licenses/by/4.0/">the Creative Commons
            Attribution (CC BY) 4.0 license applies to all NewsCodes</usageTerms>
    </rightsInfo>
    <itemMeta>
        <itemClass qcode="cinat:scheme"/>
        <provider uri="http://cv.iptc.org/newscodes/newsprovider/IPTC">
            <name>IPTC</name>
        </provider>
        <versionCreated>2016-06-13T15:15:32-04:00</versionCreated>
        <pubStatus qcode="stat:usable"/>
    </itemMeta>
    <contentMeta>
        <subject qcode="subj:15000000">
            <name xml:lang="en-US">sport</name>
            <name xml:lang="en-GB">sport</name>
        </subject>
        <subject qcode="subj:15031000">
            <name xml:lang="en-US">ice-hockey</name>
            <name xml:lang="en-GB">ice-hockey</name>
            <broader qcode="subj:15000000"/>
        </subject>
        <description>Types of ice hockey actions</description>
    </contentMeta>
    <conceptSet>
        <concept id="spichactionfaceoff">
            <conceptId qcode="spichaction:faceoff" created="2016-05-02T00:00:00+00:00"/>
            <type qcode="cpnat:abstract"/>
            <name xml:lang="en-US">faceoff</name>
            <name xml:lang="en-GB">faceoff</name>
            <definition/>
            <related uri="http://cv.iptc.org/newscodes/spichaction/" rel="skos:inScheme"/>
        </concept>
        <concept id="spichactionsubstitution">
            <conceptId qcode="spichaction:substitution" created="2016-05-02T00:00:00+00:00"/>
            <type qcode="cpnat:abstract"/>
            <name xml:lang="en-US">substitution</name>
            <name xml:lang="en-GB">substitution</name>
            <definition/>
            <related uri="http://cv.iptc.org/newscodes/spichaction/" rel="skos:inScheme"/>
        </concept>
        <concept id="spichactionshot">
            <conceptId qcode="spichaction:shot" created="2016-05-02T00:00:00+00:00"/>
            <type qcode="cpnat:abstract"/>
            <name xml:lang="en-US">shot</name>
            <name xml:lang="en-GB">shot</name>
            <definition/>
            <related uri="http://cv.iptc.org/newscodes/spichaction/" rel="skos:inScheme"/>
        </concept>
        <concept id="spichactionhit">
            <conceptId qcode="spichaction:hit" created="2016-05-02T00:00:00+00:00"/>
            <type qcode="cpnat:abstract"/>
            <name xml:lang="en-US">hit</name>
            <name xml:lang="en-GB">hit</name>
            <definition/>
            <related uri="http://cv.iptc.org/newscodes/spichaction/" rel="skos:inScheme"/>
        </concept>
        <concept id="spichactionturnover">
            <conceptId qcode="spichaction:turnover" created="2016-05-02T00:00:00+00:00"/>
            <type qcode="cpnat:abstract"/>
            <name xml:lang="en-US">turnover</name>
            <name xml:lang="en-GB">turnover</name>
            <definition/>
            <related uri="http://cv.iptc.org/newscodes/spichaction/" rel="skos:inScheme"/>
        </concept>
        <concept id="spichactionpenalty-shot">
            <conceptId qcode="spichaction:penalty-shot" created="2016-05-02T00:00:00+00:00"/>
            <type qcode="cpnat:abstract"/>
            <name xml:lang="en-US">penalty-shot</name>
            <name xml:lang="en-GB">penalty-shot</name>
            <definition/>
            <related uri="http://cv.iptc.org/newscodes/spichaction/" rel="skos:inScheme"/>
        </concept>
        <concept id="spichactionshootout">
            <conceptId qcode="spichaction:shootout" created="2016-05-02T00:00:00+00:00"/>
            <type qcode="cpnat:abstract"/>
            <name xml:lang="en-US">shootout</name>
            <name xml:lang="en-GB">shootout</name>
            <definition/>
            <related uri="http://cv.iptc.org/newscodes/spichaction/" rel="skos:inScheme"/>
        </concept>
        <concept id="spichactionpenalty">
            <conceptId qcode="spichaction:penalty" created="2016-05-02T00:00:00+00:00"/>
            <type qcode="cpnat:abstract"/>
            <name xml:lang="en-US">penalty</name>
            <name xml:lang="en-GB">penalty</name>
            <definition/>
            <related uri="http://cv.iptc.org/newscodes/spichaction/" rel="skos:inScheme"/>
        </concept>
        <concept id="spichactiongiveaway">
            <conceptId qcode="spichaction:giveaway" created="2016-05-02T00:00:00+00:00"/>
            <type qcode="cpnat:abstract"/>
            <name xml:lang="en-US">giveaway</name>
            <name xml:lang="en-GB">giveaway</name>
            <definition/>
            <related uri="http://cv.iptc.org/newscodes/spichaction/" rel="skos:inScheme"/>
        </concept>
        <concept id="spichactiontakeaway">
            <conceptId qcode="spichaction:takeaway" created="2016-05-02T00:00:00+00:00"/>
            <type qcode="cpnat:abstract"/>
            <name xml:lang="en-US">takeaway</name>
            <name xml:lang="en-GB">takeaway</name>
            <definition/>
            <related uri="http://cv.iptc.org/newscodes/spichaction/" rel="skos:inScheme"/>
        </concept>
        <concept id="spichactionpass">
            <conceptId qcode="spichaction:pass" created="2016-05-02T00:00:00+00:00"/>
            <type qcode="cpnat:abstract"/>
            <name xml:lang="en-US">pass</name>
            <name xml:lang="en-GB">pass</name>
            <definition/>
            <related uri="http://cv.iptc.org/newscodes/spichaction/" rel="skos:inScheme"/>
        </concept>
    </conceptSet>
    <schemeMeta authority="http://www.iptc.org" uri="http://cv.iptc.org/newscodes/spichaction/"
        preferredalias="spichaction">
        <definition xml:lang="en-GB">Types of ice hockey actions</definition>
        <name xml:lang="en-US">Ice Hockey Actions</name>
            <name xml:lang="en-GB">Ice Hockey Actions</name>
        <related qcode="spichaction:faceoff" rel="skos:hasTopConcept"/>
        <related qcode="spichaction:substitution" rel="skos:hasTopConcept"/>
        <related qcode="spichaction:shot" rel="skos:hasTopConcept"/>
        <related qcode="spichaction:hit" rel="skos:hasTopConcept"/>
        <related qcode="spichaction:turnover" rel="skos:hasTopConcept"/>
        <related qcode="spichaction:penalty-shot" rel="skos:hasTopConcept"/>
        <related qcode="spichaction:shootout" rel="skos:hasTopConcept"/>
        <related qcode="spichaction:penalty" rel="skos:hasTopConcept"/>
        <related qcode="spichaction:giveaway" rel="skos:hasTopConcept"/>
        <related qcode="spichaction:takeaway" rel="skos:hasTopConcept"/>
        <related qcode="spichaction:pass" rel="skos:hasTopConcept"/>
        <schemeMetaExtProperty rel="ikos:availLang" value="en-US"/>
        <schemeMetaExtProperty rel="ikos:availLang" value="en-GB"/>
    </schemeMeta>
</knowledgeItem>
