<knowledgeItem xmlns="http://iptc.org/std/nar/2006-10-01/" standard="NewsML-G2"
    standardversion="2.18" conformance="power"
    guid="urn:newsml:iptc.org:20080229:srcncdki-spichpenaltylevel" version="1">
    <catalogRef href="http://www.iptc.org/std/catalog/catalog.IPTC-G2-Standards_25.xml"/>
    <catalogRef href="http://www.iptc.org/std/catalog/catalog.IPTC-Sports_1.xml"/>
    <rightsInfo>
        <copyrightHolder uri="http://cv.iptc.org/newscodes/newsprovider/IPTC">
            <name>IPTC - International Press Telecommunications Council</name>
        </copyrightHolder>
        <copyrightNotice>Copyright 2016, IPTC, www.iptc.org, Rights Reserved</copyrightNotice>
        <usageTerms href="http://creativecommons.org/licenses/by/4.0/">the Creative Commons
            Attribution (CC BY) 4.0 license applies to all NewsCodes</usageTerms>
    </rightsInfo>
    <itemMeta>
        <itemClass qcode="cinat:scheme"/>
        <provider uri="http://cv.iptc.org/newscodes/newsprovider/IPTC">
            <name>IPTC</name>
        </provider>
        <versionCreated>2016-06-13T15:15:32-04:00</versionCreated>
        <pubStatus qcode="stat:usable"/>
    </itemMeta>
    <contentMeta>
        <subject qcode="subj:15000000">
            <name xml:lang="en-US">sport</name>
            <name xml:lang="en-GB">sport</name>
        </subject>
        <subject qcode="subj:15031000">
            <name xml:lang="en-US">ice-hockey</name>
            <name xml:lang="en-GB">ice-hockey</name>
            <broader qcode="subj:15000000"/>
        </subject>
        <description>Levels of penalty in ice-hockey.</description>
    </contentMeta>
    <conceptSet>
        <concept id="spichpenaltylevelminor">
            <conceptId qcode="spichpenaltylevel:minor" created="2016-05-02T00:00:00+00:00"/>
            <type qcode="cpnat:abstract"/>
            <name xml:lang="en-US">minor</name>
            <name xml:lang="en-GB">minor</name>
            <definition xml:lang="en-GB">A two-minute penalty given to a player.</definition>
            <related uri="http://cv.iptc.org/newscodes/spichpenaltylevel/" rel="skos:inScheme"/>
        </concept>
        <concept id="spichpenaltylevelbench-minor">
            <conceptId qcode="spichpenaltylevel:bench-minor" created="2016-05-02T00:00:00+00:00"/>
            <type qcode="cpnat:abstract"/>
            <name xml:lang="en-US">bench-minor</name>
            <name xml:lang="en-GB">bench-minor</name>
            <definition xml:lang="en-GB">A two-minute penalty given to a team (served by player on that
                team).</definition>
            <related uri="http://cv.iptc.org/newscodes/spichpenaltylevel/" rel="skos:inScheme"/>
        </concept>
        <concept id="spichpenaltyleveldouble-minor">
            <conceptId qcode="spichpenaltylevel:double-minor" created="2016-05-02T00:00:00+00:00"/>
            <type qcode="cpnat:abstract"/>
            <name xml:lang="en-US">double-minor</name>
            <name xml:lang="en-GB">double-minor</name>
            <definition xml:lang="en-GB">A four-minute penalty given to a player.</definition>
            <related uri="http://cv.iptc.org/newscodes/spichpenaltylevel/" rel="skos:inScheme"/>
        </concept>
        <concept id="spichpenaltylevelmajor">
            <conceptId qcode="spichpenaltylevel:major" created="2016-05-02T00:00:00+00:00"/>
            <type qcode="cpnat:abstract"/>
            <name xml:lang="en-US">major</name>
            <name xml:lang="en-GB">major</name>
            <definition xml:lang="en-GB">A five-minute penalty given to a player.</definition>
            <related uri="http://cv.iptc.org/newscodes/spichpenaltylevel/" rel="skos:inScheme"/>
        </concept>
        <concept id="spichpenaltylevelmisconduct">
            <conceptId qcode="spichpenaltylevel:misconduct" created="2016-05-02T00:00:00+00:00"/>
            <type qcode="cpnat:abstract"/>
            <name xml:lang="en-US">misconduct</name>
            <name xml:lang="en-GB">misconduct</name>
            <definition xml:lang="en-GB">A ten-minute penalty given to a player.</definition>
            <related uri="http://cv.iptc.org/newscodes/spichpenaltylevel/" rel="skos:inScheme"/>
        </concept>
        <concept id="spichpenaltylevelmatch">
            <conceptId qcode="spichpenaltylevel:match" created="2016-05-02T00:00:00+00:00"/>
            <type qcode="cpnat:abstract"/>
            <name xml:lang="en-US">match</name>
            <name xml:lang="en-GB">match</name>
            <definition xml:lang="en-GB">A player is removed for the balance of the game. A substitute is allowed
                after five minutes.</definition>
            <related uri="http://cv.iptc.org/newscodes/spichpenaltylevel/" rel="skos:inScheme"/>
        </concept>
        <concept id="spichpenaltylevelgame-misconduct">
            <conceptId qcode="spichpenaltylevel:game-misconduct" created="2016-05-02T00:00:00+00:00"/>
            <type qcode="cpnat:abstract"/>
            <name xml:lang="en-US">game-misconduct</name>
            <name xml:lang="en-GB">game-misconduct</name>
            <definition xml:lang="en-GB">Suspension of a player for the balance of the game. A substitute is
                permitted to replace the penalized player immediately.</definition>
            <related uri="http://cv.iptc.org/newscodes/spichpenaltylevel/" rel="skos:inScheme"/>
        </concept>
        <concept id="spichpenaltylevelgross-misconduct">
            <conceptId qcode="spichpenaltylevel:gross-misconduct" created="2016-05-02T00:00:00+00:00"/>
            <type qcode="cpnat:abstract"/>
            <name xml:lang="en-US">gross-misconduct</name>
            <name xml:lang="en-GB">gross-misconduct</name>
            <definition xml:lang="en-GB">Suspension of any player, coach or trainer for the balance of the game. A
                substitute is permitted to replace the penalized player immediately.</definition>
            <related uri="http://cv.iptc.org/newscodes/spichpenaltylevel/" rel="skos:inScheme"/>
        </concept>
        <concept id="spichpenaltylevelpenalty-shot">
            <conceptId qcode="spichpenaltylevel:penalty-shot" created="2016-05-02T00:00:00+00:00"/>
            <type qcode="cpnat:abstract"/>
            <name xml:lang="en-US">penalty-shot</name>
            <name xml:lang="en-GB">penalty-shot</name>
            <definition xml:lang="en-GB">For certain penalities, a free shot is awarded instead of a player being
                required to serve penalty time.</definition>
            <related uri="http://cv.iptc.org/newscodes/spichpenaltylevel/" rel="skos:inScheme"/>
        </concept>
    </conceptSet>
    <schemeMeta authority="http://www.iptc.org"
        uri="http://cv.iptc.org/newscodes/spichpenaltylevel/"
        preferredalias="spichpenaltylevel">
        <definition xml:lang="en-GB">Levels of penalty in ice-hockey.</definition>
        <name xml:lang="en-US">Ice Hockey Penalty Levels</name>
            <name xml:lang="en-GB">Ice Hockey Penalty Levels</name>
        <related qcode="spichpenaltylevel:minor" rel="skos:hasTopConcept"/>
        <related qcode="spichpenaltylevel:bench-minor" rel="skos:hasTopConcept"/>
        <related qcode="spichpenaltylevel:double-minor" rel="skos:hasTopConcept"/>
        <related qcode="spichpenaltylevel:major" rel="skos:hasTopConcept"/>
        <related qcode="spichpenaltylevel:misconduct" rel="skos:hasTopConcept"/>
        <related qcode="spichpenaltylevel:match" rel="skos:hasTopConcept"/>
        <related qcode="spichpenaltylevel:game-misconduct" rel="skos:hasTopConcept"/>
        <related qcode="spichpenaltylevel:gross-misconduct" rel="skos:hasTopConcept"/>
        <related qcode="spichpenaltylevel:penalty-shot" rel="skos:hasTopConcept"/>
        <schemeMetaExtProperty rel="ikos:availLang" value="en-US"/>
        <schemeMetaExtProperty rel="ikos:availLang" value="en-GB"/>
    </schemeMeta>
</knowledgeItem>
