<knowledgeItem xmlns="http://iptc.org/std/nar/2006-10-01/"
    xmlns:xs="http://www.w3.org/2001/XMLSchema" xmlns:newsml="http://iptc.org/std/nar/2006-10-01/"
    standard="NewsML-G2" standardversion="2.18" conformance="power"
    guid="urn:newsml:iptc.org:20080229:srcncdki-spichposition" version="1">
    <catalogRef href="http://www.iptc.org/std/catalog/catalog.IPTC-G2-Standards_25.xml"/>
    <catalogRef href="http://www.iptc.org/std/catalog/catalog.IPTC-Sports_1.xml"/>
    <rightsInfo>
        <copyrightHolder uri="http://cv.iptc.org/newscodes/newsprovider/IPTC">
            <name>IPTC - International Press Telecommunications Council</name>
        </copyrightHolder>
        <copyrightNotice>Copyright 2016, IPTC, www.iptc.org, Rights Reserved</copyrightNotice>
        <usageTerms href="http://creativecommons.org/licenses/by/4.0/">the Creative Commons
            Attribution (CC BY) 4.0 license applies to all NewsCodes</usageTerms>
    </rightsInfo>
    <itemMeta>
        <itemClass qcode="cinat:scheme"/>
        <provider uri="http://cv.iptc.org/newscodes/newsprovider/IPTC">
            <name>IPTC</name>
        </provider>
        <versionCreated>2016-06-13T15:15:32-04:00</versionCreated>
        <pubStatus qcode="stat:usable"/>
    </itemMeta>
    <contentMeta>
        <subject qcode="subj:15000000">
            <name xml:lang="en-US">sport</name>
            <name xml:lang="en-GB">sport</name>
        </subject>
        <subject qcode="subj:15031000">
            <name xml:lang="en-US">icehockey</name>
            <name xml:lang="en-GB">icehockey</name>
            <broader qcode="subj:15000000"/>
        </subject>
        <description>Ice Hockey player positions</description>
    </contentMeta>
    <conceptSet>
        <concept id="spichpositiondefenseman">
            <conceptId qcode="spichposition:defenseman" created="2016-05-02T00:00:00+00:00"/>
            <type qcode="cpnat:abstract"/>
            <name xml:lang="en-US">defenseman</name>
            <name xml:lang="en-GB">defenseman</name>
            <definition/>
            <related uri="http://cv.iptc.org/newscodes/spichposition/" rel="skos:inScheme"/>
        </concept>
        <concept id="spichpositionleft-defenseman">
            <conceptId qcode="spichposition:left-defenseman" created="2016-05-02T00:00:00+00:00"/>
            <type qcode="cpnat:abstract"/>
            <name xml:lang="en-US">left-defenseman</name>
            <name xml:lang="en-GB">left-defenseman</name>
            <definition/>
            <related uri="http://cv.iptc.org/newscodes/spichposition/" rel="skos:inScheme"/>
        </concept>
        <concept id="spichpositionright-defenseman">
            <conceptId qcode="spichposition:right-defenseman" created="2016-05-02T00:00:00+00:00"/>
            <type qcode="cpnat:abstract"/>
            <name xml:lang="en-US">right-defenseman</name>
            <name xml:lang="en-GB">right-defenseman</name>
            <definition/>
            <related uri="http://cv.iptc.org/newscodes/spichposition/" rel="skos:inScheme"/>
        </concept>
        <concept id="spichpositionforward">
            <conceptId qcode="spichposition:forward" created="2016-05-02T00:00:00+00:00"/>
            <type qcode="cpnat:abstract"/>
            <name xml:lang="en-US">forward</name>
            <name xml:lang="en-GB">forward</name>
            <definition/>
            <related uri="http://cv.iptc.org/newscodes/spichposition/" rel="skos:inScheme"/>
        </concept>
        <concept id="spichpositioncenter">
            <conceptId qcode="spichposition:center" created="2016-05-02T00:00:00+00:00"/>
            <type qcode="cpnat:abstract"/>
            <name xml:lang="en-US">center</name>
            <name xml:lang="en-GB">center</name>
            <definition/>
            <related uri="http://cv.iptc.org/newscodes/spichposition/" rel="skos:inScheme"/>
        </concept>
        <concept id="spichpositionleft-forward">
            <conceptId qcode="spichposition:left-forward" created="2016-05-02T00:00:00+00:00"/>
            <type qcode="cpnat:abstract"/>
            <name xml:lang="en-US">left-forward</name>
            <name xml:lang="en-GB">left-forward</name>
            <definition/>
            <related uri="http://cv.iptc.org/newscodes/spichposition/" rel="skos:inScheme"/>
        </concept>
        <concept id="spichpositionright-forward">
            <conceptId qcode="spichposition:right-forward" created="2016-05-02T00:00:00+00:00"/>
            <type qcode="cpnat:abstract"/>
            <name xml:lang="en-US">right-forward</name>
            <name xml:lang="en-GB">right-forward</name>
            <definition/>
            <related uri="http://cv.iptc.org/newscodes/spichposition/" rel="skos:inScheme"/>
        </concept>
        <concept id="spichpositiongoalie">
            <conceptId qcode="spichposition:goalie" created="2016-05-02T00:00:00+00:00"/>
            <type qcode="cpnat:abstract"/>
            <name xml:lang="en-US">goalie</name>
            <name xml:lang="en-GB">goalie</name>
            <definition/>
            <related uri="http://cv.iptc.org/newscodes/spichposition/" rel="skos:inScheme"/>
        </concept>
        <concept id="spichpositionreferee">
            <conceptId qcode="spichposition:referee" created="2016-05-02T00:00:00+00:00"/>
            <type qcode="cpnat:abstract"/>
            <name xml:lang="en-US">referee</name>
            <name xml:lang="en-GB">referee</name>
            <definition/>
            <related uri="http://cv.iptc.org/newscodes/spichposition/" rel="skos:inScheme"/>
        </concept>
        <concept id="spichpositionlinesman">
            <conceptId qcode="spichposition:linesman" created="2016-05-02T00:00:00+00:00"/>
            <type qcode="cpnat:abstract"/>
            <name xml:lang="en-US">linesman</name>
            <name xml:lang="en-GB">linesman</name>
            <definition/>
            <related uri="http://cv.iptc.org/newscodes/spichposition/" rel="skos:inScheme"/>
        </concept>
        <concept id="spichpositiongoal-judge">
            <conceptId qcode="spichposition:goal-judge" created="2016-05-02T00:00:00+00:00"/>
            <type qcode="cpnat:abstract"/>
            <name xml:lang="en-US">goal-judge</name>
            <name xml:lang="en-GB">goal-judge</name>
            <definition/>
            <related uri="http://cv.iptc.org/newscodes/spichposition/" rel="skos:inScheme"/>
        </concept>
        <concept id="spichpositionpenalty-timekeeper">
            <conceptId qcode="spichposition:penalty-timekeeper" created="2016-05-02T00:00:00+00:00"/>
            <type qcode="cpnat:abstract"/>
            <name xml:lang="en-US">penalty-timekeeper</name>
            <name xml:lang="en-GB">penalty-timekeeper</name>
            <definition/>
            <related uri="http://cv.iptc.org/newscodes/spichposition/" rel="skos:inScheme"/>
        </concept>
        <concept id="spichpositionofficial-scorer">
            <conceptId qcode="spichposition:official-scorer" created="2016-05-02T00:00:00+00:00"/>
            <type qcode="cpnat:abstract"/>
            <name xml:lang="en-US">official-scorer</name>
            <name xml:lang="en-GB">official-scorer</name>
            <definition/>
            <related uri="http://cv.iptc.org/newscodes/spichposition/" rel="skos:inScheme"/>
        </concept>
        <concept id="spichpositiongame-timekeeper">
            <conceptId qcode="spichposition:game-timekeeper" created="2016-05-02T00:00:00+00:00"/>
            <type qcode="cpnat:abstract"/>
            <name xml:lang="en-US">game-timekeeper</name>
            <name xml:lang="en-GB">game-timekeeper</name>
            <definition/>
            <related uri="http://cv.iptc.org/newscodes/spichposition/" rel="skos:inScheme"/>
        </concept>
        <concept id="spichpositioncoach">
            <conceptId qcode="spichposition:coach" created="2016-05-02T00:00:00+00:00"/>
            <type qcode="cpnat:abstract"/>
            <name xml:lang="en-US">coach</name>
            <name xml:lang="en-GB">coach</name>
            <definition/>
            <related uri="http://cv.iptc.org/newscodes/spichposition/" rel="skos:inScheme"/>
        </concept>
        <concept id="spichpositionassistant-coach">
            <conceptId qcode="spichposition:assistant-coach" created="2016-05-02T00:00:00+00:00"/>
            <type qcode="cpnat:abstract"/>
            <name xml:lang="en-US">assistant-coach</name>
            <name xml:lang="en-GB">assistant-coach</name>
            <definition/>
            <related uri="http://cv.iptc.org/newscodes/spichposition/" rel="skos:inScheme"/>
        </concept>
    </conceptSet>
    <schemeMeta authority="http://www.iptc.org" uri="http://cv.iptc.org/newscodes/spichposition/"
        preferredalias="spichposition">
        <definition xml:lang="en-GB">Ice Hockey player positions</definition>
        <name xml:lang="en-US">Ice Hockey Player Positions</name>
            <name xml:lang="en-GB">Ice Hockey Player Positions</name>
        <related qcode="spichposition:defenseman" rel="skos:hasTopConcept"/>
        <related qcode="spichposition:left-defenseman" rel="skos:hasTopConcept"/>
        <related qcode="spichposition:right-defenseman" rel="skos:hasTopConcept"/>
        <related qcode="spichposition:forward" rel="skos:hasTopConcept"/>
        <related qcode="spichposition:center" rel="skos:hasTopConcept"/>
        <related qcode="spichposition:left-forward" rel="skos:hasTopConcept"/>
        <related qcode="spichposition:right-forward" rel="skos:hasTopConcept"/>
        <related qcode="spichposition:goalie" rel="skos:hasTopConcept"/>
        <related qcode="spichposition:referee" rel="skos:hasTopConcept"/>
        <related qcode="spichposition:linesman" rel="skos:hasTopConcept"/>
        <related qcode="spichposition:goal-judge" rel="skos:hasTopConcept"/>
        <related qcode="spichposition:penalty-timekeeper" rel="skos:hasTopConcept"/>
        <related qcode="spichposition:official-scorer" rel="skos:hasTopConcept"/>
        <related qcode="spichposition:game-timekeeper" rel="skos:hasTopConcept"/>
        <related qcode="spichposition:coach" rel="skos:hasTopConcept"/>
        <related qcode="spichposition:assistant-coach" rel="skos:hasTopConcept"/>
        <schemeMetaExtProperty rel="ikos:availLang" value="en-US"/>
        <schemeMetaExtProperty rel="ikos:availLang" value="en-GB"/>
    </schemeMeta>
</knowledgeItem>
