<knowledgeItem xmlns="http://iptc.org/std/nar/2006-10-01/"
    xmlns:xs="http://www.w3.org/2001/XMLSchema" xmlns:newsml="http://iptc.org/std/nar/2006-10-01/"
    standard="NewsML-G2" standardversion="2.18" conformance="power"
    guid="urn:newsml:iptc.org:20080229:srcncdki-spichzone" version="1">
    <catalogRef href="http://www.iptc.org/std/catalog/catalog.IPTC-G2-Standards_25.xml"/>
    <catalogRef href="http://www.iptc.org/std/catalog/catalog.IPTC-Sports_1.xml"/>
    <rightsInfo>
        <copyrightHolder uri="http://cv.iptc.org/newscodes/newsprovider/IPTC">
            <name>IPTC - International Press Telecommunications Council</name>
        </copyrightHolder>
        <copyrightNotice>Copyright 2016, IPTC, www.iptc.org, Rights Reserved</copyrightNotice>
        <usageTerms href="http://creativecommons.org/licenses/by/4.0/">the Creative Commons
            Attribution (CC BY) 4.0 license applies to all NewsCodes</usageTerms>
    </rightsInfo>
    <itemMeta>
        <itemClass qcode="cinat:scheme"/>
        <provider uri="http://cv.iptc.org/newscodes/newsprovider/IPTC">
            <name>IPTC</name>
        </provider>
        <versionCreated>2016-06-13T15:15:32-04:00</versionCreated>
        <pubStatus qcode="stat:usable"/>
    </itemMeta>
    <contentMeta>
        <subject qcode="subj:15000000">
            <name xml:lang="en-US">sport</name>
            <name xml:lang="en-GB">sport</name>
        </subject>
        <subject qcode="subj:15031000">
            <name xml:lang="en-US">icehockey</name>
            <name xml:lang="en-GB">icehockey</name>
            <broader qcode="subj:15000000"/>
        </subject>
        <description>Zones on ice hockey rinks</description>
    </contentMeta>
    <conceptSet>
        <concept id="spichzoneoffense">
            <conceptId qcode="spichzone:offense" created="2016-05-02T00:00:00+00:00"/>
            <type qcode="cpnat:abstract"/>
            <name xml:lang="en-US">offense</name>
            <name xml:lang="en-GB">offense</name>
            <definition/>
            <related uri="http://cv.iptc.org/newscodes/spichzone/" rel="skos:inScheme"/>
        </concept>
        <concept id="spichzonedefense">
            <conceptId qcode="spichzone:defense" created="2016-05-02T00:00:00+00:00"/>
            <type qcode="cpnat:abstract"/>
            <name xml:lang="en-US">defense</name>
            <name xml:lang="en-GB">defense</name>
            <definition/>
            <related uri="http://cv.iptc.org/newscodes/spichzone/" rel="skos:inScheme"/>
        </concept>
        <concept id="spichzoneneutral">
            <conceptId qcode="spichzone:neutral" created="2016-05-02T00:00:00+00:00"/>
            <type qcode="cpnat:abstract"/>
            <name xml:lang="en-US">neutral</name>
            <name xml:lang="en-GB">neutral</name>
            <definition/>
            <related uri="http://cv.iptc.org/newscodes/spichzone/" rel="skos:inScheme"/>
        </concept>
    </conceptSet>
    <schemeMeta authority="http://www.iptc.org" uri="http://cv.iptc.org/newscodes/spichzone/"
        preferredalias="spichzone">
        <definition xml:lang="en-GB">Zones on ice hockey rinks</definition>
        <name xml:lang="en-US">Ice Hockey Rink Zones</name>
            <name xml:lang="en-GB">Ice Hockey Rink Zones</name>
        <related qcode="spichzone:offense" rel="skos:hasTopConcept"/>
        <related qcode="spichzone:defense" rel="skos:hasTopConcept"/>
        <related qcode="spichzone:neutral" rel="skos:hasTopConcept"/>
        <schemeMetaExtProperty rel="ikos:availLang" value="en-US"/>
        <schemeMetaExtProperty rel="ikos:availLang" value="en-GB"/>
    </schemeMeta>
</knowledgeItem>
