<knowledgeItem xmlns="http://iptc.org/std/nar/2006-10-01/"
    xmlns:xs="http://www.w3.org/2001/XMLSchema" xmlns:newsml="http://iptc.org/std/nar/2006-10-01/"
    standard="NewsML-G2" standardversion="2.18" conformance="power"
    guid="urn:newsml:iptc.org:20080229:srcncdki-spichrole" version="1">
    <catalogRef href="http://www.iptc.org/std/catalog/catalog.IPTC-G2-Standards_25.xml"/>
    <catalogRef href="http://www.iptc.org/std/catalog/catalog.IPTC-Sports_1.xml"/>
    <rightsInfo>
        <copyrightHolder uri="http://cv.iptc.org/newscodes/newsprovider/IPTC">
            <name>IPTC - International Press Telecommunications Council</name>
        </copyrightHolder>
        <copyrightNotice>Copyright 2016, IPTC, www.iptc.org, Rights Reserved</copyrightNotice>
        <usageTerms href="http://creativecommons.org/licenses/by/4.0/">the Creative Commons
            Attribution (CC BY) 4.0 license applies to all NewsCodes</usageTerms>
    </rightsInfo>
    <itemMeta>
        <itemClass qcode="cinat:scheme"/>
        <provider uri="http://cv.iptc.org/newscodes/newsprovider/IPTC">
            <name>IPTC</name>
        </provider>
        <versionCreated>2016-06-13T15:15:32-04:00</versionCreated>
        <pubStatus qcode="stat:usable"/>
    </itemMeta>
    <contentMeta>
        <subject qcode="subj:15000000">
            <name xml:lang="en-US">sport</name>
            <name xml:lang="en-GB">sport</name>
        </subject>
        <subject qcode="subj:15031000">
            <name xml:lang="en-US">icehockey</name>
            <name xml:lang="en-GB">icehockey</name>
            <broader qcode="subj:15000000"/>
        </subject>
        <description>Role of player in the described action.</description>
    </contentMeta>
    <conceptSet>
        <concept id="spichroleon-ice">
            <conceptId qcode="spichrole:on-ice" created="2016-05-02T00:00:00+00:00"/>
            <type qcode="cpnat:abstract"/>
            <name xml:lang="en-US">on-ice</name>
            <name xml:lang="en-GB">on-ice</name>
            <definition/>
            <related uri="http://cv.iptc.org/newscodes/spichrole/" rel="skos:inScheme"/>
        </concept>
        <concept id="spichrolescorer">
            <conceptId qcode="spichrole:scorer" created="2016-05-02T00:00:00+00:00"/>
            <type qcode="cpnat:abstract"/>
            <name xml:lang="en-US">scorer</name>
            <name xml:lang="en-GB">scorer</name>
            <definition/>
            <related uri="http://cv.iptc.org/newscodes/spichrole/" rel="skos:inScheme"/>
        </concept>
        <concept id="spichroleassist">
            <conceptId qcode="spichrole:assist" created="2016-05-02T00:00:00+00:00"/>
            <type qcode="cpnat:abstract"/>
            <name xml:lang="en-US">assist</name>
            <name xml:lang="en-GB">assist</name>
            <definition/>
            <related uri="http://cv.iptc.org/newscodes/spichrole/" rel="skos:inScheme"/>
        </concept>
        <concept id="spichrolegoaltender">
            <conceptId qcode="spichrole:goaltender" created="2016-05-02T00:00:00+00:00"/>
            <type qcode="cpnat:abstract"/>
            <name xml:lang="en-US">goaltender</name>
            <name xml:lang="en-GB">goaltender</name>
            <definition/>
            <related uri="http://cv.iptc.org/newscodes/spichrole/" rel="skos:inScheme"/>
        </concept>
        <concept id="spichroleshooter">
            <conceptId qcode="spichrole:shooter" created="2016-05-02T00:00:00+00:00"/>
            <type qcode="cpnat:abstract"/>
            <name xml:lang="en-US">shooter</name>
            <name xml:lang="en-GB">shooter</name>
            <definition/>
            <related uri="http://cv.iptc.org/newscodes/spichrole/" rel="skos:inScheme"/>
        </concept>
        <concept id="spichroleblocker">
            <conceptId qcode="spichrole:blocker" created="2016-05-02T00:00:00+00:00"/>
            <type qcode="cpnat:abstract"/>
            <name xml:lang="en-US">blocker</name>
            <name xml:lang="en-GB">blocker</name>
            <definition/>
            <related uri="http://cv.iptc.org/newscodes/spichrole/" rel="skos:inScheme"/>
        </concept>
        <concept id="spichrolehitter">
            <conceptId qcode="spichrole:hitter" created="2016-05-02T00:00:00+00:00"/>
            <type qcode="cpnat:abstract"/>
            <name xml:lang="en-US">hitter</name>
            <name xml:lang="en-GB">hitter</name>
            <definition/>
            <related uri="http://cv.iptc.org/newscodes/spichrole/" rel="skos:inScheme"/>
        </concept>
        <concept id="spichrolehittee">
            <conceptId qcode="spichrole:hittee" created="2016-05-02T00:00:00+00:00"/>
            <type qcode="cpnat:abstract"/>
            <name xml:lang="en-US">hittee</name>
            <name xml:lang="en-GB">hittee</name>
            <definition/>
            <related uri="http://cv.iptc.org/newscodes/spichrole/" rel="skos:inScheme"/>
        </concept>
        <concept id="spichroleshot">
            <conceptId qcode="spichrole:shot" created="2016-05-02T00:00:00+00:00"/>
            <type qcode="cpnat:abstract"/>
            <name xml:lang="en-US">shot</name>
            <name xml:lang="en-GB">shot</name>
            <definition/>
            <related uri="http://cv.iptc.org/newscodes/spichrole/" rel="skos:inScheme"/>
        </concept>
        <concept id="spichrolepenalty-committed-by">
            <conceptId qcode="spichrole:penalty-committed-by" created="2016-05-02T00:00:00+00:00"/>
            <type qcode="cpnat:abstract"/>
            <name xml:lang="en-US">penalty-committed-by</name>
            <name xml:lang="en-GB">penalty-committed-by</name>
            <definition/>
            <related uri="http://cv.iptc.org/newscodes/spichrole/" rel="skos:inScheme"/>
        </concept>
        <concept id="spichrolepenalty-committed-against">
            <conceptId qcode="spichrole:penalty-committed-against" created="2016-05-02T00:00:00+00:00"/>
            <type qcode="cpnat:abstract"/>
            <name xml:lang="en-US">penalty-committed-against</name>
            <name xml:lang="en-GB">penalty-committed-against</name>
            <definition/>
            <related uri="http://cv.iptc.org/newscodes/spichrole/" rel="skos:inScheme"/>
        </concept>
        <concept id="spichrolepenalty-served-by">
            <conceptId qcode="spichrole:penalty-served-by" created="2016-05-02T00:00:00+00:00"/>
            <type qcode="cpnat:abstract"/>
            <name xml:lang="en-US">penalty-served-by</name>
            <name xml:lang="en-GB">penalty-served-by</name>
            <definition/>
            <related uri="http://cv.iptc.org/newscodes/spichrole/" rel="skos:inScheme"/>
        </concept>
        <concept id="spichrolefaceoff-winner">
            <conceptId qcode="spichrole:faceoff-winner" created="2016-05-02T00:00:00+00:00"/>
            <type qcode="cpnat:abstract"/>
            <name xml:lang="en-US">faceoff-winner</name>
            <name xml:lang="en-GB">faceoff-winner</name>
            <definition/>
            <related uri="http://cv.iptc.org/newscodes/spichrole/" rel="skos:inScheme"/>
        </concept>
        <concept id="spichrolefaceoff-loser">
            <conceptId qcode="spichrole:faceoff-loser" created="2016-05-02T00:00:00+00:00"/>
            <type qcode="cpnat:abstract"/>
            <name xml:lang="en-US">faceoff-loser</name>
            <name xml:lang="en-GB">faceoff-loser</name>
            <definition/>
            <related uri="http://cv.iptc.org/newscodes/spichrole/" rel="skos:inScheme"/>
        </concept>
        <concept id="spichrolegiveaway">
            <conceptId qcode="spichrole:giveaway" created="2016-05-02T00:00:00+00:00"/>
            <type qcode="cpnat:abstract"/>
            <name xml:lang="en-US">giveaway</name>
            <name xml:lang="en-GB">giveaway</name>
            <definition/>
            <related uri="http://cv.iptc.org/newscodes/spichrole/" rel="skos:inScheme"/>
        </concept>
        <concept id="spichroletakeaway">
            <conceptId qcode="spichrole:takeaway" created="2016-05-02T00:00:00+00:00"/>
            <type qcode="cpnat:abstract"/>
            <name xml:lang="en-US">takeaway</name>
            <name xml:lang="en-GB">takeaway</name>
            <definition/>
            <related uri="http://cv.iptc.org/newscodes/spichrole/" rel="skos:inScheme"/>
        </concept>
        <concept id="spichroleoff-ice">
            <conceptId qcode="spichrole:off-ice" created="2016-05-02T00:00:00+00:00"/>
            <type qcode="cpnat:abstract"/>
            <name xml:lang="en-US">off-ice</name>
            <name xml:lang="en-GB">off-ice</name>
            <definition/>
            <related uri="http://cv.iptc.org/newscodes/spichrole/" rel="skos:inScheme"/>
        </concept>
    </conceptSet>
    <schemeMeta authority="http://www.iptc.org" uri="http://cv.iptc.org/newscodes/spichrole/"
        preferredalias="spichrole">
        <definition xml:lang="en-GB">Role of player in the described action.</definition>
        <name xml:lang="en-US">Ice Hockey Player Roles</name>
            <name xml:lang="en-GB">Ice Hockey Player Roles</name>
        <related qcode="spichrole:on-ice" rel="skos:hasTopConcept"/>
        <related qcode="spichrole:scorer" rel="skos:hasTopConcept"/>
        <related qcode="spichrole:assist" rel="skos:hasTopConcept"/>
        <related qcode="spichrole:goaltender" rel="skos:hasTopConcept"/>
        <related qcode="spichrole:shooter" rel="skos:hasTopConcept"/>
        <related qcode="spichrole:blocker" rel="skos:hasTopConcept"/>
        <related qcode="spichrole:hitter" rel="skos:hasTopConcept"/>
        <related qcode="spichrole:hittee" rel="skos:hasTopConcept"/>
        <related qcode="spichrole:shot" rel="skos:hasTopConcept"/>
        <related qcode="spichrole:penalty-committed-by" rel="skos:hasTopConcept"/>
        <related qcode="spichrole:penalty-committed-against" rel="skos:hasTopConcept"/>
        <related qcode="spichrole:penalty-served-by" rel="skos:hasTopConcept"/>
        <related qcode="spichrole:faceoff-winner" rel="skos:hasTopConcept"/>
        <related qcode="spichrole:faceoff-loser" rel="skos:hasTopConcept"/>
        <related qcode="spichrole:giveaway" rel="skos:hasTopConcept"/>
        <related qcode="spichrole:takeaway" rel="skos:hasTopConcept"/>
        <related qcode="spichrole:off-ice" rel="skos:hasTopConcept"/>
        <schemeMetaExtProperty rel="ikos:availLang" value="en-US"/>
        <schemeMetaExtProperty rel="ikos:availLang" value="en-GB"/>
    </schemeMeta>
</knowledgeItem>
