<knowledgeItem xmlns="http://iptc.org/std/nar/2006-10-01/"
    xmlns:xs="http://www.w3.org/2001/XMLSchema" xmlns:newsml="http://iptc.org/std/nar/2006-10-01/"
    standard="NewsML-G2" standardversion="2.18" conformance="power"
    guid="urn:newsml:iptc.org:20080229:srcncdki-spvolstat" version="1">
    <catalogRef href="http://www.iptc.org/std/catalog/catalog.IPTC-G2-Standards_25.xml"/>
    <catalogRef href="http://www.iptc.org/std/catalog/catalog.IPTC-Sports_1.xml"/>
    <rightsInfo>
        <copyrightHolder uri="http://cv.iptc.org/newscodes/newsprovider/IPTC">
            <name>IPTC - International Press Telecommunications Council</name>
        </copyrightHolder>
        <copyrightNotice>Copyright 2016, IPTC, www.iptc.org, Rights Reserved</copyrightNotice>
        <usageTerms href="http://creativecommons.org/licenses/by/4.0/">the Creative Commons
            Attribution (CC BY) 4.0 license applies to all NewsCodes</usageTerms>
    </rightsInfo>
    <itemMeta>
        <itemClass qcode="cinat:scheme"/>
        <provider uri="http://cv.iptc.org/newscodes/newsprovider/IPTC">
            <name>IPTC</name>
        </provider>
        <versionCreated>2016-06-13T15:15:32-04:00</versionCreated>
        <pubStatus qcode="stat:usable"/>
    </itemMeta>
    <contentMeta>
        <subject qcode="subj:15000000">
            <name xml:lang="en-US">sport</name>
            <name xml:lang="en-GB">sport</name>
        </subject>
        <subject qcode="subj:15067000">
            <name xml:lang="en-US">volleyball</name>
            <name xml:lang="en-GB">volleyball</name>
            <broader qcode="subj:15000000"/>
        </subject>
        <description>Vocabulary of statistics for Volleyball</description>
    </contentMeta>
    <conceptSet>
        <concept id="spvolstaterrors-oppenent">
            <conceptId qcode="spvolstat:errors-oppenent" created="2016-05-02T00:00:00+00:00"/>
            <type qcode="cpnat:abstract"/>
            <name xml:lang="en-US">errors-oppenent</name>
            <name xml:lang="en-GB">errors-oppenent</name>
            <definition/>
            <related uri="http://cv.iptc.org/newscodes/spvolstat/" rel="skos:inScheme"/>
        </concept>
        <concept id="spvolstatfaults-opponent">
            <conceptId qcode="spvolstat:faults-opponent" created="2016-05-02T00:00:00+00:00"/>
            <type qcode="cpnat:abstract"/>
            <name xml:lang="en-US">faults-opponent</name>
            <name xml:lang="en-GB">faults-opponent</name>
            <definition/>
            <related uri="http://cv.iptc.org/newscodes/spvolstat/" rel="skos:inScheme"/>
        </concept>
        <concept id="spvolstatpoints">
            <conceptId qcode="spvolstat:points" created="2016-05-02T00:00:00+00:00"/>
            <type qcode="cpnat:abstract"/>
            <name xml:lang="en-US">points</name>
            <name xml:lang="en-GB">points</name>
            <definition/>
            <related uri="http://cv.iptc.org/newscodes/spvolstat/" rel="skos:inScheme"/>
        </concept>
        <concept id="spvolstatpoint-attempts">
            <conceptId qcode="spvolstat:point-attempts" created="2016-05-02T00:00:00+00:00"/>
            <type qcode="cpnat:abstract"/>
            <name xml:lang="en-US">point-attempts</name>
            <name xml:lang="en-GB">point-attempts</name>
            <definition/>
            <related uri="http://cv.iptc.org/newscodes/spvolstat/" rel="skos:inScheme"/>
        </concept>
        <concept id="spvolstatattacks-rank">
            <conceptId qcode="spvolstat:attacks-rank" created="2016-05-02T00:00:00+00:00"/>
            <type qcode="cpnat:abstract"/>
            <name xml:lang="en-US">attacks-rank</name>
            <name xml:lang="en-GB">attacks-rank</name>
            <definition/>
            <related uri="http://cv.iptc.org/newscodes/spvolstat/" rel="skos:inScheme"/>
        </concept>
        <concept id="spvolstatattacks-total">
            <conceptId qcode="spvolstat:attacks-total" created="2016-05-02T00:00:00+00:00"/>
            <type qcode="cpnat:abstract"/>
            <name xml:lang="en-US">attacks-total</name>
            <name xml:lang="en-GB">attacks-total</name>
            <definition/>
            <related uri="http://cv.iptc.org/newscodes/spvolstat/" rel="skos:inScheme"/>
        </concept>
        <concept id="spvolstatattack-attempts">
            <conceptId qcode="spvolstat:attack-attempts" created="2016-05-02T00:00:00+00:00"/>
            <type qcode="cpnat:abstract"/>
            <name xml:lang="en-US">attack-attempts</name>
            <name xml:lang="en-GB">attack-attempts</name>
            <definition/>
            <related uri="http://cv.iptc.org/newscodes/spvolstat/" rel="skos:inScheme"/>
        </concept>
        <concept id="spvolstatattack-faults">
            <conceptId qcode="spvolstat:attack-faults" created="2016-05-02T00:00:00+00:00"/>
            <type qcode="cpnat:abstract"/>
            <name xml:lang="en-US">attack-faults</name>
            <name xml:lang="en-GB">attack-faults</name>
            <definition/>
            <related uri="http://cv.iptc.org/newscodes/spvolstat/" rel="skos:inScheme"/>
        </concept>
        <concept id="spvolstatattacks-in-play">
            <conceptId qcode="spvolstat:attacks-in-play" created="2016-05-02T00:00:00+00:00"/>
            <type qcode="cpnat:abstract"/>
            <name xml:lang="en-US">attacks-in-play</name>
            <name xml:lang="en-GB">attacks-in-play</name>
            <definition/>
            <related uri="http://cv.iptc.org/newscodes/spvolstat/" rel="skos:inScheme"/>
        </concept>
        <concept id="spvolstatattacks-percentage">
            <conceptId qcode="spvolstat:attacks-percentage" created="2016-05-02T00:00:00+00:00"/>
            <type qcode="cpnat:abstract"/>
            <name xml:lang="en-US">attacks-percentage</name>
            <name xml:lang="en-GB">attacks-percentage</name>
            <definition/>
            <related uri="http://cv.iptc.org/newscodes/spvolstat/" rel="skos:inScheme"/>
        </concept>
        <concept id="spvolstatblocks-rank">
            <conceptId qcode="spvolstat:blocks-rank" created="2016-05-02T00:00:00+00:00"/>
            <type qcode="cpnat:abstract"/>
            <name xml:lang="en-US">blocks-rank</name>
            <name xml:lang="en-GB">blocks-rank</name>
            <definition/>
            <related uri="http://cv.iptc.org/newscodes/spvolstat/" rel="skos:inScheme"/>
        </concept>
        <concept id="spvolstatblocks-total">
            <conceptId qcode="spvolstat:blocks-total" created="2016-05-02T00:00:00+00:00"/>
            <type qcode="cpnat:abstract"/>
            <name xml:lang="en-US">blocks-total</name>
            <name xml:lang="en-GB">blocks-total</name>
            <definition/>
            <related uri="http://cv.iptc.org/newscodes/spvolstat/" rel="skos:inScheme"/>
        </concept>
        <concept id="spvolstatblock-attempts">
            <conceptId qcode="spvolstat:block-attempts" created="2016-05-02T00:00:00+00:00"/>
            <type qcode="cpnat:abstract"/>
            <name xml:lang="en-US">block-attempts</name>
            <name xml:lang="en-GB">block-attempts</name>
            <definition/>
            <related uri="http://cv.iptc.org/newscodes/spvolstat/" rel="skos:inScheme"/>
        </concept>
        <concept id="spvolstatblock-faults">
            <conceptId qcode="spvolstat:block-faults" created="2016-05-02T00:00:00+00:00"/>
            <type qcode="cpnat:abstract"/>
            <name xml:lang="en-US">block-faults</name>
            <name xml:lang="en-GB">block-faults</name>
            <definition/>
            <related uri="http://cv.iptc.org/newscodes/spvolstat/" rel="skos:inScheme"/>
        </concept>
        <concept id="spvolstatblocks-in-play">
            <conceptId qcode="spvolstat:blocks-in-play" created="2016-05-02T00:00:00+00:00"/>
            <type qcode="cpnat:abstract"/>
            <name xml:lang="en-US">blocks-in-play</name>
            <name xml:lang="en-GB">blocks-in-play</name>
            <definition/>
            <related uri="http://cv.iptc.org/newscodes/spvolstat/" rel="skos:inScheme"/>
        </concept>
        <concept id="spvolstatblocks-average-per-set">
            <conceptId qcode="spvolstat:blocks-average-per-set" created="2016-05-02T00:00:00+00:00"/>
            <type qcode="cpnat:abstract"/>
            <name xml:lang="en-US">blocks-average-per-set</name>
            <name xml:lang="en-GB">blocks-average-per-set</name>
            <definition/>
            <related uri="http://cv.iptc.org/newscodes/spvolstat/" rel="skos:inScheme"/>
        </concept>
        <concept id="spvolstatservice-rank">
            <conceptId qcode="spvolstat:service-rank" created="2016-05-02T00:00:00+00:00"/>
            <type qcode="cpnat:abstract"/>
            <name xml:lang="en-US">service-rank</name>
            <name xml:lang="en-GB">service-rank</name>
            <definition/>
            <related uri="http://cv.iptc.org/newscodes/spvolstat/" rel="skos:inScheme"/>
        </concept>
        <concept id="spvolstataces">
            <conceptId qcode="spvolstat:aces" created="2016-05-02T00:00:00+00:00"/>
            <type qcode="cpnat:abstract"/>
            <name xml:lang="en-US">aces</name>
            <name xml:lang="en-GB">aces</name>
            <definition/>
            <related uri="http://cv.iptc.org/newscodes/spvolstat/" rel="skos:inScheme"/>
        </concept>
        <concept id="spvolstatservices-total">
            <conceptId qcode="spvolstat:services-total" created="2016-05-02T00:00:00+00:00"/>
            <type qcode="cpnat:abstract"/>
            <name xml:lang="en-US">services-total</name>
            <name xml:lang="en-GB">services-total</name>
            <definition/>
            <related uri="http://cv.iptc.org/newscodes/spvolstat/" rel="skos:inScheme"/>
        </concept>
        <concept id="spvolstatservice-faults">
            <conceptId qcode="spvolstat:service-faults" created="2016-05-02T00:00:00+00:00"/>
            <type qcode="cpnat:abstract"/>
            <name xml:lang="en-US">service-faults</name>
            <name xml:lang="en-GB">service-faults</name>
            <definition/>
            <related uri="http://cv.iptc.org/newscodes/spvolstat/" rel="skos:inScheme"/>
        </concept>
        <concept id="spvolstatservices-in-play">
            <conceptId qcode="spvolstat:services-in-play" created="2016-05-02T00:00:00+00:00"/>
            <type qcode="cpnat:abstract"/>
            <name xml:lang="en-US">services-in-play</name>
            <name xml:lang="en-GB">services-in-play</name>
            <definition/>
            <related uri="http://cv.iptc.org/newscodes/spvolstat/" rel="skos:inScheme"/>
        </concept>
        <concept id="spvolstataces-average-per-set">
            <conceptId qcode="spvolstat:aces-average-per-set" created="2016-05-02T00:00:00+00:00"/>
            <type qcode="cpnat:abstract"/>
            <name xml:lang="en-US">aces-average-per-set</name>
            <name xml:lang="en-GB">aces-average-per-set</name>
            <definition/>
            <related uri="http://cv.iptc.org/newscodes/spvolstat/" rel="skos:inScheme"/>
        </concept>
        <concept id="spvolstatdefense-rank">
            <conceptId qcode="spvolstat:defense-rank" created="2016-05-02T00:00:00+00:00"/>
            <type qcode="cpnat:abstract"/>
            <name xml:lang="en-US">defense-rank</name>
            <name xml:lang="en-GB">defense-rank</name>
            <definition/>
            <related uri="http://cv.iptc.org/newscodes/spvolstat/" rel="skos:inScheme"/>
        </concept>
        <concept id="spvolstatdigs-total">
            <conceptId qcode="spvolstat:digs-total" created="2016-05-02T00:00:00+00:00"/>
            <type qcode="cpnat:abstract"/>
            <name xml:lang="en-US">digs-total</name>
            <name xml:lang="en-GB">digs-total</name>
            <definition/>
            <related uri="http://cv.iptc.org/newscodes/spvolstat/" rel="skos:inScheme"/>
        </concept>
        <concept id="spvolstatdig-attempts">
            <conceptId qcode="spvolstat:dig-attempts" created="2016-05-02T00:00:00+00:00"/>
            <type qcode="cpnat:abstract"/>
            <name xml:lang="en-US">dig-attempts</name>
            <name xml:lang="en-GB">dig-attempts</name>
            <definition/>
            <related uri="http://cv.iptc.org/newscodes/spvolstat/" rel="skos:inScheme"/>
        </concept>
        <concept id="spvolstatdigs-faults">
            <conceptId qcode="spvolstat:digs-faults" created="2016-05-02T00:00:00+00:00"/>
            <type qcode="cpnat:abstract"/>
            <name xml:lang="en-US">digs-faults</name>
            <name xml:lang="en-GB">digs-faults</name>
            <definition/>
            <related uri="http://cv.iptc.org/newscodes/spvolstat/" rel="skos:inScheme"/>
        </concept>
        <concept id="spvolstatdigs-in-play">
            <conceptId qcode="spvolstat:digs-in-play" created="2016-05-02T00:00:00+00:00"/>
            <type qcode="cpnat:abstract"/>
            <name xml:lang="en-US">digs-in-play</name>
            <name xml:lang="en-GB">digs-in-play</name>
            <definition/>
            <related uri="http://cv.iptc.org/newscodes/spvolstat/" rel="skos:inScheme"/>
        </concept>
        <concept id="spvolstatdigs-average-per-set">
            <conceptId qcode="spvolstat:digs-average-per-set" created="2016-05-02T00:00:00+00:00"/>
            <type qcode="cpnat:abstract"/>
            <name xml:lang="en-US">digs-average-per-set</name>
            <name xml:lang="en-GB">digs-average-per-set</name>
            <definition/>
            <related uri="http://cv.iptc.org/newscodes/spvolstat/" rel="skos:inScheme"/>
        </concept>
        <concept id="spvolstatdefense-rank-sets">
            <conceptId qcode="spvolstat:defense-rank-sets" created="2016-05-02T00:00:00+00:00"/>
            <type qcode="cpnat:abstract"/>
            <name xml:lang="en-US">defense-rank-sets</name>
            <name xml:lang="en-GB">defense-rank-sets</name>
            <definition/>
            <related uri="http://cv.iptc.org/newscodes/spvolstat/" rel="skos:inScheme"/>
        </concept>
        <concept id="spvolstatrunning-sets-total">
            <conceptId qcode="spvolstat:running-sets-total" created="2016-05-02T00:00:00+00:00"/>
            <type qcode="cpnat:abstract"/>
            <name xml:lang="en-US">running-sets-total</name>
            <name xml:lang="en-GB">running-sets-total</name>
            <definition/>
            <related uri="http://cv.iptc.org/newscodes/spvolstat/" rel="skos:inScheme"/>
        </concept>
        <concept id="spvolstatsets-attempts">
            <conceptId qcode="spvolstat:sets-attempts" created="2016-05-02T00:00:00+00:00"/>
            <type qcode="cpnat:abstract"/>
            <name xml:lang="en-US">sets-attempts</name>
            <name xml:lang="en-GB">sets-attempts</name>
            <definition/>
            <related uri="http://cv.iptc.org/newscodes/spvolstat/" rel="skos:inScheme"/>
        </concept>
        <concept id="spvolstatsets-faults">
            <conceptId qcode="spvolstat:sets-faults" created="2016-05-02T00:00:00+00:00"/>
            <type qcode="cpnat:abstract"/>
            <name xml:lang="en-US">sets-faults</name>
            <name xml:lang="en-GB">sets-faults</name>
            <definition/>
            <related uri="http://cv.iptc.org/newscodes/spvolstat/" rel="skos:inScheme"/>
        </concept>
        <concept id="spvolstatsets-in-play">
            <conceptId qcode="spvolstat:sets-in-play" created="2016-05-02T00:00:00+00:00"/>
            <type qcode="cpnat:abstract"/>
            <name xml:lang="en-US">sets-in-play</name>
            <name xml:lang="en-GB">sets-in-play</name>
            <definition/>
            <related uri="http://cv.iptc.org/newscodes/spvolstat/" rel="skos:inScheme"/>
        </concept>
        <concept id="spvolstatsets-average-per-set">
            <conceptId qcode="spvolstat:sets-average-per-set" created="2016-05-02T00:00:00+00:00"/>
            <type qcode="cpnat:abstract"/>
            <name xml:lang="en-US">sets-average-per-set</name>
            <name xml:lang="en-GB">sets-average-per-set</name>
            <definition/>
            <related uri="http://cv.iptc.org/newscodes/spvolstat/" rel="skos:inScheme"/>
        </concept>
        <concept id="spvolstatreceptions-rank">
            <conceptId qcode="spvolstat:receptions-rank" created="2016-05-02T00:00:00+00:00"/>
            <type qcode="cpnat:abstract"/>
            <name xml:lang="en-US">receptions-rank</name>
            <name xml:lang="en-GB">receptions-rank</name>
            <definition/>
            <related uri="http://cv.iptc.org/newscodes/spvolstat/" rel="skos:inScheme"/>
        </concept>
        <concept id="spvolstatreceptions-excellent">
            <conceptId qcode="spvolstat:receptions-excellent" created="2016-05-02T00:00:00+00:00"/>
            <type qcode="cpnat:abstract"/>
            <name xml:lang="en-US">receptions-excellent</name>
            <name xml:lang="en-GB">receptions-excellent</name>
            <definition/>
            <related uri="http://cv.iptc.org/newscodes/spvolstat/" rel="skos:inScheme"/>
        </concept>
        <concept id="spvolstatreceptions-attempts">
            <conceptId qcode="spvolstat:receptions-attempts" created="2016-05-02T00:00:00+00:00"/>
            <type qcode="cpnat:abstract"/>
            <name xml:lang="en-US">receptions-attempts</name>
            <name xml:lang="en-GB">receptions-attempts</name>
            <definition/>
            <related uri="http://cv.iptc.org/newscodes/spvolstat/" rel="skos:inScheme"/>
        </concept>
        <concept id="spvolstatreception-faults">
            <conceptId qcode="spvolstat:reception-faults" created="2016-05-02T00:00:00+00:00"/>
            <type qcode="cpnat:abstract"/>
            <name xml:lang="en-US">reception-faults</name>
            <name xml:lang="en-GB">reception-faults</name>
            <definition/>
            <related uri="http://cv.iptc.org/newscodes/spvolstat/" rel="skos:inScheme"/>
        </concept>
        <concept id="spvolstatreceptions-in-play">
            <conceptId qcode="spvolstat:receptions-in-play" created="2016-05-02T00:00:00+00:00"/>
            <type qcode="cpnat:abstract"/>
            <name xml:lang="en-US">receptions-in-play</name>
            <name xml:lang="en-GB">receptions-in-play</name>
            <definition/>
            <related uri="http://cv.iptc.org/newscodes/spvolstat/" rel="skos:inScheme"/>
        </concept>
        <concept id="spvolstatreception-percentage">
            <conceptId qcode="spvolstat:reception-percentage" created="2016-05-02T00:00:00+00:00"/>
            <type qcode="cpnat:abstract"/>
            <name xml:lang="en-US">reception-percentage</name>
            <name xml:lang="en-GB">reception-percentage</name>
            <definition/>
            <related uri="http://cv.iptc.org/newscodes/spvolstat/" rel="skos:inScheme"/>
        </concept>
        <concept id="spvolstatpoints-player">
            <conceptId qcode="spvolstat:points-player" created="2016-05-02T00:00:00+00:00"/>
            <type qcode="cpnat:abstract"/>
            <name xml:lang="en-US">points-player</name>
            <name xml:lang="en-GB">points-player</name>
            <definition/>
            <related uri="http://cv.iptc.org/newscodes/spvolstat/" rel="skos:inScheme"/>
        </concept>
        <concept id="spvolstatpoint-attempts-player">
            <conceptId qcode="spvolstat:point-attempts-player" created="2016-05-02T00:00:00+00:00"/>
            <type qcode="cpnat:abstract"/>
            <name xml:lang="en-US">point-attempts-player</name>
            <name xml:lang="en-GB">point-attempts-player</name>
            <definition/>
            <related uri="http://cv.iptc.org/newscodes/spvolstat/" rel="skos:inScheme"/>
        </concept>
        <concept id="spvolstatpoints-percentage-of-team">
            <conceptId qcode="spvolstat:points-percentage-of-team" created="2016-05-02T00:00:00+00:00"/>
            <type qcode="cpnat:abstract"/>
            <name xml:lang="en-US">points-percentage-of-team</name>
            <name xml:lang="en-GB">points-percentage-of-team</name>
            <definition/>
            <related uri="http://cv.iptc.org/newscodes/spvolstat/" rel="skos:inScheme"/>
        </concept>
    </conceptSet>
    <schemeMeta uri="http://cv.iptc.org/newscodes/spvolstat/" authority="http://www.iptc.org"
        preferredalias="spvolstat">
        <definition xml:lang="en-GB">Vocabulary of statistics for Volleyball</definition>
        <name xml:lang="en-US">Volleyball Statistics</name>
            <name xml:lang="en-GB">Volleyball Statistics</name>
        <related qcode="spvolstat:errors-oppenent" rel="skos:hasTopConcept"/>
        <related qcode="spvolstat:faults-opponent" rel="skos:hasTopConcept"/>
        <related qcode="spvolstat:points" rel="skos:hasTopConcept"/>
        <related qcode="spvolstat:point-attempts" rel="skos:hasTopConcept"/>
        <related qcode="spvolstat:attacks-rank" rel="skos:hasTopConcept"/>
        <related qcode="spvolstat:attacks-total" rel="skos:hasTopConcept"/>
        <related qcode="spvolstat:attack-attempts" rel="skos:hasTopConcept"/>
        <related qcode="spvolstat:attack-faults" rel="skos:hasTopConcept"/>
        <related qcode="spvolstat:attacks-in-play" rel="skos:hasTopConcept"/>
        <related qcode="spvolstat:attacks-percentage" rel="skos:hasTopConcept"/>
        <related qcode="spvolstat:blocks-rank" rel="skos:hasTopConcept"/>
        <related qcode="spvolstat:blocks-total" rel="skos:hasTopConcept"/>
        <related qcode="spvolstat:block-attempts" rel="skos:hasTopConcept"/>
        <related qcode="spvolstat:block-faults" rel="skos:hasTopConcept"/>
        <related qcode="spvolstat:blocks-in-play" rel="skos:hasTopConcept"/>
        <related qcode="spvolstat:blocks-average-per-set" rel="skos:hasTopConcept"/>
        <related qcode="spvolstat:service-rank" rel="skos:hasTopConcept"/>
        <related qcode="spvolstat:aces" rel="skos:hasTopConcept"/>
        <related qcode="spvolstat:services-total" rel="skos:hasTopConcept"/>
        <related qcode="spvolstat:service-faults" rel="skos:hasTopConcept"/>
        <related qcode="spvolstat:services-in-play" rel="skos:hasTopConcept"/>
        <related qcode="spvolstat:aces-average-per-set" rel="skos:hasTopConcept"/>
        <related qcode="spvolstat:defense-rank" rel="skos:hasTopConcept"/>
        <related qcode="spvolstat:digs-total" rel="skos:hasTopConcept"/>
        <related qcode="spvolstat:dig-attempts" rel="skos:hasTopConcept"/>
        <related qcode="spvolstat:digs-faults" rel="skos:hasTopConcept"/>
        <related qcode="spvolstat:digs-in-play" rel="skos:hasTopConcept"/>
        <related qcode="spvolstat:digs-average-per-set" rel="skos:hasTopConcept"/>
        <related qcode="spvolstat:defense-rank-sets" rel="skos:hasTopConcept"/>
        <related qcode="spvolstat:running-sets-total" rel="skos:hasTopConcept"/>
        <related qcode="spvolstat:sets-attempts" rel="skos:hasTopConcept"/>
        <related qcode="spvolstat:sets-faults" rel="skos:hasTopConcept"/>
        <related qcode="spvolstat:sets-in-play" rel="skos:hasTopConcept"/>
        <related qcode="spvolstat:sets-average-per-set" rel="skos:hasTopConcept"/>
        <related qcode="spvolstat:receptions-rank" rel="skos:hasTopConcept"/>
        <related qcode="spvolstat:receptions-excellent" rel="skos:hasTopConcept"/>
        <related qcode="spvolstat:receptions-attempts" rel="skos:hasTopConcept"/>
        <related qcode="spvolstat:reception-faults" rel="skos:hasTopConcept"/>
        <related qcode="spvolstat:receptions-in-play" rel="skos:hasTopConcept"/>
        <related qcode="spvolstat:reception-percentage" rel="skos:hasTopConcept"/>
        <related qcode="spvolstat:points-player" rel="skos:hasTopConcept"/>
        <related qcode="spvolstat:point-attempts-player" rel="skos:hasTopConcept"/>
        <related qcode="spvolstat:points-percentage-of-team" rel="skos:hasTopConcept"/>
        <schemeMetaExtProperty rel="ikos:availLang" value="en-US"/>
        <schemeMetaExtProperty rel="ikos:availLang" value="en-GB"/>
    </schemeMeta>
</knowledgeItem>
