<knowledgeItem xmlns="http://iptc.org/std/nar/2006-10-01/"
    xmlns:xs="http://www.w3.org/2001/XMLSchema" xmlns:newsml="http://iptc.org/std/nar/2006-10-01/"
    standard="NewsML-G2" standardversion="2.18" conformance="power"
    guid="urn:newsml:iptc.org:20080229:srcncdki-sptenwin" version="1">
    <catalogRef href="http://www.iptc.org/std/catalog/catalog.IPTC-G2-Standards_25.xml"/>
    <catalogRef href="http://www.iptc.org/std/catalog/catalog.IPTC-Sports_1.xml"/>
    <rightsInfo>
        <copyrightHolder uri="http://cv.iptc.org/newscodes/newsprovider/IPTC">
            <name>IPTC - International Press Telecommunications Council</name>
        </copyrightHolder>
        <copyrightNotice>Copyright 2016, IPTC, www.iptc.org, Rights Reserved</copyrightNotice>
        <usageTerms href="http://creativecommons.org/licenses/by/4.0/">the Creative Commons
            Attribution (CC BY) 4.0 license applies to all NewsCodes</usageTerms>
    </rightsInfo>
    <itemMeta>
        <itemClass qcode="cinat:scheme"/>
        <provider uri="http://cv.iptc.org/newscodes/newsprovider/IPTC">
            <name>IPTC</name>
        </provider>
        <versionCreated>2016-06-13T15:15:32-04:00</versionCreated>
        <pubStatus qcode="stat:usable"/>
    </itemMeta>
    <contentMeta>
        <subject qcode="subj:15000000">
            <name xml:lang="en-US">sport</name>
            <name xml:lang="en-GB">sport</name>
        </subject>
        <subject qcode="subj:15065000">
            <name xml:lang="en-US">tennis</name>
            <name xml:lang="en-GB">tennis</name>
            <broader qcode="subj:15000000"/>
        </subject>
        <description>Ways to win in tennis</description>
    </contentMeta>
    <conceptSet>
        <concept id="sptenwinforced">
            <conceptId qcode="sptenwin:forced" created="2016-05-02T00:00:00+00:00"/>
            <type qcode="cpnat:abstract"/>
            <name xml:lang="en-US">forced</name>
            <name xml:lang="en-GB">forced</name>
            <definition xml:lang="en-GB">The point was made while the opponent for example advanced towards the
                net.</definition>
            <related uri="http://cv.iptc.org/newscodes/sptenwin/" rel="skos:inScheme"/>
        </concept>
        <concept id="sptenwinunforced">
            <conceptId qcode="sptenwin:unforced" created="2016-05-02T00:00:00+00:00"/>
            <type qcode="cpnat:abstract"/>
            <name xml:lang="en-US">unforced</name>
            <name xml:lang="en-GB">unforced</name>
            <definition xml:lang="en-GB">The point was made regardless of specific actions by the
                opponent.</definition>
            <related uri="http://cv.iptc.org/newscodes/sptenwin/" rel="skos:inScheme"/>
        </concept>
    </conceptSet>
    <schemeMeta authority="http://www.iptc.org" uri="http://cv.iptc.org/newscodes/sptenwin/"
        preferredalias="sptenwin">
        <definition xml:lang="en-GB">Ways to win in tennis</definition>
        <name xml:lang="en-US">Tennis Win Types</name>
            <name xml:lang="en-GB">Tennis Win Types</name>
        <related qcode="sptenwin:forced" rel="skos:hasTopConcept"/>
        <related qcode="sptenwin:unforced" rel="skos:hasTopConcept"/>
        <schemeMetaExtProperty rel="ikos:availLang" value="en-US"/>
        <schemeMetaExtProperty rel="ikos:availLang" value="en-GB"/>
    </schemeMeta>
</knowledgeItem>
