<knowledgeItem xmlns="http://iptc.org/std/nar/2006-10-01/" standard="NewsML-G2"
    standardversion="2.18" conformance="power"
    guid="urn:newsml:iptc.org:20080229:srcncdki-sptenshot" version="1">
    <catalogRef href="http://www.iptc.org/std/catalog/catalog.IPTC-G2-Standards_25.xml"/>
    <catalogRef href="http://www.iptc.org/std/catalog/catalog.IPTC-Sports_1.xml"/>
    <rightsInfo>
        <copyrightHolder uri="http://cv.iptc.org/newscodes/newsprovider/IPTC">
            <name>IPTC - International Press Telecommunications Council</name>
        </copyrightHolder>
        <copyrightNotice>Copyright 2016, IPTC, www.iptc.org, Rights Reserved</copyrightNotice>
        <usageTerms href="http://creativecommons.org/licenses/by/4.0/">the Creative Commons
            Attribution (CC BY) 4.0 license applies to all NewsCodes</usageTerms>
    </rightsInfo>
    <itemMeta>
        <itemClass qcode="cinat:scheme"/>
        <provider uri="http://cv.iptc.org/newscodes/newsprovider/IPTC">
            <name>IPTC</name>
        </provider>
        <versionCreated>2016-06-13T15:15:32-04:00</versionCreated>
        <pubStatus qcode="stat:usable"/>
    </itemMeta>
    <contentMeta>
        <subject qcode="subj:15000000">
            <name xml:lang="en-US">sport</name>
            <name xml:lang="en-GB">sport</name>
        </subject>
        <subject qcode="subj:15065000">
            <name xml:lang="en-US">tennis</name>
            <name xml:lang="en-GB">tennis</name>
            <broader qcode="subj:15000000"/>
        </subject>
        <description>Types of shot in tennis.</description>
    </contentMeta>
    <conceptSet>
        <concept id="sptenshotcrosscourt">
            <conceptId qcode="sptenshot:crosscourt" created="2016-05-02T00:00:00+00:00"/>
            <type qcode="cpnat:abstract"/>
            <name xml:lang="en-US">crosscourt</name>
            <name xml:lang="en-GB">crosscourt</name>
            <definition/>
            <related uri="http://cv.iptc.org/newscodes/sptenshot/" rel="skos:inScheme"/>
        </concept>
        <concept id="sptenshotdrop">
            <conceptId qcode="sptenshot:drop" created="2016-05-02T00:00:00+00:00"/>
            <type qcode="cpnat:abstract"/>
            <name xml:lang="en-US">drop</name>
            <name xml:lang="en-GB">drop</name>
            <definition/>
            <related uri="http://cv.iptc.org/newscodes/sptenshot/" rel="skos:inScheme"/>
        </concept>
        <concept id="sptenshotlob">
            <conceptId qcode="sptenshot:lob" created="2016-05-02T00:00:00+00:00"/>
            <type qcode="cpnat:abstract"/>
            <name xml:lang="en-US">lob</name>
            <name xml:lang="en-GB">lob</name>
            <definition/>
            <related uri="http://cv.iptc.org/newscodes/sptenshot/" rel="skos:inScheme"/>
        </concept>
        <concept id="sptenshotslice">
            <conceptId qcode="sptenshot:slice" created="2016-05-02T00:00:00+00:00"/>
            <type qcode="cpnat:abstract"/>
            <name xml:lang="en-US">slice</name>
            <name xml:lang="en-GB">slice</name>
            <definition/>
            <related uri="http://cv.iptc.org/newscodes/sptenshot/" rel="skos:inScheme"/>
        </concept>
        <concept id="sptenshotsmash">
            <conceptId qcode="sptenshot:smash" created="2016-05-02T00:00:00+00:00"/>
            <type qcode="cpnat:abstract"/>
            <name xml:lang="en-US">smash</name>
            <name xml:lang="en-GB">smash</name>
            <definition/>
            <related uri="http://cv.iptc.org/newscodes/sptenshot/" rel="skos:inScheme"/>
        </concept>
        <concept id="sptenshotvolley">
            <conceptId qcode="sptenshot:volley" created="2016-05-02T00:00:00+00:00"/>
            <type qcode="cpnat:abstract"/>
            <name xml:lang="en-US">volley</name>
            <name xml:lang="en-GB">volley</name>
            <definition/>
            <related uri="http://cv.iptc.org/newscodes/sptenshot/" rel="skos:inScheme"/>
        </concept>
    </conceptSet>
    <schemeMeta authority="http://www.iptc.org" uri="http://cv.iptc.org/newscodes/sptenshot/"
        preferredalias="sptenshot">
        <definition xml:lang="en-GB">Types of shot in tennis.</definition>
        <name xml:lang="en-US">Tennis Shot Types</name>
            <name xml:lang="en-GB">Tennis Shot Types</name>
        <related qcode="sptenshot:crosscourt" rel="skos:hasTopConcept"/>
        <related qcode="sptenshot:drop" rel="skos:hasTopConcept"/>
        <related qcode="sptenshot:lob" rel="skos:hasTopConcept"/>
        <related qcode="sptenshot:slice" rel="skos:hasTopConcept"/>
        <related qcode="sptenshot:smash" rel="skos:hasTopConcept"/>
        <related qcode="sptenshot:volley" rel="skos:hasTopConcept"/>
        <schemeMetaExtProperty rel="ikos:availLang" value="en-US"/>
        <schemeMetaExtProperty rel="ikos:availLang" value="en-GB"/>
    </schemeMeta>
</knowledgeItem>
