<knowledgeItem xmlns="http://iptc.org/std/nar/2006-10-01/" standard="NewsML-G2"
    standardversion="2.18" conformance="power"
    guid="urn:newsml:iptc.org:20080229:srcncdki-sptengameresult" version="1">
    <catalogRef href="http://www.iptc.org/std/catalog/catalog.IPTC-G2-Standards_25.xml"/>
    <catalogRef href="http://www.iptc.org/std/catalog/catalog.IPTC-Sports_1.xml"/>
    <rightsInfo>
        <copyrightHolder uri="http://cv.iptc.org/newscodes/newsprovider/IPTC">
            <name>IPTC - International Press Telecommunications Council</name>
        </copyrightHolder>
        <copyrightNotice>Copyright 2016, IPTC, www.iptc.org, Rights Reserved</copyrightNotice>
        <usageTerms href="http://creativecommons.org/licenses/by/4.0/">the Creative Commons
            Attribution (CC BY) 4.0 license applies to all NewsCodes</usageTerms>
    </rightsInfo>
    <itemMeta>
        <itemClass qcode="cinat:scheme"/>
        <provider uri="http://cv.iptc.org/newscodes/newsprovider/IPTC">
            <name>IPTC</name>
        </provider>
        <versionCreated>2016-06-13T15:15:32-04:00</versionCreated>
        <pubStatus qcode="stat:usable"/>
    </itemMeta>
    <contentMeta>
        <subject qcode="subj:15000000">
            <name xml:lang="en-US">sport</name>
            <name xml:lang="en-GB">sport</name>
        </subject>
        <subject qcode="subj:15065000">
            <name xml:lang="en-US">tennis</name>
            <name xml:lang="en-GB">tennis</name>
            <broader qcode="subj:15000000"/>
        </subject>
        <description>The score of the player or team presently serving, either love, 15, 30, 40,
            game.</description>
    </contentMeta>
    <conceptSet>
        <concept id="sptengameresultlove">
            <conceptId qcode="sptengameresult:love" created="2016-05-02T00:00:00+00:00"/>
            <type qcode="cpnat:abstract"/>
            <name xml:lang="en-US">love</name>
            <name xml:lang="en-GB">love</name>
            <definition/>
            <related uri="http://cv.iptc.org/newscodes/sptengameresult/" rel="skos:inScheme"/>
        </concept>
        <concept id="sptengameresult15">
            <conceptId qcode="sptengameresult:15" created="2016-05-02T00:00:00+00:00"/>
            <type qcode="cpnat:abstract"/>
            <name xml:lang="en-US">15</name>
            <name xml:lang="en-GB">15</name>
            <definition/>
            <related uri="http://cv.iptc.org/newscodes/sptengameresult/" rel="skos:inScheme"/>
        </concept>
        <concept id="sptengameresult30">
            <conceptId qcode="sptengameresult:30" created="2016-05-02T00:00:00+00:00"/>
            <type qcode="cpnat:abstract"/>
            <name xml:lang="en-US">30</name>
            <name xml:lang="en-GB">30</name>
            <definition/>
            <related uri="http://cv.iptc.org/newscodes/sptengameresult/" rel="skos:inScheme"/>
        </concept>
        <concept id="sptengameresult40">
            <conceptId qcode="sptengameresult:40" created="2016-05-02T00:00:00+00:00"/>
            <type qcode="cpnat:abstract"/>
            <name xml:lang="en-US">40</name>
            <name xml:lang="en-GB">40</name>
            <definition/>
            <related uri="http://cv.iptc.org/newscodes/sptengameresult/" rel="skos:inScheme"/>
        </concept>
        <concept id="sptengameresultgame">
            <conceptId qcode="sptengameresult:game" created="2016-05-02T00:00:00+00:00"/>
            <type qcode="cpnat:abstract"/>
            <name xml:lang="en-US">game</name>
            <name xml:lang="en-GB">game</name>
            <definition/>
            <related uri="http://cv.iptc.org/newscodes/sptengameresult/" rel="skos:inScheme"/>
        </concept>
        <concept id="sptengameresultad">
            <conceptId qcode="sptengameresult:ad" created="2016-05-02T00:00:00+00:00"/>
            <type qcode="cpnat:abstract"/>
            <name xml:lang="en-US">ad</name>
            <name xml:lang="en-GB">ad</name>
            <definition/>
            <related uri="http://cv.iptc.org/newscodes/sptengameresult/" rel="skos:inScheme"/>
        </concept>
        <concept id="sptengameresultdeuce">
            <conceptId qcode="sptengameresult:deuce" created="2016-05-02T00:00:00+00:00"/>
            <type qcode="cpnat:abstract"/>
            <name xml:lang="en-US">deuce</name>
            <name xml:lang="en-GB">deuce</name>
            <definition/>
            <related uri="http://cv.iptc.org/newscodes/sptengameresult/" rel="skos:inScheme"/>
        </concept>
    </conceptSet>
    <schemeMeta authority="http://www.iptc.org" uri="http://cv.iptc.org/newscodes/sptengameresult/"
        preferredalias="sptengameresult">
        <definition xml:lang="en-GB">The score of the player or team presently serving, either love,
            15, 30, 40, game.</definition>
        <name xml:lang="en-US">Tennis Scoring</name>
            <name xml:lang="en-GB">Tennis Scoring</name>
        <related qcode="sptengameresult:love" rel="skos:hasTopConcept"/>
        <related qcode="sptengameresult:15" rel="skos:hasTopConcept"/>
        <related qcode="sptengameresult:30" rel="skos:hasTopConcept"/>
        <related qcode="sptengameresult:40" rel="skos:hasTopConcept"/>
        <related qcode="sptengameresult:game" rel="skos:hasTopConcept"/>
        <related qcode="sptengameresult:ad" rel="skos:hasTopConcept"/>
        <related qcode="sptengameresult:deuce" rel="skos:hasTopConcept"/>
        <schemeMetaExtProperty rel="ikos:availLang" value="en-US"/>
        <schemeMetaExtProperty rel="ikos:availLang" value="en-GB"/>
    </schemeMeta>
</knowledgeItem>
