<knowledgeItem xmlns="http://iptc.org/std/nar/2006-10-01/" standard="NewsML-G2"
    standardversion="2.18" conformance="power"
    guid="urn:newsml:iptc.org:20080229:srcncdki-spmcrflag" version="1">
    <catalogRef href="http://www.iptc.org/std/catalog/catalog.IPTC-G2-Standards_25.xml"/>
    <catalogRef href="http://www.iptc.org/std/catalog/catalog.IPTC-Sports_1.xml"/>
    <rightsInfo>
        <copyrightHolder uri="http://cv.iptc.org/newscodes/newsprovider/IPTC">
            <name>IPTC - International Press Telecommunications Council</name>
        </copyrightHolder>
        <copyrightNotice>Copyright 2016, IPTC, www.iptc.org, Rights Reserved</copyrightNotice>
        <usageTerms href="http://creativecommons.org/licenses/by/4.0/">the Creative Commons
            Attribution (CC BY) 4.0 license applies to all NewsCodes</usageTerms>
    </rightsInfo>
    <itemMeta>
        <itemClass qcode="cinat:scheme"/>
        <provider uri="http://cv.iptc.org/newscodes/newsprovider/IPTC">
            <name>IPTC</name>
        </provider>
        <versionCreated>2016-06-13T15:15:32-04:00</versionCreated>
        <pubStatus qcode="stat:usable"/>
    </itemMeta>
    <contentMeta>
        <subject qcode="subj:15000000">
            <name xml:lang="en-US">sport</name>
            <name xml:lang="en-GB">sport</name>
        </subject>
        <subject qcode="subj:15039000">
            <name xml:lang="en-US">motor-racing</name>
            <name xml:lang="en-GB">motor-racing</name>
            <broader qcode="subj:15000000"/>
        </subject>
        <description>Types of motor racing communication flags.</description>
    </contentMeta>
    <conceptSet>
        <concept id="spmcrflaggreen">
            <conceptId qcode="spmcrflag:green" created="2016-05-02T00:00:00+00:00"/>
            <type qcode="cpnat:abstract"/>
            <name xml:lang="en-US">green</name>
            <name xml:lang="en-GB">green</name>
            <definition/>
            <related uri="http://cv.iptc.org/newscodes/spmcrflag/" rel="skos:inScheme"/>
        </concept>
        <concept id="spmcrflagyellow">
            <conceptId qcode="spmcrflag:yellow" created="2016-05-02T00:00:00+00:00"/>
            <type qcode="cpnat:abstract"/>
            <name xml:lang="en-US">yellow</name>
            <name xml:lang="en-GB">yellow</name>
            <definition/>
            <related uri="http://cv.iptc.org/newscodes/spmcrflag/" rel="skos:inScheme"/>
        </concept>
        <concept id="spmcrflagwhite">
            <conceptId qcode="spmcrflag:white" created="2016-05-02T00:00:00+00:00"/>
            <type qcode="cpnat:abstract"/>
            <name xml:lang="en-US">white</name>
            <name xml:lang="en-GB">white</name>
            <definition/>
            <related uri="http://cv.iptc.org/newscodes/spmcrflag/" rel="skos:inScheme"/>
        </concept>
        <concept id="spmcrflagcheckered">
            <conceptId qcode="spmcrflag:checkered" created="2016-05-02T00:00:00+00:00"/>
            <type qcode="cpnat:abstract"/>
            <name xml:lang="en-US">checkered</name>
            <name xml:lang="en-GB">checkered</name>
            <definition/>
            <related uri="http://cv.iptc.org/newscodes/spmcrflag/" rel="skos:inScheme"/>
        </concept>
        <concept id="spmcrflagred">
            <conceptId qcode="spmcrflag:red" created="2016-05-02T00:00:00+00:00"/>
            <type qcode="cpnat:abstract"/>
            <name xml:lang="en-US">red</name>
            <name xml:lang="en-GB">red</name>
            <definition/>
            <related uri="http://cv.iptc.org/newscodes/spmcrflag/" rel="skos:inScheme"/>
        </concept>
        <concept id="spmcrflagblack">
            <conceptId qcode="spmcrflag:black" created="2016-05-02T00:00:00+00:00"/>
            <type qcode="cpnat:abstract"/>
            <name xml:lang="en-US">black</name>
            <name xml:lang="en-GB">black</name>
            <definition/>
            <related uri="http://cv.iptc.org/newscodes/spmcrflag/" rel="skos:inScheme"/>
        </concept>
        <concept id="spmcrflagblack-with-x">
            <conceptId qcode="spmcrflag:black-with-x" created="2016-05-02T00:00:00+00:00"/>
            <type qcode="cpnat:abstract"/>
            <name xml:lang="en-US">black-with-x</name>
            <name xml:lang="en-GB">black-with-x</name>
            <definition/>
            <related uri="http://cv.iptc.org/newscodes/spmcrflag/" rel="skos:inScheme"/>
        </concept>
        <concept id="spmcrflagblue-with-orange-stripe">
            <conceptId qcode="spmcrflag:blue-with-orange-stripe" created="2016-05-02T00:00:00+00:00"/>
            <type qcode="cpnat:abstract"/>
            <name xml:lang="en-US">blue-with-orange-stripe</name>
            <name xml:lang="en-GB">blue-with-orange-stripe</name>
            <definition/>
            <related uri="http://cv.iptc.org/newscodes/spmcrflag/" rel="skos:inScheme"/>
        </concept>
    </conceptSet>
    <schemeMeta authority="http://www.iptc.org" uri="http://cv.iptc.org/newscodes/spmcrflag/"
        preferredalias="spmcrflag">
        <definition xml:lang="en-GB">Types of motor racing communication flags.</definition>
        <name xml:lang="en-US">Motor Racing Flag Types</name>
            <name xml:lang="en-GB">Motor Racing Flag Types</name>
        <related qcode="spmcrflag:green" rel="skos:hasTopConcept"/>
        <related qcode="spmcrflag:yellow" rel="skos:hasTopConcept"/>
        <related qcode="spmcrflag:white" rel="skos:hasTopConcept"/>
        <related qcode="spmcrflag:checkered" rel="skos:hasTopConcept"/>
        <related qcode="spmcrflag:red" rel="skos:hasTopConcept"/>
        <related qcode="spmcrflag:black" rel="skos:hasTopConcept"/>
        <related qcode="spmcrflag:black-with-x" rel="skos:hasTopConcept"/>
        <related qcode="spmcrflag:blue-with-orange-stripe" rel="skos:hasTopConcept"/>
        <schemeMetaExtProperty rel="ikos:availLang" value="en-US"/>
        <schemeMetaExtProperty rel="ikos:availLang" value="en-GB"/>
    </schemeMeta>
</knowledgeItem>
