<knowledgeItem xmlns="http://iptc.org/std/nar/2006-10-01/" standard="NewsML-G2"
    standardversion="2.18" conformance="power"
    guid="urn:newsml:iptc.org:20080229:srcncdki-spbblballlocationhorizontal" version="1">
    <catalogRef href="http://www.iptc.org/std/catalog/catalog.IPTC-G2-Standards_25.xml"/>
    <catalogRef href="http://www.iptc.org/std/catalog/catalog.IPTC-Sports_1.xml"/>
    <rightsInfo>
        <copyrightHolder uri="http://cv.iptc.org/newscodes/newsprovider/IPTC">
            <name>IPTC - International Press Telecommunications Council</name>
        </copyrightHolder>
        <copyrightNotice>Copyright 2016, IPTC, www.iptc.org, Rights Reserved</copyrightNotice>
        <usageTerms href="http://creativecommons.org/licenses/by/4.0/">the Creative Commons
            Attribution (CC BY) 4.0 license applies to all NewsCodes</usageTerms>
    </rightsInfo>
    <itemMeta>
        <itemClass qcode="cinat:scheme"/>
        <provider uri="http://cv.iptc.org/newscodes/newsprovider/IPTC">
            <name>IPTC</name>
        </provider>
        <versionCreated>2016-06-13T15:15:32-04:00</versionCreated>
        <pubStatus qcode="stat:usable"/>
    </itemMeta>
    <contentMeta>
        <subject qcode="subj:15000000">
            <name xml:lang="en-US">sport</name>
            <name xml:lang="en-GB">sport</name>
        </subject>
        <subject qcode="subj:15007000">
            <name xml:lang="en-US">baseball</name>
            <name xml:lang="en-GB">baseball</name>
            <broader qcode="subj:15000000"/>
        </subject>
        <description>Horizontal location of baseball pitches</description>
    </contentMeta>
    <conceptSet>
        <concept id="spbblballlocationhorizontalinside-ball">
            <conceptId qcode="spbblballlocationhorizontal:inside-ball" created="2016-05-02T00:00:00+00:00"/>
            <type qcode="cpnat:abstract"/>
            <name xml:lang="en-US">inside-ball</name>
            <name xml:lang="en-GB">inside-ball</name>
            <definition/>
            <related uri="http://cv.iptc.org/newscodes/spbblballlocationhorizontal/"
                rel="skos:inScheme"/>
        </concept>
        <concept id="spbblballlocationhorizontalinside-strike">
            <conceptId qcode="spbblballlocationhorizontal:inside-strike" created="2016-05-02T00:00:00+00:00"/>
            <type qcode="cpnat:abstract"/>
            <name xml:lang="en-US">inside-strike</name>
            <name xml:lang="en-GB">inside-strike</name>
            <definition/>
            <related uri="http://cv.iptc.org/newscodes/spbblballlocationhorizontal/"
                rel="skos:inScheme"/>
        </concept>
        <concept id="spbblballlocationhorizontalmiddle">
            <conceptId qcode="spbblballlocationhorizontal:middle" created="2016-05-02T00:00:00+00:00"/>
            <type qcode="cpnat:abstract"/>
            <name xml:lang="en-US">middle</name>
            <name xml:lang="en-GB">middle</name>
            <definition/>
            <related uri="http://cv.iptc.org/newscodes/spbblballlocationhorizontal/"
                rel="skos:inScheme"/>
        </concept>
        <concept id="spbblballlocationhorizontaloutside-strike">
            <conceptId qcode="spbblballlocationhorizontal:outside-strike" created="2016-05-02T00:00:00+00:00"/>
            <type qcode="cpnat:abstract"/>
            <name xml:lang="en-US">outside-strike</name>
            <name xml:lang="en-GB">outside-strike</name>
            <definition/>
            <related uri="http://cv.iptc.org/newscodes/spbblballlocationhorizontal/"
                rel="skos:inScheme"/>
        </concept>
        <concept id="spbblballlocationhorizontaloutside-ball">
            <conceptId qcode="spbblballlocationhorizontal:outside-ball" created="2016-05-02T00:00:00+00:00"/>
            <type qcode="cpnat:abstract"/>
            <name xml:lang="en-US">outside-ball</name>
            <name xml:lang="en-GB">outside-ball</name>
            <definition/>
            <related uri="http://cv.iptc.org/newscodes/spbblballlocationhorizontal/"
                rel="skos:inScheme"/>
        </concept>
    </conceptSet>
    <schemeMeta authority="http://www.iptc.org"
        uri="http://cv.iptc.org/newscodes/spbblballlocationhorizontal/"
        preferredalias="spbblballlocationhorizontal">
        <definition xml:lang="en-GB">Horizontal location of baseball pitches</definition>
        <name xml:lang="en-US">Baseball Pitch Horizontal Location</name>
            <name xml:lang="en-GB">Baseball Pitch Horizontal Location</name>
        <related qcode="spbblballlocationhorizontal:inside-ball" rel="skos:hasTopConcept"/>
        <related qcode="spbblballlocationhorizontal:inside-strike" rel="skos:hasTopConcept"/>
        <related qcode="spbblballlocationhorizontal:middle" rel="skos:hasTopConcept"/>
        <related qcode="spbblballlocationhorizontal:outside-strike" rel="skos:hasTopConcept"/>
        <related qcode="spbblballlocationhorizontal:outside-ball" rel="skos:hasTopConcept"/>
        <schemeMetaExtProperty rel="ikos:availLang" value="en-US"/>
        <schemeMetaExtProperty rel="ikos:availLang" value="en-GB"/>
    </schemeMeta>
</knowledgeItem>
