<knowledgeItem xmlns="http://iptc.org/std/nar/2006-10-01/" standard="NewsML-G2"
    standardversion="2.18" conformance="power"
    guid="urn:newsml:iptc.org:20080229:srcncdki-spbblaction" version="1">
    <catalogRef href="http://www.iptc.org/std/catalog/catalog.IPTC-G2-Standards_25.xml"/>
    <catalogRef href="http://www.iptc.org/std/catalog/catalog.IPTC-Sports_1.xml"/>
    <rightsInfo>
        <copyrightHolder uri="http://cv.iptc.org/newscodes/newsprovider/IPTC">
            <name>IPTC - International Press Telecommunications Council</name>
        </copyrightHolder>
        <copyrightNotice>Copyright 2016, IPTC, www.iptc.org, Rights Reserved</copyrightNotice>
        <usageTerms href="http://creativecommons.org/licenses/by/4.0/">the Creative Commons
            Attribution (CC BY) 4.0 license applies to all NewsCodes</usageTerms>
    </rightsInfo>
    <itemMeta>
        <itemClass qcode="cinat:scheme"/>
        <provider uri="http://cv.iptc.org/newscodes/newsprovider/IPTC">
            <name>IPTC</name>
        </provider>
        <versionCreated>2016-06-13T15:15:32-04:00</versionCreated>
        <pubStatus qcode="stat:usable"/>
    </itemMeta>
    <contentMeta>
        <subject qcode="subj:15000000">
            <name xml:lang="en-US">sport</name>
            <name xml:lang="en-GB">sport</name>
        </subject>
        <subject qcode="subj:15007000">
            <name xml:lang="en-US">baseball</name>
            <name xml:lang="en-GB">baseball</name>
            <broader qcode="subj:15000000"/>
        </subject>
        <description>Types of baseball actions</description>
    </contentMeta>
    <conceptSet>
        <concept id="spbblactionwalk">
            <conceptId qcode="spbblaction:walk" created="2016-05-02T00:00:00+00:00"/>
            <type qcode="cpnat:abstract"/>
            <name xml:lang="en-US">walk</name>
            <name xml:lang="en-GB">walk</name>
            <definition/>
            <related uri="http://cv.iptc.org/newscodes/spbblaction/" rel="skos:inScheme"/>
        </concept>
        <concept id="spbblactionhit">
            <conceptId qcode="spbblaction:hit" created="2016-05-02T00:00:00+00:00"/>
            <type qcode="cpnat:abstract"/>
            <name xml:lang="en-US">hit</name>
            <name xml:lang="en-GB">hit</name>
            <definition/>
            <related uri="http://cv.iptc.org/newscodes/spbblaction/" rel="skos:inScheme"/>
        </concept>
        <concept id="spbblactionhit-by-pitch">
            <conceptId qcode="spbblaction:hit-by-pitch" created="2016-05-02T00:00:00+00:00"/>
            <type qcode="cpnat:abstract"/>
            <name xml:lang="en-US">hit-by-pitch</name>
            <name xml:lang="en-GB">hit-by-pitch</name>
            <definition/>
            <related uri="http://cv.iptc.org/newscodes/spbblaction/" rel="skos:inScheme"/>
        </concept>
        <concept id="spbblactionstolen-base">
            <conceptId qcode="spbblaction:stolen-base" created="2016-05-02T00:00:00+00:00"/>
            <type qcode="cpnat:abstract"/>
            <name xml:lang="en-US">stolen-base</name>
            <name xml:lang="en-GB">stolen-base</name>
            <definition/>
            <related uri="http://cv.iptc.org/newscodes/spbblaction/" rel="skos:inScheme"/>
        </concept>
        <concept id="spbblactionout">
            <conceptId qcode="spbblaction:out" created="2016-05-02T00:00:00+00:00"/>
            <type qcode="cpnat:abstract"/>
            <name xml:lang="en-US">out</name>
            <name xml:lang="en-GB">out</name>
            <definition/>
            <related uri="http://cv.iptc.org/newscodes/spbblaction/" rel="skos:inScheme"/>
        </concept>
        <concept id="spbblactionstrikeout">
            <conceptId qcode="spbblaction:strikeout" created="2016-05-02T00:00:00+00:00"/>
            <type qcode="cpnat:abstract"/>
            <name xml:lang="en-US">strikeout</name>
            <name xml:lang="en-GB">strikeout</name>
            <definition/>
            <related uri="http://cv.iptc.org/newscodes/spbblaction/" rel="skos:inScheme"/>
        </concept>
        <concept id="spbblactioncaught-stealing">
            <conceptId qcode="spbblaction:caught-stealing" created="2016-05-02T00:00:00+00:00"/>
            <type qcode="cpnat:abstract"/>
            <name xml:lang="en-US">caught-stealing</name>
            <name xml:lang="en-GB">caught-stealing</name>
            <definition/>
            <related uri="http://cv.iptc.org/newscodes/spbblaction/" rel="skos:inScheme"/>
        </concept>
        <concept id="spbblactionpickoff">
            <conceptId qcode="spbblaction:pickoff" created="2016-05-02T00:00:00+00:00"/>
            <type qcode="cpnat:abstract"/>
            <name xml:lang="en-US">pickoff</name>
            <name xml:lang="en-GB">pickoff</name>
            <definition/>
            <related uri="http://cv.iptc.org/newscodes/spbblaction/" rel="skos:inScheme"/>
        </concept>
        <concept id="spbblactionsingle">
            <conceptId qcode="spbblaction:single" created="2016-05-02T00:00:00+00:00"/>
            <type qcode="cpnat:abstract"/>
            <name xml:lang="en-US">single</name>
            <name xml:lang="en-GB">single</name>
            <definition/>
            <related uri="http://cv.iptc.org/newscodes/spbblaction/" rel="skos:inScheme"/>
        </concept>
        <concept id="spbblactiondouble">
            <conceptId qcode="spbblaction:double" created="2016-05-02T00:00:00+00:00"/>
            <type qcode="cpnat:abstract"/>
            <name xml:lang="en-US">double</name>
            <name xml:lang="en-GB">double</name>
            <definition/>
            <related uri="http://cv.iptc.org/newscodes/spbblaction/" rel="skos:inScheme"/>
        </concept>
        <concept id="spbblactiontriple">
            <conceptId qcode="spbblaction:triple" created="2016-05-02T00:00:00+00:00"/>
            <type qcode="cpnat:abstract"/>
            <name xml:lang="en-US">triple</name>
            <name xml:lang="en-GB">triple</name>
            <definition/>
            <related uri="http://cv.iptc.org/newscodes/spbblaction/" rel="skos:inScheme"/>
        </concept>
        <concept id="spbblactionhome-run">
            <conceptId qcode="spbblaction:home-run" created="2016-05-02T00:00:00+00:00"/>
            <type qcode="cpnat:abstract"/>
            <name xml:lang="en-US">home-run</name>
            <name xml:lang="en-GB">home-run</name>
            <definition/>
            <related uri="http://cv.iptc.org/newscodes/spbblaction/" rel="skos:inScheme"/>
        </concept>
        <concept id="spbblactiondefensive-indifference">
            <conceptId qcode="spbblaction:defensive-indifference" created="2016-05-02T00:00:00+00:00"/>
            <type qcode="cpnat:abstract"/>
            <name xml:lang="en-US">defensive-indifference</name>
            <name xml:lang="en-GB">defensive-indifference</name>
            <definition/>
            <related uri="http://cv.iptc.org/newscodes/spbblaction/" rel="skos:inScheme"/>
        </concept>
        <concept id="spbblactionpickoff-error">
            <conceptId qcode="spbblaction:pickoff-error" created="2016-05-02T00:00:00+00:00"/>
            <type qcode="cpnat:abstract"/>
            <name xml:lang="en-US">pickoff-error</name>
            <name xml:lang="en-GB">pickoff-error</name>
            <definition/>
            <related uri="http://cv.iptc.org/newscodes/spbblaction/" rel="skos:inScheme"/>
        </concept>
        <concept id="spbblactionpitch">
            <conceptId qcode="spbblaction:pitch" created="2016-05-02T00:00:00+00:00"/>
            <type qcode="cpnat:abstract"/>
            <name xml:lang="en-US">pitch</name>
            <name xml:lang="en-GB">pitch</name>
            <definition/>
            <related uri="http://cv.iptc.org/newscodes/spbblaction/" rel="skos:inScheme"/>
        </concept>
        <concept id="spbblactionwild-pitch">
            <conceptId qcode="spbblaction:wild-pitch" created="2016-05-02T00:00:00+00:00"/>
            <type qcode="cpnat:abstract"/>
            <name xml:lang="en-US">wild-pitch</name>
            <name xml:lang="en-GB">wild-pitch</name>
            <definition/>
            <related uri="http://cv.iptc.org/newscodes/spbblaction/" rel="skos:inScheme"/>
        </concept>
        <concept id="spbblactionpassed-ball">
            <conceptId qcode="spbblaction:passed-ball" created="2016-05-02T00:00:00+00:00"/>
            <type qcode="cpnat:abstract"/>
            <name xml:lang="en-US">passed-ball</name>
            <name xml:lang="en-GB">passed-ball</name>
            <definition/>
            <related uri="http://cv.iptc.org/newscodes/spbblaction/" rel="skos:inScheme"/>
        </concept>
        <concept id="spbblactionbalk">
            <conceptId qcode="spbblaction:balk" created="2016-05-02T00:00:00+00:00"/>
            <type qcode="cpnat:abstract"/>
            <name xml:lang="en-US">balk</name>
            <name xml:lang="en-GB">balk</name>
            <definition/>
            <related uri="http://cv.iptc.org/newscodes/spbblaction/" rel="skos:inScheme"/>
        </concept>
        <concept id="spbblactionother-advance">
            <conceptId qcode="spbblaction:other-advance" created="2016-05-02T00:00:00+00:00"/>
            <type qcode="cpnat:abstract"/>
            <name xml:lang="en-US">other-advance</name>
            <name xml:lang="en-GB">other-advance</name>
            <definition/>
            <related uri="http://cv.iptc.org/newscodes/spbblaction/" rel="skos:inScheme"/>
        </concept>
        <concept id="spbblactionfoul-error">
            <conceptId qcode="spbblaction:foul-error" created="2016-05-02T00:00:00+00:00"/>
            <type qcode="cpnat:abstract"/>
            <name xml:lang="en-US">foul-error</name>
            <name xml:lang="en-GB">foul-error</name>
            <definition/>
            <related uri="http://cv.iptc.org/newscodes/spbblaction/" rel="skos:inScheme"/>
        </concept>
        <concept id="spbblactioninterference">
            <conceptId qcode="spbblaction:interference" created="2016-05-02T00:00:00+00:00"/>
            <type qcode="cpnat:abstract"/>
            <name xml:lang="en-US">interference</name>
            <name xml:lang="en-GB">interference</name>
            <definition/>
            <related uri="http://cv.iptc.org/newscodes/spbblaction/" rel="skos:inScheme"/>
        </concept>
        <concept id="spbblactionerror">
            <conceptId qcode="spbblaction:error" created="2016-05-02T00:00:00+00:00"/>
            <type qcode="cpnat:abstract"/>
            <name xml:lang="en-US">error</name>
            <name xml:lang="en-GB">error</name>
            <definition/>
            <related uri="http://cv.iptc.org/newscodes/spbblaction/" rel="skos:inScheme"/>
        </concept>
        <concept id="spbblactionfielders-choice">
            <conceptId qcode="spbblaction:fielders-choice" created="2016-05-02T00:00:00+00:00"/>
            <type qcode="cpnat:abstract"/>
            <name xml:lang="en-US">fielders-choice</name>
            <name xml:lang="en-GB">fielders-choice</name>
            <definition/>
            <related uri="http://cv.iptc.org/newscodes/spbblaction/" rel="skos:inScheme"/>
        </concept>
        <concept id="spbblactionmissing-play">
            <conceptId qcode="spbblaction:missing-play" created="2016-05-02T00:00:00+00:00"/>
            <type qcode="cpnat:abstract"/>
            <name xml:lang="en-US">missing-play</name>
            <name xml:lang="en-GB">missing-play</name>
            <definition/>
            <related uri="http://cv.iptc.org/newscodes/spbblaction/" rel="skos:inScheme"/>
        </concept>
    </conceptSet>
    <schemeMeta authority="http://www.iptc.org" uri="http://cv.iptc.org/newscodes/spbblaction/"
        preferredalias="spbblaction">
        <definition xml:lang="en-GB">Types of baseball actions</definition>
        <name xml:lang="en-US">Baseball Actions</name>
            <name xml:lang="en-GB">Baseball Actions</name>
        <related qcode="spbblaction:walk" rel="skos:hasTopConcept"/>
        <related qcode="spbblaction:hit" rel="skos:hasTopConcept"/>
        <related qcode="spbblaction:hit-by-pitch" rel="skos:hasTopConcept"/>
        <related qcode="spbblaction:stolen-base" rel="skos:hasTopConcept"/>
        <related qcode="spbblaction:out" rel="skos:hasTopConcept"/>
        <related qcode="spbblaction:strikeout" rel="skos:hasTopConcept"/>
        <related qcode="spbblaction:caught-stealing" rel="skos:hasTopConcept"/>
        <related qcode="spbblaction:pickoff" rel="skos:hasTopConcept"/>
        <related qcode="spbblaction:single" rel="skos:hasTopConcept"/>
        <related qcode="spbblaction:double" rel="skos:hasTopConcept"/>
        <related qcode="spbblaction:triple" rel="skos:hasTopConcept"/>
        <related qcode="spbblaction:home-run" rel="skos:hasTopConcept"/>
        <related qcode="spbblaction:defensive-indifference" rel="skos:hasTopConcept"/>
        <related qcode="spbblaction:pickoff-error" rel="skos:hasTopConcept"/>
        <related qcode="spbblaction:pitch" rel="skos:hasTopConcept"/>
        <related qcode="spbblaction:wild-pitch" rel="skos:hasTopConcept"/>
        <related qcode="spbblaction:passed-ball" rel="skos:hasTopConcept"/>
        <related qcode="spbblaction:balk" rel="skos:hasTopConcept"/>
        <related qcode="spbblaction:other-advance" rel="skos:hasTopConcept"/>
        <related qcode="spbblaction:foul-error" rel="skos:hasTopConcept"/>
        <related qcode="spbblaction:interference" rel="skos:hasTopConcept"/>
        <related qcode="spbblaction:error" rel="skos:hasTopConcept"/>
        <related qcode="spbblaction:fielders-choice" rel="skos:hasTopConcept"/>
        <related qcode="spbblaction:missing-play" rel="skos:hasTopConcept"/>
        <schemeMetaExtProperty rel="ikos:availLang" value="en-US"/>
        <schemeMetaExtProperty rel="ikos:availLang" value="en-GB"/>
    </schemeMeta>
</knowledgeItem>
