<knowledgeItem xmlns="http://iptc.org/std/nar/2006-10-01/"
    xmlns:xs="http://www.w3.org/2001/XMLSchema" xmlns:newsml="http://iptc.org/std/nar/2006-10-01/"
    standard="NewsML-G2" standardversion="2.18" conformance="power"
    guid="urn:newsml:iptc.org:20080229:srcncdki-spbblballlocation" version="1">
    <catalogRef href="http://www.iptc.org/std/catalog/catalog.IPTC-G2-Standards_25.xml"/>
    <catalogRef href="http://www.iptc.org/std/catalog/catalog.IPTC-Sports_1.xml"/>
    <rightsInfo>
        <copyrightHolder uri="http://cv.iptc.org/newscodes/newsprovider/IPTC">
            <name>IPTC - International Press Telecommunications Council</name>
        </copyrightHolder>
        <copyrightNotice>Copyright 2016, IPTC, www.iptc.org, Rights Reserved</copyrightNotice>
        <usageTerms href="http://creativecommons.org/licenses/by/4.0/">the Creative Commons
            Attribution (CC BY) 4.0 license applies to all NewsCodes</usageTerms>
    </rightsInfo>
    <itemMeta>
        <itemClass qcode="cinat:scheme"/>
        <provider uri="http://cv.iptc.org/newscodes/newsprovider/IPTC">
            <name>IPTC</name>
        </provider>
        <versionCreated>2016-06-13T15:15:32-04:00</versionCreated>
        <pubStatus qcode="stat:usable"/>
    </itemMeta>
    <contentMeta>
        <subject qcode="subj:15000000">
            <name xml:lang="en-US">sport</name>
            <name xml:lang="en-GB">sport</name>
        </subject>
        <subject qcode="subj:15007000">
            <name xml:lang="en-US">baseball</name>
            <name xml:lang="en-GB">baseball</name>
            <broader qcode="subj:15000000"/>
        </subject>
        <description>Location of baseball pitches</description>
    </contentMeta>
    <conceptSet>
        <concept id="spbblballlocationhigh">
            <conceptId qcode="spbblballlocation:high" created="2016-05-02T00:00:00+00:00"/>
            <type qcode="cpnat:abstract"/>
            <name xml:lang="en-US">high</name>
            <name xml:lang="en-GB">high</name>
            <definition/>
            <related uri="http://cv.iptc.org/newscodes/spbblballlocation/" rel="skos:inScheme"/>
        </concept>
        <concept id="spbblballlocationlow">
            <conceptId qcode="spbblballlocation:low" created="2016-05-02T00:00:00+00:00"/>
            <type qcode="cpnat:abstract"/>
            <name xml:lang="en-US">low</name>
            <name xml:lang="en-GB">low</name>
            <definition/>
            <related uri="http://cv.iptc.org/newscodes/spbblballlocation/" rel="skos:inScheme"/>
        </concept>
        <concept id="spbblballlocationinside">
            <conceptId qcode="spbblballlocation:inside" created="2016-05-02T00:00:00+00:00"/>
            <type qcode="cpnat:abstract"/>
            <name xml:lang="en-US">inside</name>
            <name xml:lang="en-GB">inside</name>
            <definition/>
            <related uri="http://cv.iptc.org/newscodes/spbblballlocation/" rel="skos:inScheme"/>
        </concept>
        <concept id="spbblballlocationoutside">
            <conceptId qcode="spbblballlocation:outside" created="2016-05-02T00:00:00+00:00"/>
            <type qcode="cpnat:abstract"/>
            <name xml:lang="en-US">outside</name>
            <name xml:lang="en-GB">outside</name>
            <definition/>
            <related uri="http://cv.iptc.org/newscodes/spbblballlocation/" rel="skos:inScheme"/>
        </concept>
    </conceptSet>
    <schemeMeta authority="http://www.iptc.org"
        uri="http://cv.iptc.org/newscodes/spbblballlocation/" preferredalias="spbblballlocation">
        <definition xml:lang="en-GB">Location of baseball pitches</definition>
        <name xml:lang="en-US">Baseball Pitch Location</name>
            <name xml:lang="en-GB">Baseball Pitch Location</name>
        <related qcode="spbblballlocation:high" rel="skos:hasTopConcept"/>
        <related qcode="spbblballlocation:low" rel="skos:hasTopConcept"/>
        <related qcode="spbblballlocation:inside" rel="skos:hasTopConcept"/>
        <related qcode="spbblballlocation:outside" rel="skos:hasTopConcept"/>
        <schemeMetaExtProperty rel="ikos:availLang" value="en-US"/>
        <schemeMetaExtProperty rel="ikos:availLang" value="en-GB"/>
    </schemeMeta>
</knowledgeItem>
