<knowledgeItem xmlns="http://iptc.org/std/nar/2006-10-01/"
    xmlns:xs="http://www.w3.org/2001/XMLSchema" xmlns:newsml="http://iptc.org/std/nar/2006-10-01/"
    standard="NewsML-G2" standardversion="2.18" conformance="power"
    guid="urn:newsml:iptc.org:20080229:srcncdki-spbblhit" version="1">
    <catalogRef href="http://www.iptc.org/std/catalog/catalog.IPTC-G2-Standards_25.xml"/>
    <catalogRef href="http://www.iptc.org/std/catalog/catalog.IPTC-Sports_1.xml"/>
    <rightsInfo>
        <copyrightHolder uri="http://cv.iptc.org/newscodes/newsprovider/IPTC">
            <name>IPTC - International Press Telecommunications Council</name>
        </copyrightHolder>
        <copyrightNotice>Copyright 2016, IPTC, www.iptc.org, Rights Reserved</copyrightNotice>
        <usageTerms href="http://creativecommons.org/licenses/by/4.0/">the Creative Commons
            Attribution (CC BY) 4.0 license applies to all NewsCodes</usageTerms>
    </rightsInfo>
    <itemMeta>
        <itemClass qcode="cinat:scheme"/>
        <provider uri="http://cv.iptc.org/newscodes/newsprovider/IPTC">
            <name>IPTC</name>
        </provider>
        <versionCreated>2016-06-13T15:15:32-04:00</versionCreated>
        <pubStatus qcode="stat:usable"/>
    </itemMeta>
    <contentMeta>
        <subject qcode="subj:15000000">
            <name xml:lang="en-US">sport</name>
            <name xml:lang="en-GB">sport</name>
        </subject>
        <subject qcode="subj:15007000">
            <name xml:lang="en-US">baseball</name>
            <name xml:lang="en-GB">baseball</name>
            <broader qcode="subj:15000000"/>
        </subject>
        <description>Types of baseball hits</description>
    </contentMeta>
    <conceptSet>
        <concept id="spbblhitsingle">
            <conceptId qcode="spbblhit:single" created="2016-05-02T00:00:00+00:00"/>
            <type qcode="cpnat:abstract"/>
            <name xml:lang="en-US">single</name>
            <name xml:lang="en-GB">single</name>
            <definition/>
            <related uri="http://cv.iptc.org/newscodes/spbblhit/" rel="skos:inScheme"/>
        </concept>
        <concept id="spbblhitdouble">
            <conceptId qcode="spbblhit:double" created="2016-05-02T00:00:00+00:00"/>
            <type qcode="cpnat:abstract"/>
            <name xml:lang="en-US">double</name>
            <name xml:lang="en-GB">double</name>
            <definition/>
            <related uri="http://cv.iptc.org/newscodes/spbblhit/" rel="skos:inScheme"/>
        </concept>
        <concept id="spbblhittriple">
            <conceptId qcode="spbblhit:triple" created="2016-05-02T00:00:00+00:00"/>
            <type qcode="cpnat:abstract"/>
            <name xml:lang="en-US">triple</name>
            <name xml:lang="en-GB">triple</name>
            <definition/>
            <related uri="http://cv.iptc.org/newscodes/spbblhit/" rel="skos:inScheme"/>
        </concept>
        <concept id="spbblhithome-run">
            <conceptId qcode="spbblhit:home-run" created="2016-05-02T00:00:00+00:00"/>
            <type qcode="cpnat:abstract"/>
            <name xml:lang="en-US">home-run</name>
            <name xml:lang="en-GB">home-run</name>
            <definition/>
            <related uri="http://cv.iptc.org/newscodes/spbblhit/" rel="skos:inScheme"/>
        </concept>
    </conceptSet>
    <schemeMeta authority="http://www.iptc.org" uri="http://cv.iptc.org/newscodes/spbblhit/"
        preferredalias="spbblhit">
        <definition xml:lang="en-GB">Types of baseball hits</definition>
        <name xml:lang="en-US">Baseball Hit Types</name>
            <name xml:lang="en-GB">Baseball Hit Types</name>
        <related qcode="spbblhit:single" rel="skos:hasTopConcept"/>
        <related qcode="spbblhit:double" rel="skos:hasTopConcept"/>
        <related qcode="spbblhit:triple" rel="skos:hasTopConcept"/>
        <related qcode="spbblhit:home-run" rel="skos:hasTopConcept"/>
        <schemeMetaExtProperty rel="ikos:availLang" value="en-US"/>
        <schemeMetaExtProperty rel="ikos:availLang" value="en-GB"/>
    </schemeMeta>
</knowledgeItem>
