<knowledgeItem xmlns="http://iptc.org/std/nar/2006-10-01/"
    xmlns:xs="http://www.w3.org/2001/XMLSchema" xmlns:newsml="http://iptc.org/std/nar/2006-10-01/"
    standard="NewsML-G2" standardversion="2.18" conformance="power"
    guid="urn:newsml:iptc.org:20080229:srcncdki-spbblstat" version="1">
    <catalogRef href="http://www.iptc.org/std/catalog/catalog.IPTC-G2-Standards_25.xml"/>
    <catalogRef href="http://www.iptc.org/std/catalog/catalog.IPTC-Sports_1.xml"/>
    <rightsInfo>
        <copyrightHolder uri="http://cv.iptc.org/newscodes/newsprovider/IPTC">
            <name>IPTC - International Press Telecommunications Council</name>
        </copyrightHolder>
        <copyrightNotice>Copyright 2016, IPTC, www.iptc.org, Rights Reserved</copyrightNotice>
        <usageTerms href="http://creativecommons.org/licenses/by/4.0/">the Creative Commons
            Attribution (CC BY) 4.0 license applies to all NewsCodes</usageTerms>
    </rightsInfo>
    <itemMeta>
        <itemClass qcode="cinat:scheme"/>
        <provider uri="http://cv.iptc.org/newscodes/newsprovider/IPTC">
            <name>IPTC</name>
        </provider>
        <versionCreated>2016-06-13T15:15:32-04:00</versionCreated>
        <pubStatus qcode="stat:usable"/>
    </itemMeta>
    <contentMeta>
        <subject qcode="subj:15000000">
            <name xml:lang="en-US">sport</name>
            <name xml:lang="en-GB">sport</name>
        </subject>
        <subject qcode="subj:15007000">
            <name xml:lang="en-US">baseball</name>
            <name xml:lang="en-GB">baseball</name>
            <broader qcode="subj:15000000"/>
        </subject>
        <description>Vocabulary of statistics for Baseball</description>
    </contentMeta>
    <conceptSet>
        <concept id="spbblstataverage">
            <conceptId qcode="spbblstat:average" created="2016-05-02T00:00:00+00:00"/>
            <type qcode="cpnat:abstract"/>
            <related qcode="spct:offense" rel="skos:broader"/>
            <name xml:lang="en-US">average</name>
            <name xml:lang="en-GB">average</name>
            <definition xml:lang="en-GB">Average number of hits per at-bats</definition>
            <related uri="http://cv.iptc.org/newscodes/spbblstat/" rel="skos:inScheme"/>
        </concept>
        <concept id="spbblstatruns-scored">
            <conceptId qcode="spbblstat:runs-scored" created="2016-05-02T00:00:00+00:00"/>
            <type qcode="cpnat:abstract"/>
            <related qcode="spct:offense" rel="skos:broader"/>
            <name xml:lang="en-US">runs-scored</name>
            <name xml:lang="en-GB">runs-scored</name>
            <definition xml:lang="en-GB">Number of runs scored</definition>
            <related uri="http://cv.iptc.org/newscodes/spbblstat/" rel="skos:inScheme"/>
        </concept>
        <concept id="spbblstatat-bats">
            <conceptId qcode="spbblstat:at-bats" created="2016-05-02T00:00:00+00:00"/>
            <type qcode="cpnat:abstract"/>
            <related qcode="spct:offense" rel="skos:broader"/>
            <name xml:lang="en-US">at-bats</name>
            <name xml:lang="en-GB">at-bats</name>
            <definition xml:lang="en-GB">Number of at-bats (Does not include walks or Sacrifice Hits)</definition>
            <related uri="http://cv.iptc.org/newscodes/spbblstat/" rel="skos:inScheme"/>
        </concept>
        <concept id="spbblstathits">
            <conceptId qcode="spbblstat:hits" created="2016-05-02T00:00:00+00:00"/>
            <type qcode="cpnat:abstract"/>
            <related qcode="spct:offense" rel="skos:broader"/>
            <name xml:lang="en-US">hits</name>
            <name xml:lang="en-GB">hits</name>
            <definition xml:lang="en-GB">Number of hits</definition>
            <related uri="http://cv.iptc.org/newscodes/spbblstat/" rel="skos:inScheme"/>
        </concept>
        <concept id="spbblstatrbi">
            <conceptId qcode="spbblstat:rbi" created="2016-05-02T00:00:00+00:00"/>
            <type qcode="cpnat:abstract"/>
            <related qcode="spct:offense" rel="skos:broader"/>
            <name xml:lang="en-US">rbi</name>
            <name xml:lang="en-GB">rbi</name>
            <definition xml:lang="en-GB">Number of runs batted in</definition>
            <related uri="http://cv.iptc.org/newscodes/spbblstat/" rel="skos:inScheme"/>
        </concept>
        <concept id="spbblstattotal-bases">
            <conceptId qcode="spbblstat:total-bases" created="2016-05-02T00:00:00+00:00"/>
            <type qcode="cpnat:abstract"/>
            <related qcode="spct:offense" rel="skos:broader"/>
            <name xml:lang="en-US">total-bases</name>
            <name xml:lang="en-GB">total-bases</name>
            <definition xml:lang="en-GB">Calculated by hits + doubles + (triples times 2) + (home-runs times
                3).</definition>
            <related uri="http://cv.iptc.org/newscodes/spbblstat/" rel="skos:inScheme"/>
        </concept>
        <concept id="spbblstatslugging-percentage">
            <conceptId qcode="spbblstat:slugging-percentage" created="2016-05-02T00:00:00+00:00"/>
            <type qcode="cpnat:abstract"/>
            <related qcode="spct:offense" rel="skos:broader"/>
            <name xml:lang="en-US">slugging-percentage</name>
            <name xml:lang="en-GB">slugging-percentage</name>
            <definition xml:lang="en-GB">Total bases divided by at-bats.</definition>
            <related uri="http://cv.iptc.org/newscodes/spbblstat/" rel="skos:inScheme"/>
        </concept>
        <concept id="spbblstatbases-on-balls">
            <conceptId qcode="spbblstat:bases-on-balls" created="2016-05-02T00:00:00+00:00"/>
            <type qcode="cpnat:abstract"/>
            <related qcode="spct:offense" rel="skos:broader"/>
            <name xml:lang="en-US">bases-on-balls</name>
            <name xml:lang="en-GB">bases-on-balls</name>
            <definition xml:lang="en-GB">Number of times batter was walked</definition>
            <related uri="http://cv.iptc.org/newscodes/spbblstat/" rel="skos:inScheme"/>
        </concept>
        <concept id="spbblstatbases-on-balls-rate">
            <conceptId qcode="spbblstat:bases-on-balls-rate" created="2016-05-02T00:00:00+00:00"/>
            <type qcode="cpnat:abstract"/>
            <related qcode="spct:offense" rel="skos:broader"/>
            <name xml:lang="en-US">bases-on-balls-rate</name>
            <name xml:lang="en-GB">bases-on-balls-rate</name>
            <definition xml:lang="en-GB">TBD.</definition>
            <related uri="http://cv.iptc.org/newscodes/spbblstat/" rel="skos:inScheme"/>
        </concept>
        <concept id="spbblstatbases-on-balls-intentional">
            <conceptId qcode="spbblstat:bases-on-balls-intentional" created="2016-05-02T00:00:00+00:00"/>
            <type qcode="cpnat:abstract"/>
            <related qcode="spct:offense" rel="skos:broader"/>
            <name xml:lang="en-US">bases-on-balls-intentional</name>
            <name xml:lang="en-GB">bases-on-balls-intentional</name>
            <definition xml:lang="en-GB">TBD.</definition>
            <related uri="http://cv.iptc.org/newscodes/spbblstat/" rel="skos:inScheme"/>
        </concept>
        <concept id="spbblstatstrikeouts-against">
            <conceptId qcode="spbblstat:strikeouts-against" created="2016-05-02T00:00:00+00:00"/>
            <type qcode="cpnat:abstract"/>
            <related qcode="spct:offense" rel="skos:broader"/>
            <name xml:lang="en-US">strikeouts-against</name>
            <name xml:lang="en-GB">strikeouts-against</name>
            <definition xml:lang="en-GB">Number of times batter struck out</definition>
            <related uri="http://cv.iptc.org/newscodes/spbblstat/" rel="skos:inScheme"/>
        </concept>
        <concept id="spbblstatstrikeouts-looking">
            <conceptId qcode="spbblstat:strikeouts-looking" created="2016-05-02T00:00:00+00:00"/>
            <type qcode="cpnat:abstract"/>
            <related qcode="spct:offense" rel="skos:broader"/>
            <name xml:lang="en-US">strikeouts-looking</name>
            <name xml:lang="en-GB">strikeouts-looking</name>
            <definition xml:lang="en-GB">TBD.</definition>
            <related uri="http://cv.iptc.org/newscodes/spbblstat/" rel="skos:inScheme"/>
        </concept>
        <concept id="spbblstatouts-ground">
            <conceptId qcode="spbblstat:outs-ground" created="2016-05-02T00:00:00+00:00"/>
            <type qcode="cpnat:abstract"/>
            <related qcode="spct:offense" rel="skos:broader"/>
            <name xml:lang="en-US">outs-ground</name>
            <name xml:lang="en-GB">outs-ground</name>
            <definition xml:lang="en-GB">TBD.</definition>
            <related uri="http://cv.iptc.org/newscodes/spbblstat/" rel="skos:inScheme"/>
        </concept>
        <concept id="spbblstatouts-fly">
            <conceptId qcode="spbblstat:outs-fly" created="2016-05-02T00:00:00+00:00"/>
            <type qcode="cpnat:abstract"/>
            <related qcode="spct:offense" rel="skos:broader"/>
            <name xml:lang="en-US">outs-fly</name>
            <name xml:lang="en-GB">outs-fly</name>
            <definition xml:lang="en-GB">TBD.</definition>
            <related uri="http://cv.iptc.org/newscodes/spbblstat/" rel="skos:inScheme"/>
        </concept>
        <concept id="spbblstatleft-on-base">
            <conceptId qcode="spbblstat:left-on-base" created="2016-05-02T00:00:00+00:00"/>
            <type qcode="cpnat:abstract"/>
            <related qcode="spct:offense" rel="skos:broader"/>
            <name xml:lang="en-US">left-on-base</name>
            <name xml:lang="en-GB">left-on-base</name>
            <definition xml:lang="en-GB">Number of runners left on base</definition>
            <related uri="http://cv.iptc.org/newscodes/spbblstat/" rel="skos:inScheme"/>
        </concept>
        <concept id="spbblstatleft-in-scoring-position">
            <conceptId qcode="spbblstat:left-in-scoring-position" created="2016-05-02T00:00:00+00:00"/>
            <type qcode="cpnat:abstract"/>
            <related qcode="spct:offense" rel="skos:broader"/>
            <name xml:lang="en-US">left-in-scoring-position</name>
            <name xml:lang="en-GB">left-in-scoring-position</name>
            <definition xml:lang="en-GB">Number of runners left on second and/or third base</definition>
            <related uri="http://cv.iptc.org/newscodes/spbblstat/" rel="skos:inScheme"/>
        </concept>
        <concept id="spbblstatsingles">
            <conceptId qcode="spbblstat:singles" created="2016-05-02T00:00:00+00:00"/>
            <type qcode="cpnat:abstract"/>
            <related qcode="spct:offense" rel="skos:broader"/>
            <name xml:lang="en-US">singles</name>
            <name xml:lang="en-GB">singles</name>
            <definition xml:lang="en-GB">Number of hits off of which batter advances to first base</definition>
            <related uri="http://cv.iptc.org/newscodes/spbblstat/" rel="skos:inScheme"/>
        </concept>
        <concept id="spbblstatdoubles">
            <conceptId qcode="spbblstat:doubles" created="2016-05-02T00:00:00+00:00"/>
            <type qcode="cpnat:abstract"/>
            <related qcode="spct:offense" rel="skos:broader"/>
            <name xml:lang="en-US">doubles</name>
            <name xml:lang="en-GB">doubles</name>
            <definition xml:lang="en-GB">Number of hits off of which batter advances to second base</definition>
            <related uri="http://cv.iptc.org/newscodes/spbblstat/" rel="skos:inScheme"/>
        </concept>
        <concept id="spbblstattriples">
            <conceptId qcode="spbblstat:triples" created="2016-05-02T00:00:00+00:00"/>
            <type qcode="cpnat:abstract"/>
            <related qcode="spct:offense" rel="skos:broader"/>
            <name xml:lang="en-US">triples</name>
            <name xml:lang="en-GB">triples</name>
            <definition xml:lang="en-GB">Number of hits off of which batter advances to third base</definition>
            <related uri="http://cv.iptc.org/newscodes/spbblstat/" rel="skos:inScheme"/>
        </concept>
        <concept id="spbblstathome-runs">
            <conceptId qcode="spbblstat:home-runs" created="2016-05-02T00:00:00+00:00"/>
            <type qcode="cpnat:abstract"/>
            <related qcode="spct:offense" rel="skos:broader"/>
            <name xml:lang="en-US">home-runs</name>
            <name xml:lang="en-GB">home-runs</name>
            <definition xml:lang="en-GB">Number of hits off of which batter advances to home plate</definition>
            <related uri="http://cv.iptc.org/newscodes/spbblstat/" rel="skos:inScheme"/>
        </concept>
        <concept id="spbblstathome-runs-season">
            <conceptId qcode="spbblstat:home-runs-season" created="2016-05-02T00:00:00+00:00"/>
            <type qcode="cpnat:abstract"/>
            <related qcode="spct:offense" rel="skos:broader"/>
            <name xml:lang="en-US">home-runs-season</name>
            <name xml:lang="en-GB">home-runs-season</name>
            <definition xml:lang="en-GB">TBD.</definition>
            <related uri="http://cv.iptc.org/newscodes/spbblstat/" rel="skos:inScheme"/>
        </concept>
        <concept id="spbblstatgrand-slams">
            <conceptId qcode="spbblstat:grand-slams" created="2016-05-02T00:00:00+00:00"/>
            <type qcode="cpnat:abstract"/>
            <related qcode="spct:offense" rel="skos:broader"/>
            <name xml:lang="en-US">grand-slams</name>
            <name xml:lang="en-GB">grand-slams</name>
            <definition xml:lang="en-GB">Number of home runs with bases loaded</definition>
            <related uri="http://cv.iptc.org/newscodes/spbblstat/" rel="skos:inScheme"/>
        </concept>
        <concept id="spbblstatstreak-hits">
            <conceptId qcode="spbblstat:streak-hits" created="2016-05-02T00:00:00+00:00"/>
            <type qcode="cpnat:abstract"/>
            <related qcode="spct:offense" rel="skos:broader"/>
            <name xml:lang="en-US">streak-hits</name>
            <name xml:lang="en-GB">streak-hits</name>
            <definition xml:lang="en-GB">TBD.</definition>
            <related uri="http://cv.iptc.org/newscodes/spbblstat/" rel="skos:inScheme"/>
        </concept>
        <concept id="spbblstathits-event-winning">
            <conceptId qcode="spbblstat:hits-event-winning" created="2016-05-02T00:00:00+00:00"/>
            <type qcode="cpnat:abstract"/>
            <related qcode="spct:offense" rel="skos:broader"/>
            <name xml:lang="en-US">hits-event-winning</name>
            <name xml:lang="en-GB">hits-event-winning</name>
            <definition xml:lang="en-GB">TBD.</definition>
            <related uri="http://cv.iptc.org/newscodes/spbblstat/" rel="skos:inScheme"/>
        </concept>
        <concept id="spbblstatat-bats-per-rbi">
            <conceptId qcode="spbblstat:at-bats-per-rbi" created="2016-05-02T00:00:00+00:00"/>
            <type qcode="cpnat:abstract"/>
            <related qcode="spct:offense" rel="skos:broader"/>
            <name xml:lang="en-US">at-bats-per-rbi</name>
            <name xml:lang="en-GB">at-bats-per-rbi</name>
            <definition xml:lang="en-GB">RBI per at-bat ratio</definition>
            <related uri="http://cv.iptc.org/newscodes/spbblstat/" rel="skos:inScheme"/>
        </concept>
        <concept id="spbblstatplate-appearances-per-rbi">
            <conceptId qcode="spbblstat:plate-appearances-per-rbi" created="2016-05-02T00:00:00+00:00"/>
            <type qcode="cpnat:abstract"/>
            <related qcode="spct:offense" rel="skos:broader"/>
            <name xml:lang="en-US">plate-appearances-per-rbi</name>
            <name xml:lang="en-GB">plate-appearances-per-rbi</name>
            <definition xml:lang="en-GB">Plate appearances per at-bat ratio</definition>
            <related uri="http://cv.iptc.org/newscodes/spbblstat/" rel="skos:inScheme"/>
        </concept>
        <concept id="spbblstatat-bats-per-home-run">
            <conceptId qcode="spbblstat:at-bats-per-home-run" created="2016-05-02T00:00:00+00:00"/>
            <type qcode="cpnat:abstract"/>
            <related qcode="spct:offense" rel="skos:broader"/>
            <name xml:lang="en-US">at-bats-per-home-run</name>
            <name xml:lang="en-GB">at-bats-per-home-run</name>
            <definition xml:lang="en-GB">Home runs per at-bat ratio</definition>
            <related uri="http://cv.iptc.org/newscodes/spbblstat/" rel="skos:inScheme"/>
        </concept>
        <concept id="spbblstatplate-appearances-per-home-run">
            <conceptId qcode="spbblstat:plate-appearances-per-home-run" created="2016-05-02T00:00:00+00:00"/>
            <type qcode="cpnat:abstract"/>
            <related qcode="spct:offense" rel="skos:broader"/>
            <name xml:lang="en-US">plate-appearances-per-home-run</name>
            <name xml:lang="en-GB">plate-appearances-per-home-run</name>
            <definition xml:lang="en-GB">Plate appearances per home run ratio</definition>
            <related uri="http://cv.iptc.org/newscodes/spbblstat/" rel="skos:inScheme"/>
        </concept>
        <concept id="spbblstatsac-flies">
            <conceptId qcode="spbblstat:sac-flies" created="2016-05-02T00:00:00+00:00"/>
            <type qcode="cpnat:abstract"/>
            <related qcode="spct:offense" rel="skos:broader"/>
            <name xml:lang="en-US">sac-flies</name>
            <name xml:lang="en-GB">sac-flies</name>
            <definition xml:lang="en-GB">Number of hits resulting in batter out which advance base
                runner(s)</definition>
            <related uri="http://cv.iptc.org/newscodes/spbblstat/" rel="skos:inScheme"/>
        </concept>
        <concept id="spbblstatsac-bunts">
            <conceptId qcode="spbblstat:sac-bunts" created="2016-05-02T00:00:00+00:00"/>
            <type qcode="cpnat:abstract"/>
            <related qcode="spct:offense" rel="skos:broader"/>
            <name xml:lang="en-US">sac-bunts</name>
            <name xml:lang="en-GB">sac-bunts</name>
            <definition xml:lang="en-GB">Number of bunts resulting in batter out which advance base
                runner(s)</definition>
            <related uri="http://cv.iptc.org/newscodes/spbblstat/" rel="skos:inScheme"/>
        </concept>
        <concept id="spbblstatsacrifices">
            <conceptId qcode="spbblstat:sacrifices" created="2016-05-02T00:00:00+00:00"/>
            <type qcode="cpnat:abstract"/>
            <related qcode="spct:offense" rel="skos:broader"/>
            <name xml:lang="en-US">sacrifices</name>
            <name xml:lang="en-GB">sacrifices</name>
            <definition xml:lang="en-GB">TBD.</definition>
            <related uri="http://cv.iptc.org/newscodes/spbblstat/" rel="skos:inScheme"/>
        </concept>
        <concept id="spbblstatgrounded-into-double-play">
            <conceptId qcode="spbblstat:grounded-into-double-play" created="2016-05-02T00:00:00+00:00"/>
            <type qcode="cpnat:abstract"/>
            <related qcode="spct:offense" rel="skos:broader"/>
            <name xml:lang="en-US">grounded-into-double-play</name>
            <name xml:lang="en-GB">grounded-into-double-play</name>
            <definition xml:lang="en-GB">Number of ground balls which result in batter and base runner
                outs</definition>
            <related uri="http://cv.iptc.org/newscodes/spbblstat/" rel="skos:inScheme"/>
        </concept>
        <concept id="spbblstathit-into-double-play">
            <conceptId qcode="spbblstat:hit-into-double-play" created="2016-05-02T00:00:00+00:00"/>
            <type qcode="cpnat:abstract"/>
            <related qcode="spct:offense" rel="skos:broader"/>
            <name xml:lang="en-US">hit-into-double-play</name>
            <name xml:lang="en-GB">hit-into-double-play</name>
            <definition xml:lang="en-GB">TBD.</definition>
            <related uri="http://cv.iptc.org/newscodes/spbblstat/" rel="skos:inScheme"/>
        </concept>
        <concept id="spbblstatmoved-up">
            <conceptId qcode="spbblstat:moved-up" created="2016-05-02T00:00:00+00:00"/>
            <type qcode="cpnat:abstract"/>
            <related qcode="spct:offense" rel="skos:broader"/>
            <name xml:lang="en-US">moved-up</name>
            <name xml:lang="en-GB">moved-up</name>
            <definition xml:lang="en-GB">Number of times runner advances to another base</definition>
            <related uri="http://cv.iptc.org/newscodes/spbblstat/" rel="skos:inScheme"/>
        </concept>
        <concept id="spbblstaton-base-percentage">
            <conceptId qcode="spbblstat:on-base-percentage" created="2016-05-02T00:00:00+00:00"/>
            <type qcode="cpnat:abstract"/>
            <related qcode="spct:offense" rel="skos:broader"/>
            <name xml:lang="en-US">on-base-percentage</name>
            <name xml:lang="en-GB">on-base-percentage</name>
            <definition xml:lang="en-GB">Calculated as follows: (hits + bases-on-balls + hit-by-pitch) / (at-bats +
                bases-on-balls + hit-by-pitch + sac-flies)</definition>
            <related uri="http://cv.iptc.org/newscodes/spbblstat/" rel="skos:inScheme"/>
        </concept>
        <concept id="spbblstatstolen-bases">
            <conceptId qcode="spbblstat:stolen-bases" created="2016-05-02T00:00:00+00:00"/>
            <type qcode="cpnat:abstract"/>
            <related qcode="spct:offense" rel="skos:broader"/>
            <name xml:lang="en-US">stolen-bases</name>
            <name xml:lang="en-GB">stolen-bases</name>
            <definition xml:lang="en-GB">Number of successfully stolen bases.</definition>
            <related uri="http://cv.iptc.org/newscodes/spbblstat/" rel="skos:inScheme"/>
        </concept>
        <concept id="spbblstatstolen-bases-caught">
            <conceptId qcode="spbblstat:stolen-bases-caught" created="2016-05-02T00:00:00+00:00"/>
            <type qcode="cpnat:abstract"/>
            <related qcode="spct:offense" rel="skos:broader"/>
            <name xml:lang="en-US">stolen-bases-caught</name>
            <name xml:lang="en-GB">stolen-bases-caught</name>
            <definition xml:lang="en-GB">Number of times the runner was caught while trying to steal
                bases.</definition>
            <related uri="http://cv.iptc.org/newscodes/spbblstat/" rel="skos:inScheme"/>
        </concept>
        <concept id="spbblstatstolen-bases-average">
            <conceptId qcode="spbblstat:stolen-bases-average" created="2016-05-02T00:00:00+00:00"/>
            <type qcode="cpnat:abstract"/>
            <related qcode="spct:offense" rel="skos:broader"/>
            <name xml:lang="en-US">stolen-bases-average</name>
            <name xml:lang="en-GB">stolen-bases-average</name>
            <definition xml:lang="en-GB">Success rate for stealing bases.</definition>
            <related uri="http://cv.iptc.org/newscodes/spbblstat/" rel="skos:inScheme"/>
        </concept>
        <concept id="spbblstathit-by-pitch">
            <conceptId qcode="spbblstat:hit-by-pitch" created="2016-05-02T00:00:00+00:00"/>
            <type qcode="cpnat:abstract"/>
            <related qcode="spct:offense" rel="skos:broader"/>
            <name xml:lang="en-US">hit-by-pitch</name>
            <name xml:lang="en-GB">hit-by-pitch</name>
            <definition xml:lang="en-GB">Number of times batter hit by pitch</definition>
            <related uri="http://cv.iptc.org/newscodes/spbblstat/" rel="skos:inScheme"/>
        </concept>
        <concept id="spbblstatreached-base-defensive-interference">
            <conceptId qcode="spbblstat:reached-base-defensive-interference" created="2016-05-02T00:00:00+00:00"/>
            <type qcode="cpnat:abstract"/>
            <related qcode="spct:offense" rel="skos:broader"/>
            <name xml:lang="en-US">reached-base-defensive-interference</name>
            <name xml:lang="en-GB">reached-base-defensive-interference</name>
            <definition xml:lang="en-GB">The number of times the player reached a base due to interference by the
                defense.</definition>
            <related uri="http://cv.iptc.org/newscodes/spbblstat/" rel="skos:inScheme"/>
        </concept>
        <concept id="spbblstatreached-base-error">
            <conceptId qcode="spbblstat:reached-base-error" created="2016-05-02T00:00:00+00:00"/>
            <type qcode="cpnat:abstract"/>
            <related qcode="spct:offense" rel="skos:broader"/>
            <name xml:lang="en-US">reached-base-error</name>
            <name xml:lang="en-GB">reached-base-error</name>
            <definition xml:lang="en-GB">TBD.</definition>
            <related uri="http://cv.iptc.org/newscodes/spbblstat/" rel="skos:inScheme"/>
        </concept>
        <concept id="spbblstatreached-base-fielder-choice">
            <conceptId qcode="spbblstat:reached-base-fielder-choice" created="2016-05-02T00:00:00+00:00"/>
            <type qcode="cpnat:abstract"/>
            <related qcode="spct:offense" rel="skos:broader"/>
            <name xml:lang="en-US">reached-base-fielder-choice</name>
            <name xml:lang="en-GB">reached-base-fielder-choice</name>
            <definition xml:lang="en-GB">TBD.</definition>
            <related uri="http://cv.iptc.org/newscodes/spbblstat/" rel="skos:inScheme"/>
        </concept>
        <concept id="spbblstaton-base-plus-slugging">
            <conceptId qcode="spbblstat:on-base-plus-slugging" created="2016-05-02T00:00:00+00:00"/>
            <type qcode="cpnat:abstract"/>
            <related qcode="spct:offense" rel="skos:broader"/>
            <name xml:lang="en-US">on-base-plus-slugging</name>
            <name xml:lang="en-GB">on-base-plus-slugging</name>
            <definition xml:lang="en-GB">Calculated by adding on-base-percentage to slugging-percentage.</definition>
            <related uri="http://cv.iptc.org/newscodes/spbblstat/" rel="skos:inScheme"/>
        </concept>
        <concept id="spbblstatplate-appearances">
            <conceptId qcode="spbblstat:plate-appearances" created="2016-05-02T00:00:00+00:00"/>
            <type qcode="cpnat:abstract"/>
            <related qcode="spct:offense" rel="skos:broader"/>
            <name xml:lang="en-US">plate-appearances</name>
            <name xml:lang="en-GB">plate-appearances</name>
            <definition xml:lang="en-GB">Calculated by adding at-bats, bases-on-balls, hit-by-pitch, sac-flies,
                sac-bunts, and defensive-interfance-reaches.</definition>
            <related uri="http://cv.iptc.org/newscodes/spbblstat/" rel="skos:inScheme"/>
        </concept>
        <concept id="spbblstathits-extra-base">
            <conceptId qcode="spbblstat:hits-extra-base" created="2016-05-02T00:00:00+00:00"/>
            <type qcode="cpnat:abstract"/>
            <related qcode="spct:offense" rel="skos:broader"/>
            <name xml:lang="en-US">hits-extra-base</name>
            <name xml:lang="en-GB">hits-extra-base</name>
            <definition xml:lang="en-GB">Calculated by adding doubles, triples, and home-runs.</definition>
            <related uri="http://cv.iptc.org/newscodes/spbblstat/" rel="skos:inScheme"/>
        </concept>
        <concept id="spbblstatstrikeout-rate">
            <conceptId qcode="spbblstat:strikeout-rate" created="2016-05-02T00:00:00+00:00"/>
            <type qcode="cpnat:abstract"/>
            <related qcode="spct:offense" rel="skos:broader"/>
            <name xml:lang="en-US">strikeout-rate</name>
            <name xml:lang="en-GB">strikeout-rate</name>
            <definition xml:lang="en-GB">TBD.</definition>
            <related uri="http://cv.iptc.org/newscodes/spbblstat/" rel="skos:inScheme"/>
        </concept>
        <concept id="spbblstatdouble-plays-against">
            <conceptId qcode="spbblstat:double-plays-against" created="2016-05-02T00:00:00+00:00"/>
            <type qcode="cpnat:abstract"/>
            <related qcode="spct:offense" rel="skos:broader"/>
            <name xml:lang="en-US">double-plays-against</name>
            <name xml:lang="en-GB">double-plays-against</name>
            <definition xml:lang="en-GB">TBD.</definition>
            <related uri="http://cv.iptc.org/newscodes/spbblstat/" rel="skos:inScheme"/>
        </concept>
        <concept id="spbblstattriple-plays-against">
            <conceptId qcode="spbblstat:triple-plays-against" created="2016-05-02T00:00:00+00:00"/>
            <type qcode="cpnat:abstract"/>
            <related qcode="spct:offense" rel="skos:broader"/>
            <name xml:lang="en-US">triple-plays-against</name>
            <name xml:lang="en-GB">triple-plays-against</name>
            <definition xml:lang="en-GB">TBD.</definition>
            <related uri="http://cv.iptc.org/newscodes/spbblstat/" rel="skos:inScheme"/>
        </concept>
        <concept id="spbblstatpick-offs-against">
            <conceptId qcode="spbblstat:pick-offs-against" created="2016-05-02T00:00:00+00:00"/>
            <type qcode="cpnat:abstract"/>
            <related qcode="spct:offense" rel="skos:broader"/>
            <name xml:lang="en-US">pick-offs-against</name>
            <name xml:lang="en-GB">pick-offs-against</name>
            <definition xml:lang="en-GB">TBD.</definition>
            <related uri="http://cv.iptc.org/newscodes/spbblstat/" rel="skos:inScheme"/>
        </concept>
        <concept id="spbblstatgames-played">
            <conceptId qcode="spbblstat:games-played" created="2016-05-02T00:00:00+00:00"/>
            <type qcode="cpnat:abstract"/>
            <related qcode="spct:offense" rel="skos:broader"/>
            <name xml:lang="en-US">games-played</name>
            <name xml:lang="en-GB">games-played</name>
            <definition xml:lang="en-GB">Number of games played.</definition>
            <related uri="http://cv.iptc.org/newscodes/spbblstat/" rel="skos:inScheme"/>
        </concept>
        <concept id="spbblstatruns-allowed">
            <conceptId qcode="spbblstat:runs-allowed" created="2016-05-02T00:00:00+00:00"/>
            <type qcode="cpnat:abstract"/>
            <related qcode="spct:pitching" rel="skos:broader"/>
            <name xml:lang="en-US">runs-allowed</name>
            <name xml:lang="en-GB">runs-allowed</name>
            <definition xml:lang="en-GB">Number of runs against</definition>
            <related uri="http://cv.iptc.org/newscodes/spbblstat/" rel="skos:inScheme"/>
        </concept>
        <concept id="spbblstathome-runs-allowed">
            <conceptId qcode="spbblstat:home-runs-allowed" created="2016-05-02T00:00:00+00:00"/>
            <type qcode="cpnat:abstract"/>
            <related qcode="spct:pitching" rel="skos:broader"/>
            <name xml:lang="en-US">home-runs-allowed</name>
            <name xml:lang="en-GB">home-runs-allowed</name>
            <definition xml:lang="en-GB">Number of home runs against</definition>
            <related uri="http://cv.iptc.org/newscodes/spbblstat/" rel="skos:inScheme"/>
        </concept>
        <concept id="spbblstatsacrifice-bunts-allowed">
            <conceptId qcode="spbblstat:sacrifice-bunts-allowed" created="2016-05-02T00:00:00+00:00"/>
            <type qcode="cpnat:abstract"/>
            <related qcode="spct:pitching" rel="skos:broader"/>
            <name xml:lang="en-US">sacrifice-bunts-allowed</name>
            <name xml:lang="en-GB">sacrifice-bunts-allowed</name>
            <definition xml:lang="en-GB">Number of sacrifice bunts against</definition>
            <related uri="http://cv.iptc.org/newscodes/spbblstat/" rel="skos:inScheme"/>
        </concept>
        <concept id="spbblstatsacrifice-hits-allowed">
            <conceptId qcode="spbblstat:sacrifice-hits-allowed" created="2016-05-02T00:00:00+00:00"/>
            <type qcode="cpnat:abstract"/>
            <related qcode="spct:pitching" rel="skos:broader"/>
            <name xml:lang="en-US">sacrifice-hits-allowed</name>
            <name xml:lang="en-GB">sacrifice-hits-allowed</name>
            <definition xml:lang="en-GB">Number of sacrifice hits against</definition>
            <related uri="http://cv.iptc.org/newscodes/spbblstat/" rel="skos:inScheme"/>
        </concept>
        <concept id="spbblstatinterferences">
            <conceptId qcode="spbblstat:interferences" created="2016-05-02T00:00:00+00:00"/>
            <type qcode="cpnat:abstract"/>
            <related qcode="spct:pitching" rel="skos:broader"/>
            <name xml:lang="en-US">interferences</name>
            <name xml:lang="en-GB">interferences</name>
            <definition xml:lang="en-GB">Number of interference or obstruction calls</definition>
            <related uri="http://cv.iptc.org/newscodes/spbblstat/" rel="skos:inScheme"/>
        </concept>
        <concept id="spbblstatinnings-pitched">
            <conceptId qcode="spbblstat:innings-pitched" created="2016-05-02T00:00:00+00:00"/>
            <type qcode="cpnat:abstract"/>
            <related qcode="spct:pitching" rel="skos:broader"/>
            <name xml:lang="en-US">innings-pitched</name>
            <name xml:lang="en-GB">innings-pitched</name>
            <definition xml:lang="en-GB">Number of innings pitched</definition>
            <related uri="http://cv.iptc.org/newscodes/spbblstat/" rel="skos:inScheme"/>
        </concept>
        <concept id="spbblstatinnings-pitched-average">
            <conceptId qcode="spbblstat:innings-pitched-average" created="2016-05-02T00:00:00+00:00"/>
            <type qcode="cpnat:abstract"/>
            <related qcode="spct:pitching" rel="skos:broader"/>
            <name xml:lang="en-US">innings-pitched-average</name>
            <name xml:lang="en-GB">innings-pitched-average</name>
            <definition xml:lang="en-GB">TBD.</definition>
            <related uri="http://cv.iptc.org/newscodes/spbblstat/" rel="skos:inScheme"/>
        </concept>
        <concept id="spbblstathits-allowed">
            <conceptId qcode="spbblstat:hits-allowed" created="2016-05-02T00:00:00+00:00"/>
            <type qcode="cpnat:abstract"/>
            <related qcode="spct:pitching" rel="skos:broader"/>
            <name xml:lang="en-US">hits-allowed</name>
            <name xml:lang="en-GB">hits-allowed</name>
            <definition xml:lang="en-GB">Number of hits against</definition>
            <related uri="http://cv.iptc.org/newscodes/spbblstat/" rel="skos:inScheme"/>
        </concept>
        <concept id="spbblstatearned-runs">
            <conceptId qcode="spbblstat:earned-runs" created="2016-05-02T00:00:00+00:00"/>
            <type qcode="cpnat:abstract"/>
            <related qcode="spct:pitching" rel="skos:broader"/>
            <name xml:lang="en-US">earned-runs</name>
            <name xml:lang="en-GB">earned-runs</name>
            <definition xml:lang="en-GB">Number of earned runs against</definition>
            <related uri="http://cv.iptc.org/newscodes/spbblstat/" rel="skos:inScheme"/>
        </concept>
        <concept id="spbblstatunearned-runs">
            <conceptId qcode="spbblstat:unearned-runs" created="2016-05-02T00:00:00+00:00"/>
            <type qcode="cpnat:abstract"/>
            <related qcode="spct:pitching" rel="skos:broader"/>
            <name xml:lang="en-US">unearned-runs</name>
            <name xml:lang="en-GB">unearned-runs</name>
            <definition xml:lang="en-GB">Number of unearned runs against</definition>
            <related uri="http://cv.iptc.org/newscodes/spbblstat/" rel="skos:inScheme"/>
        </concept>
        <concept id="spbblstatbases-on-balls-allowed">
            <conceptId qcode="spbblstat:bases-on-balls-allowed" created="2016-05-02T00:00:00+00:00"/>
            <type qcode="cpnat:abstract"/>
            <related qcode="spct:pitching" rel="skos:broader"/>
            <name xml:lang="en-US">bases-on-balls-allowed</name>
            <name xml:lang="en-GB">bases-on-balls-allowed</name>
            <definition xml:lang="en-GB">Number of earned walks allowed</definition>
            <related uri="http://cv.iptc.org/newscodes/spbblstat/" rel="skos:inScheme"/>
        </concept>
        <concept id="spbblstatbases-on-balls-intentional-pitcher">
            <conceptId qcode="spbblstat:bases-on-balls-intentional-pitcher" created="2016-05-02T00:00:00+00:00"/>
            <type qcode="cpnat:abstract"/>
            <related qcode="spct:pitching" rel="skos:broader"/>
            <name xml:lang="en-US">bases-on-balls-intentional-pitcher</name>
            <name xml:lang="en-GB">bases-on-balls-intentional-pitcher</name>
            <definition xml:lang="en-GB">Number of batters intentionally walked</definition>
            <related uri="http://cv.iptc.org/newscodes/spbblstat/" rel="skos:inScheme"/>
        </concept>
        <concept id="spbblstatstrikeouts">
            <conceptId qcode="spbblstat:strikeouts" created="2016-05-02T00:00:00+00:00"/>
            <type qcode="cpnat:abstract"/>
            <related qcode="spct:pitching" rel="skos:broader"/>
            <name xml:lang="en-US">strikeouts</name>
            <name xml:lang="en-GB">strikeouts</name>
            <definition xml:lang="en-GB">Number of earned strikeouts</definition>
            <related uri="http://cv.iptc.org/newscodes/spbblstat/" rel="skos:inScheme"/>
        </concept>
        <concept id="spbblstatstrikeout-to-bb-ratio">
            <conceptId qcode="spbblstat:strikeout-to-bb-ratio" created="2016-05-02T00:00:00+00:00"/>
            <type qcode="cpnat:abstract"/>
            <related qcode="spct:pitching" rel="skos:broader"/>
            <name xml:lang="en-US">strikeout-to-bb-ratio</name>
            <name xml:lang="en-GB">strikeout-to-bb-ratio</name>
            <definition xml:lang="en-GB">Strikeout to walks ratio</definition>
            <related uri="http://cv.iptc.org/newscodes/spbblstat/" rel="skos:inScheme"/>
        </concept>
        <concept id="spbblstatnumber-of-pitches">
            <conceptId qcode="spbblstat:number-of-pitches" created="2016-05-02T00:00:00+00:00"/>
            <type qcode="cpnat:abstract"/>
            <related qcode="spct:pitching" rel="skos:broader"/>
            <name xml:lang="en-US">number-of-pitches</name>
            <name xml:lang="en-GB">number-of-pitches</name>
            <definition xml:lang="en-GB">Number of pitches thrown</definition>
            <related uri="http://cv.iptc.org/newscodes/spbblstat/" rel="skos:inScheme"/>
        </concept>
        <concept id="spbblstatnumber-of-strikes">
            <conceptId qcode="spbblstat:number-of-strikes" created="2016-05-02T00:00:00+00:00"/>
            <type qcode="cpnat:abstract"/>
            <related qcode="spct:pitching" rel="skos:broader"/>
            <name xml:lang="en-US">number-of-strikes</name>
            <name xml:lang="en-GB">number-of-strikes</name>
            <definition xml:lang="en-GB">TBD.</definition>
            <related uri="http://cv.iptc.org/newscodes/spbblstat/" rel="skos:inScheme"/>
        </concept>
        <concept id="spbblstatera">
            <conceptId qcode="spbblstat:era" created="2016-05-02T00:00:00+00:00"/>
            <type qcode="cpnat:abstract"/>
            <related qcode="spct:pitching" rel="skos:broader"/>
            <name xml:lang="en-US">era</name>
            <name xml:lang="en-GB">era</name>
            <definition xml:lang="en-GB">Earned run average: Number of earned runs divided by number of innings
                pitched multiplied by nine</definition>
            <related uri="http://cv.iptc.org/newscodes/spbblstat/" rel="skos:inScheme"/>
        </concept>
        <concept id="spbblstatwhip">
            <conceptId qcode="spbblstat:whip" created="2016-05-02T00:00:00+00:00"/>
            <type qcode="cpnat:abstract"/>
            <related qcode="spct:pitching" rel="skos:broader"/>
            <name xml:lang="en-US">whip</name>
            <name xml:lang="en-GB">whip</name>
            <definition xml:lang="en-GB">TBD.</definition>
            <related uri="http://cv.iptc.org/newscodes/spbblstat/" rel="skos:inScheme"/>
        </concept>
        <concept id="spbblstatinherited-runners-scored">
            <conceptId qcode="spbblstat:inherited-runners-scored" created="2016-05-02T00:00:00+00:00"/>
            <type qcode="cpnat:abstract"/>
            <related qcode="spct:pitching" rel="skos:broader"/>
            <name xml:lang="en-US">inherited-runners-scored</name>
            <name xml:lang="en-GB">inherited-runners-scored</name>
            <definition xml:lang="en-GB">Number of runners which a previous pitcher allowed on base which
                scored</definition>
            <related uri="http://cv.iptc.org/newscodes/spbblstat/" rel="skos:inScheme"/>
        </concept>
        <concept id="spbblstatpick-offs">
            <conceptId qcode="spbblstat:pick-offs" created="2016-05-02T00:00:00+00:00"/>
            <type qcode="cpnat:abstract"/>
            <related qcode="spct:pitching" rel="skos:broader"/>
            <name xml:lang="en-US">pick-offs</name>
            <name xml:lang="en-GB">pick-offs</name>
            <definition xml:lang="en-GB">The number of times the pitcher caught a player trying to steal, before
                making the pitch.</definition>
            <related uri="http://cv.iptc.org/newscodes/spbblstat/" rel="skos:inScheme"/>
        </concept>
        <concept id="spbblstaterrors-hit-with-pitch">
            <conceptId qcode="spbblstat:errors-hit-with-pitch" created="2016-05-02T00:00:00+00:00"/>
            <type qcode="cpnat:abstract"/>
            <related qcode="spct:pitching" rel="skos:broader"/>
            <name xml:lang="en-US">errors-hit-with-pitch</name>
            <name xml:lang="en-GB">errors-hit-with-pitch</name>
            <definition xml:lang="en-GB">Number of times pitcher hits batter with pitch</definition>
            <related uri="http://cv.iptc.org/newscodes/spbblstat/" rel="skos:inScheme"/>
        </concept>
        <concept id="spbblstaterrors-wild-pitch">
            <conceptId qcode="spbblstat:errors-wild-pitch" created="2016-05-02T00:00:00+00:00"/>
            <type qcode="cpnat:abstract"/>
            <related qcode="spct:pitching" rel="skos:broader"/>
            <name xml:lang="en-US">errors-wild-pitch</name>
            <name xml:lang="en-GB">errors-wild-pitch</name>
            <definition xml:lang="en-GB">Number of wild pitches thrown</definition>
            <related uri="http://cv.iptc.org/newscodes/spbblstat/" rel="skos:inScheme"/>
        </concept>
        <concept id="spbblstatbalks">
            <conceptId qcode="spbblstat:balks" created="2016-05-02T00:00:00+00:00"/>
            <type qcode="cpnat:abstract"/>
            <related qcode="spct:pitching" rel="skos:broader"/>
            <name xml:lang="en-US">balks</name>
            <name xml:lang="en-GB">balks</name>
            <definition xml:lang="en-GB">Number of balks</definition>
            <related uri="http://cv.iptc.org/newscodes/spbblstat/" rel="skos:inScheme"/>
        </concept>
        <concept id="spbblstatwins">
            <conceptId qcode="spbblstat:wins" created="2016-05-02T00:00:00+00:00"/>
            <type qcode="cpnat:abstract"/>
            <related qcode="spct:pitching" rel="skos:broader"/>
            <name xml:lang="en-US">wins</name>
            <name xml:lang="en-GB">wins</name>
            <definition xml:lang="en-GB">Number of games pitcher has won</definition>
            <related uri="http://cv.iptc.org/newscodes/spbblstat/" rel="skos:inScheme"/>
        </concept>
        <concept id="spbblstatlosses">
            <conceptId qcode="spbblstat:losses" created="2016-05-02T00:00:00+00:00"/>
            <type qcode="cpnat:abstract"/>
            <related qcode="spct:pitching" rel="skos:broader"/>
            <name xml:lang="en-US">losses</name>
            <name xml:lang="en-GB">losses</name>
            <definition xml:lang="en-GB">Number of games pitcher has lost</definition>
            <related uri="http://cv.iptc.org/newscodes/spbblstat/" rel="skos:inScheme"/>
        </concept>
        <concept id="spbblstatsaves">
            <conceptId qcode="spbblstat:saves" created="2016-05-02T00:00:00+00:00"/>
            <type qcode="cpnat:abstract"/>
            <related qcode="spct:pitching" rel="skos:broader"/>
            <name xml:lang="en-US">saves</name>
            <name xml:lang="en-GB">saves</name>
            <definition xml:lang="en-GB">Number of games pitcher has saved</definition>
            <related uri="http://cv.iptc.org/newscodes/spbblstat/" rel="skos:inScheme"/>
        </concept>
        <concept id="spbblstatholds">
            <conceptId qcode="spbblstat:holds" created="2016-05-02T00:00:00+00:00"/>
            <type qcode="cpnat:abstract"/>
            <related qcode="spct:pitching" rel="skos:broader"/>
            <name xml:lang="en-US">holds</name>
            <name xml:lang="en-GB">holds</name>
            <definition xml:lang="en-GB">Number of games relief pitcher has held the lead</definition>
            <related uri="http://cv.iptc.org/newscodes/spbblstat/" rel="skos:inScheme"/>
        </concept>
        <concept id="spbblstatsaves-blown">
            <conceptId qcode="spbblstat:saves-blown" created="2016-05-02T00:00:00+00:00"/>
            <type qcode="cpnat:abstract"/>
            <related qcode="spct:pitching" rel="skos:broader"/>
            <name xml:lang="en-US">saves-blown</name>
            <name xml:lang="en-GB">saves-blown</name>
            <definition xml:lang="en-GB">TBD.</definition>
            <related uri="http://cv.iptc.org/newscodes/spbblstat/" rel="skos:inScheme"/>
        </concept>
        <concept id="spbblstatsaves-tough">
            <conceptId qcode="spbblstat:saves-tough" created="2016-05-02T00:00:00+00:00"/>
            <type qcode="cpnat:abstract"/>
            <related qcode="spct:pitching" rel="skos:broader"/>
            <name xml:lang="en-US">saves-tough</name>
            <name xml:lang="en-GB">saves-tough</name>
            <definition xml:lang="en-GB">TBD.</definition>
            <related uri="http://cv.iptc.org/newscodes/spbblstat/" rel="skos:inScheme"/>
        </concept>
        <concept id="spbblstatsaves-opportunities">
            <conceptId qcode="spbblstat:saves-opportunities" created="2016-05-02T00:00:00+00:00"/>
            <type qcode="cpnat:abstract"/>
            <related qcode="spct:pitching" rel="skos:broader"/>
            <name xml:lang="en-US">saves-opportunities</name>
            <name xml:lang="en-GB">saves-opportunities</name>
            <definition xml:lang="en-GB">TBD.</definition>
            <related uri="http://cv.iptc.org/newscodes/spbblstat/" rel="skos:inScheme"/>
        </concept>
        <concept id="spbblstatrelief-points">
            <conceptId qcode="spbblstat:relief-points" created="2016-05-02T00:00:00+00:00"/>
            <type qcode="cpnat:abstract"/>
            <related qcode="spct:pitching" rel="skos:broader"/>
            <name xml:lang="en-US">relief-points</name>
            <name xml:lang="en-GB">relief-points</name>
            <definition xml:lang="en-GB">Formula for rating relief performances. 4 points for a tough save; 3 points
                for a save; 2 for a relief win; minus 2 for a relief loss and blown
                save.</definition>
            <related uri="http://cv.iptc.org/newscodes/spbblstat/" rel="skos:inScheme"/>
        </concept>
        <concept id="spbblstatshutouts">
            <conceptId qcode="spbblstat:shutouts" created="2016-05-02T00:00:00+00:00"/>
            <type qcode="cpnat:abstract"/>
            <related qcode="spct:pitching" rel="skos:broader"/>
            <name xml:lang="en-US">shutouts</name>
            <name xml:lang="en-GB">shutouts</name>
            <definition xml:lang="en-GB">Number of games pitched in which opposing team did not score</definition>
            <related uri="http://cv.iptc.org/newscodes/spbblstat/" rel="skos:inScheme"/>
        </concept>
        <concept id="spbblstatgames-complete">
            <conceptId qcode="spbblstat:games-complete" created="2016-05-02T00:00:00+00:00"/>
            <type qcode="cpnat:abstract"/>
            <related qcode="spct:pitching" rel="skos:broader"/>
            <name xml:lang="en-US">games-complete</name>
            <name xml:lang="en-GB">games-complete</name>
            <definition xml:lang="en-GB">Number of complete games pitched</definition>
            <related uri="http://cv.iptc.org/newscodes/spbblstat/" rel="skos:inScheme"/>
        </concept>
        <concept id="spbblstatgames-finished">
            <conceptId qcode="spbblstat:games-finished" created="2016-05-02T00:00:00+00:00"/>
            <type qcode="cpnat:abstract"/>
            <related qcode="spct:pitching" rel="skos:broader"/>
            <name xml:lang="en-US">games-finished</name>
            <name xml:lang="en-GB">games-finished</name>
            <definition xml:lang="en-GB">Number of games pitched to the end</definition>
            <related uri="http://cv.iptc.org/newscodes/spbblstat/" rel="skos:inScheme"/>
        </concept>
        <concept id="spbblstatgames-pitched">
            <conceptId qcode="spbblstat:games-pitched" created="2016-05-02T00:00:00+00:00"/>
            <type qcode="cpnat:abstract"/>
            <related qcode="spct:pitching" rel="skos:broader"/>
            <name xml:lang="en-US">games-pitched</name>
            <name xml:lang="en-GB">games-pitched</name>
            <definition xml:lang="en-GB">TBD.</definition>
            <related uri="http://cv.iptc.org/newscodes/spbblstat/" rel="skos:inScheme"/>
        </concept>
        <concept id="spbblstatwinning-percentage">
            <conceptId qcode="spbblstat:winning-percentage" created="2016-05-02T00:00:00+00:00"/>
            <type qcode="cpnat:abstract"/>
            <related qcode="spct:pitching" rel="skos:broader"/>
            <name xml:lang="en-US">winning-percentage</name>
            <name xml:lang="en-GB">winning-percentage</name>
            <definition xml:lang="en-GB">Calculated by wins divided by (wins + losses).</definition>
            <related uri="http://cv.iptc.org/newscodes/spbblstat/" rel="skos:inScheme"/>
        </concept>
        <concept id="spbblstatevent-credit">
            <conceptId qcode="spbblstat:event-credit" created="2016-05-02T00:00:00+00:00"/>
            <type qcode="cpnat:abstract"/>
            <related qcode="spct:pitching" rel="skos:broader"/>
            <name xml:lang="en-US">event-credit</name>
            <name xml:lang="en-GB">event-credit</name>
            <definition xml:lang="en-GB">Whether a pitcher has received credit for winning or losing the game. TBD.
                Controlled Vocabulary.
                (win|loss|save|blown-save|win-blown-save|loss-blown-save|hold-win|hold-loss)</definition>
            <related uri="http://cv.iptc.org/newscodes/spbblstat/" rel="skos:inScheme"/>
        </concept>
        <concept id="spbblstatsave-credit">
            <conceptId qcode="spbblstat:save-credit" created="2016-05-02T00:00:00+00:00"/>
            <type qcode="cpnat:abstract"/>
            <related qcode="spct:pitching" rel="skos:broader"/>
            <name xml:lang="en-US">save-credit</name>
            <name xml:lang="en-GB">save-credit</name>
            <definition xml:lang="en-GB">Whether a pitcher has received credit for winning or losing the game. TBD.
                Controlled Vocabulary.
                (win|loss|save|blown-save|win-blown-save|loss-blown-save|hold-win|hold-loss)</definition>
            <related uri="http://cv.iptc.org/newscodes/spbblstat/" rel="skos:inScheme"/>
        </concept>
        <concept id="spbblstatbatters-average-against">
            <conceptId qcode="spbblstat:batters-average-against" created="2016-05-02T00:00:00+00:00"/>
            <type qcode="cpnat:abstract"/>
            <related qcode="spct:pitching" rel="skos:broader"/>
            <name xml:lang="en-US">batters-average-against</name>
            <name xml:lang="en-GB">batters-average-against</name>
            <definition xml:lang="en-GB">TBD.</definition>
            <related uri="http://cv.iptc.org/newscodes/spbblstat/" rel="skos:inScheme"/>
        </concept>
        <concept id="spbblstatbatters-at-bats-against">
            <conceptId qcode="spbblstat:batters-at-bats-against" created="2016-05-02T00:00:00+00:00"/>
            <type qcode="cpnat:abstract"/>
            <related qcode="spct:pitching" rel="skos:broader"/>
            <name xml:lang="en-US">batters-at-bats-against</name>
            <name xml:lang="en-GB">batters-at-bats-against</name>
            <definition xml:lang="en-GB">Number of batters faced who were credited with at-bats.</definition>
            <related uri="http://cv.iptc.org/newscodes/spbblstat/" rel="skos:inScheme"/>
        </concept>
        <concept id="spbblstatbatters-total-against">
            <conceptId qcode="spbblstat:batters-total-against" created="2016-05-02T00:00:00+00:00"/>
            <type qcode="cpnat:abstract"/>
            <related qcode="spct:pitching" rel="skos:broader"/>
            <name xml:lang="en-US">batters-total-against</name>
            <name xml:lang="en-GB">batters-total-against</name>
            <definition xml:lang="en-GB">Total number of batters faced.</definition>
            <related uri="http://cv.iptc.org/newscodes/spbblstat/" rel="skos:inScheme"/>
        </concept>
        <concept id="spbblstatbatters-total-bases-against">
            <conceptId qcode="spbblstat:batters-total-bases-against" created="2016-05-02T00:00:00+00:00"/>
            <type qcode="cpnat:abstract"/>
            <related qcode="spct:pitching" rel="skos:broader"/>
            <name xml:lang="en-US">batters-total-bases-against</name>
            <name xml:lang="en-GB">batters-total-bases-against</name>
            <definition xml:lang="en-GB">TBD.</definition>
            <related uri="http://cv.iptc.org/newscodes/spbblstat/" rel="skos:inScheme"/>
        </concept>
        <concept id="spbblstatbatters-slugging-percentage-against">
            <conceptId qcode="spbblstat:batters-slugging-percentage-against" created="2016-05-02T00:00:00+00:00"/>
            <type qcode="cpnat:abstract"/>
            <related qcode="spct:pitching" rel="skos:broader"/>
            <name xml:lang="en-US">batters-slugging-percentage-against</name>
            <name xml:lang="en-GB">batters-slugging-percentage-against</name>
            <definition xml:lang="en-GB">TBD.</definition>
            <related uri="http://cv.iptc.org/newscodes/spbblstat/" rel="skos:inScheme"/>
        </concept>
        <concept id="spbblstatbatters-on-base-percentage-against">
            <conceptId qcode="spbblstat:batters-on-base-percentage-against" created="2016-05-02T00:00:00+00:00"/>
            <type qcode="cpnat:abstract"/>
            <related qcode="spct:pitching" rel="skos:broader"/>
            <name xml:lang="en-US">batters-on-base-percentage-against</name>
            <name xml:lang="en-GB">batters-on-base-percentage-against</name>
            <definition xml:lang="en-GB">TBD.</definition>
            <related uri="http://cv.iptc.org/newscodes/spbblstat/" rel="skos:inScheme"/>
        </concept>
        <concept id="spbblstatbatters-doubles-against">
            <conceptId qcode="spbblstat:batters-doubles-against" created="2016-05-02T00:00:00+00:00"/>
            <type qcode="cpnat:abstract"/>
            <related qcode="spct:pitching" rel="skos:broader"/>
            <name xml:lang="en-US">batters-doubles-against</name>
            <name xml:lang="en-GB">batters-doubles-against</name>
            <definition xml:lang="en-GB">TBD.</definition>
            <related uri="http://cv.iptc.org/newscodes/spbblstat/" rel="skos:inScheme"/>
        </concept>
        <concept id="spbblstatbatters-triples-against">
            <conceptId qcode="spbblstat:batters-triples-against" created="2016-05-02T00:00:00+00:00"/>
            <type qcode="cpnat:abstract"/>
            <related qcode="spct:pitching" rel="skos:broader"/>
            <name xml:lang="en-US">batters-triples-against</name>
            <name xml:lang="en-GB">batters-triples-against</name>
            <definition xml:lang="en-GB">TBD.</definition>
            <related uri="http://cv.iptc.org/newscodes/spbblstat/" rel="skos:inScheme"/>
        </concept>
        <concept id="spbblstatbatters-home-runs-against">
            <conceptId qcode="spbblstat:batters-home-runs-against" created="2016-05-02T00:00:00+00:00"/>
            <type qcode="cpnat:abstract"/>
            <related qcode="spct:pitching" rel="skos:broader"/>
            <name xml:lang="en-US">batters-home-runs-against</name>
            <name xml:lang="en-GB">batters-home-runs-against</name>
            <definition xml:lang="en-GB">TBD.</definition>
            <related uri="http://cv.iptc.org/newscodes/spbblstat/" rel="skos:inScheme"/>
        </concept>
        <concept id="spbblstatinherited-runners-total">
            <conceptId qcode="spbblstat:inherited-runners-total" created="2016-05-02T00:00:00+00:00"/>
            <type qcode="cpnat:abstract"/>
            <related qcode="spct:pitching" rel="skos:broader"/>
            <name xml:lang="en-US">inherited-runners-total</name>
            <name xml:lang="en-GB">inherited-runners-total</name>
            <definition xml:lang="en-GB">TBD.</definition>
            <related uri="http://cv.iptc.org/newscodes/spbblstat/" rel="skos:inScheme"/>
        </concept>
        <concept id="spbblstatsacrifice-flies-allowed">
            <conceptId qcode="spbblstat:sacrifice-flies-allowed" created="2016-05-02T00:00:00+00:00"/>
            <type qcode="cpnat:abstract"/>
            <related qcode="spct:pitching" rel="skos:broader"/>
            <name xml:lang="en-US">sacrifice-flies-allowed</name>
            <name xml:lang="en-GB">sacrifice-flies-allowed</name>
            <definition xml:lang="en-GB">TBD.</definition>
            <related uri="http://cv.iptc.org/newscodes/spbblstat/" rel="skos:inScheme"/>
        </concept>
        <concept id="spbblstatshutouts-combined">
            <conceptId qcode="spbblstat:shutouts-combined" created="2016-05-02T00:00:00+00:00"/>
            <type qcode="cpnat:abstract"/>
            <related qcode="spct:pitching" rel="skos:broader"/>
            <name xml:lang="en-US">shutouts-combined</name>
            <name xml:lang="en-GB">shutouts-combined</name>
            <definition xml:lang="en-GB">TBD.</definition>
            <related uri="http://cv.iptc.org/newscodes/spbblstat/" rel="skos:inScheme"/>
        </concept>
        <concept id="spbblstatdouble-plays">
            <conceptId qcode="spbblstat:double-plays" created="2016-05-02T00:00:00+00:00"/>
            <type qcode="cpnat:abstract"/>
            <related qcode="spct:defense" rel="skos:broader"/>
            <name xml:lang="en-US">double-plays</name>
            <name xml:lang="en-GB">double-plays</name>
            <definition xml:lang="en-GB">Number of times two runners thrown out at the base.</definition>
            <related uri="http://cv.iptc.org/newscodes/spbblstat/" rel="skos:inScheme"/>
        </concept>
        <concept id="spbblstattriple-plays">
            <conceptId qcode="spbblstat:triple-plays" created="2016-05-02T00:00:00+00:00"/>
            <type qcode="cpnat:abstract"/>
            <related qcode="spct:defense" rel="skos:broader"/>
            <name xml:lang="en-US">triple-plays</name>
            <name xml:lang="en-GB">triple-plays</name>
            <definition xml:lang="en-GB">Number of times three runners thrown out at the base.</definition>
            <related uri="http://cv.iptc.org/newscodes/spbblstat/" rel="skos:inScheme"/>
        </concept>
        <concept id="spbblstatputouts">
            <conceptId qcode="spbblstat:putouts" created="2016-05-02T00:00:00+00:00"/>
            <type qcode="cpnat:abstract"/>
            <related qcode="spct:defense" rel="skos:broader"/>
            <name xml:lang="en-US">putouts</name>
            <name xml:lang="en-GB">putouts</name>
            <definition xml:lang="en-GB">Number of times a fielder caught a fly ball for an out.</definition>
            <related uri="http://cv.iptc.org/newscodes/spbblstat/" rel="skos:inScheme"/>
        </concept>
        <concept id="spbblstatassists">
            <conceptId qcode="spbblstat:assists" created="2016-05-02T00:00:00+00:00"/>
            <type qcode="cpnat:abstract"/>
            <related qcode="spct:defense" rel="skos:broader"/>
            <name xml:lang="en-US">assists</name>
            <name xml:lang="en-GB">assists</name>
            <definition xml:lang="en-GB">Number of plays in which a fielder throws a ball to another fielder for the
                out.</definition>
            <related uri="http://cv.iptc.org/newscodes/spbblstat/" rel="skos:inScheme"/>
        </concept>
        <concept id="spbblstaterrors">
            <conceptId qcode="spbblstat:errors" created="2016-05-02T00:00:00+00:00"/>
            <type qcode="cpnat:abstract"/>
            <related qcode="spct:defense" rel="skos:broader"/>
            <name xml:lang="en-US">errors</name>
            <name xml:lang="en-GB">errors</name>
            <definition xml:lang="en-GB">Number of plays in which a fielder committed an error, such as dropping a
                ball.</definition>
            <related uri="http://cv.iptc.org/newscodes/spbblstat/" rel="skos:inScheme"/>
        </concept>
        <concept id="spbblstatfielding-chances">
            <conceptId qcode="spbblstat:fielding-chances" created="2016-05-02T00:00:00+00:00"/>
            <type qcode="cpnat:abstract"/>
            <related qcode="spct:defense" rel="skos:broader"/>
            <name xml:lang="en-US">fielding-chances</name>
            <name xml:lang="en-GB">fielding-chances</name>
            <definition xml:lang="en-GB">TBD.</definition>
            <related uri="http://cv.iptc.org/newscodes/spbblstat/" rel="skos:inScheme"/>
        </concept>
        <concept id="spbblstatfielding-percentage">
            <conceptId qcode="spbblstat:fielding-percentage" created="2016-05-02T00:00:00+00:00"/>
            <type qcode="cpnat:abstract"/>
            <related qcode="spct:defense" rel="skos:broader"/>
            <name xml:lang="en-US">fielding-percentage</name>
            <name xml:lang="en-GB">fielding-percentage</name>
            <definition xml:lang="en-GB">A measure of fielding success. Calculated as follows: (putouts + assists) /
                (putouts + assists + errors).</definition>
            <related uri="http://cv.iptc.org/newscodes/spbblstat/" rel="skos:inScheme"/>
        </concept>
        <concept id="spbblstatdefensive-average">
            <conceptId qcode="spbblstat:defensive-average" created="2016-05-02T00:00:00+00:00"/>
            <type qcode="cpnat:abstract"/>
            <related qcode="spct:defense" rel="skos:broader"/>
            <name xml:lang="en-US">defensive-average</name>
            <name xml:lang="en-GB">defensive-average</name>
            <definition xml:lang="en-GB">Rate a fielder turns a bill hit to their area into an out.</definition>
            <related uri="http://cv.iptc.org/newscodes/spbblstat/" rel="skos:inScheme"/>
        </concept>
        <concept id="spbblstaterrors-passed-ball">
            <conceptId qcode="spbblstat:errors-passed-ball" created="2016-05-02T00:00:00+00:00"/>
            <type qcode="cpnat:abstract"/>
            <related qcode="spct:defense" rel="skos:broader"/>
            <name xml:lang="en-US">errors-passed-ball</name>
            <name xml:lang="en-GB">errors-passed-ball</name>
            <definition xml:lang="en-GB">Number of times a catcher is faulted with letting a pitched ball go
                past.</definition>
            <related uri="http://cv.iptc.org/newscodes/spbblstat/" rel="skos:inScheme"/>
        </concept>
        <concept id="spbblstaterrors-catchers-interference">
            <conceptId qcode="spbblstat:errors-catchers-interference" created="2016-05-02T00:00:00+00:00"/>
            <type qcode="cpnat:abstract"/>
            <related qcode="spct:defense" rel="skos:broader"/>
            <name xml:lang="en-US">errors-catchers-interference</name>
            <name xml:lang="en-GB">errors-catchers-interference</name>
            <definition xml:lang="en-GB">Number of times a catcher has improperly interfered with play.</definition>
            <related uri="http://cv.iptc.org/newscodes/spbblstat/" rel="skos:inScheme"/>
        </concept>
        <concept id="spbblstatstolen-bases-against">
            <conceptId qcode="spbblstat:stolen-bases-against" created="2016-05-02T00:00:00+00:00"/>
            <type qcode="cpnat:abstract"/>
            <related qcode="spct:defense" rel="skos:broader"/>
            <name xml:lang="en-US">stolen-bases-against</name>
            <name xml:lang="en-GB">stolen-bases-against</name>
            <definition xml:lang="en-GB">Number of bases successfully stolen while this player was on the
                field.</definition>
            <related uri="http://cv.iptc.org/newscodes/spbblstat/" rel="skos:inScheme"/>
        </concept>
        <concept id="spbblstatstolen-bases-caught-defense">
            <conceptId qcode="spbblstat:stolen-bases-caught-defense" created="2016-05-02T00:00:00+00:00"/>
            <type qcode="cpnat:abstract"/>
            <related qcode="spct:defense" rel="skos:broader"/>
            <name xml:lang="en-US">stolen-bases-caught-defense</name>
            <name xml:lang="en-GB">stolen-bases-caught-defense</name>
            <definition xml:lang="en-GB">Number of times a runner was caught while trying to steal bases while this
                player was on the field.</definition>
            <related uri="http://cv.iptc.org/newscodes/spbblstat/" rel="skos:inScheme"/>
        </concept>
        <concept id="spbblstatstolen-bases-average-defense">
            <conceptId qcode="spbblstat:stolen-bases-average-defense" created="2016-05-02T00:00:00+00:00"/>
            <type qcode="cpnat:abstract"/>
            <related qcode="spct:defense" rel="skos:broader"/>
            <name xml:lang="en-US">stolen-bases-average-defense</name>
            <name xml:lang="en-GB">stolen-bases-average-defense</name>
            <definition xml:lang="en-GB">Success rate for stealing bases while this player was on the
                field.</definition>
            <related uri="http://cv.iptc.org/newscodes/spbblstat/" rel="skos:inScheme"/>
        </concept>
        <concept id="spbblstatinnings-played">
            <conceptId qcode="spbblstat:innings-played" created="2016-05-02T00:00:00+00:00"/>
            <type qcode="cpnat:abstract"/>
            <related qcode="spct:defense" rel="skos:broader"/>
            <name xml:lang="en-US">innings-played</name>
            <name xml:lang="en-GB">innings-played</name>
            <definition xml:lang="en-GB">Number of innings played at the named position.</definition>
            <related uri="http://cv.iptc.org/newscodes/spbblstat/" rel="skos:inScheme"/>
        </concept>
        <concept id="spbblstatgames-played-position">
            <conceptId qcode="spbblstat:games-played-position" created="2016-05-02T00:00:00+00:00"/>
            <type qcode="cpnat:abstract"/>
            <related qcode="spct:defense" rel="skos:broader"/>
            <name xml:lang="en-US">games-played-position</name>
            <name xml:lang="en-GB">games-played-position</name>
            <definition xml:lang="en-GB">Number of games played at the named position.</definition>
            <related uri="http://cv.iptc.org/newscodes/spbblstat/" rel="skos:inScheme"/>
        </concept>
    </conceptSet>
    <schemeMeta uri="http://cv.iptc.org/newscodes/spbblstat/" authority="http://www.iptc.org"
        preferredalias="spbblstat">
        <definition xml:lang="en-GB">Vocabulary of statistics for Baseball</definition>
        <name xml:lang="en-US">Baseball Statistics</name>
            <name xml:lang="en-GB">Baseball Statistics</name>
        <related qcode="spbblstat:average" rel="skos:hasTopConcept"/>
        <related qcode="spbblstat:runs-scored" rel="skos:hasTopConcept"/>
        <related qcode="spbblstat:at-bats" rel="skos:hasTopConcept"/>
        <related qcode="spbblstat:hits" rel="skos:hasTopConcept"/>
        <related qcode="spbblstat:rbi" rel="skos:hasTopConcept"/>
        <related qcode="spbblstat:total-bases" rel="skos:hasTopConcept"/>
        <related qcode="spbblstat:slugging-percentage" rel="skos:hasTopConcept"/>
        <related qcode="spbblstat:bases-on-balls" rel="skos:hasTopConcept"/>
        <related qcode="spbblstat:bases-on-balls-rate" rel="skos:hasTopConcept"/>
        <related qcode="spbblstat:bases-on-balls-intentional" rel="skos:hasTopConcept"/>
        <related qcode="spbblstat:strikeouts-against" rel="skos:hasTopConcept"/>
        <related qcode="spbblstat:strikeouts-looking" rel="skos:hasTopConcept"/>
        <related qcode="spbblstat:outs-ground" rel="skos:hasTopConcept"/>
        <related qcode="spbblstat:outs-fly" rel="skos:hasTopConcept"/>
        <related qcode="spbblstat:left-on-base" rel="skos:hasTopConcept"/>
        <related qcode="spbblstat:left-in-scoring-position" rel="skos:hasTopConcept"/>
        <related qcode="spbblstat:singles" rel="skos:hasTopConcept"/>
        <related qcode="spbblstat:doubles" rel="skos:hasTopConcept"/>
        <related qcode="spbblstat:triples" rel="skos:hasTopConcept"/>
        <related qcode="spbblstat:home-runs" rel="skos:hasTopConcept"/>
        <related qcode="spbblstat:home-runs-season" rel="skos:hasTopConcept"/>
        <related qcode="spbblstat:grand-slams" rel="skos:hasTopConcept"/>
        <related qcode="spbblstat:streak-hits" rel="skos:hasTopConcept"/>
        <related qcode="spbblstat:hits-event-winning" rel="skos:hasTopConcept"/>
        <related qcode="spbblstat:at-bats-per-rbi" rel="skos:hasTopConcept"/>
        <related qcode="spbblstat:plate-appearances-per-rbi" rel="skos:hasTopConcept"/>
        <related qcode="spbblstat:at-bats-per-home-run" rel="skos:hasTopConcept"/>
        <related qcode="spbblstat:plate-appearances-per-home-run" rel="skos:hasTopConcept"/>
        <related qcode="spbblstat:sac-flies" rel="skos:hasTopConcept"/>
        <related qcode="spbblstat:sac-bunts" rel="skos:hasTopConcept"/>
        <related qcode="spbblstat:sacrifices" rel="skos:hasTopConcept"/>
        <related qcode="spbblstat:grounded-into-double-play" rel="skos:hasTopConcept"/>
        <related qcode="spbblstat:hit-into-double-play" rel="skos:hasTopConcept"/>
        <related qcode="spbblstat:moved-up" rel="skos:hasTopConcept"/>
        <related qcode="spbblstat:on-base-percentage" rel="skos:hasTopConcept"/>
        <related qcode="spbblstat:stolen-bases" rel="skos:hasTopConcept"/>
        <related qcode="spbblstat:stolen-bases-caught" rel="skos:hasTopConcept"/>
        <related qcode="spbblstat:stolen-bases-average" rel="skos:hasTopConcept"/>
        <related qcode="spbblstat:hit-by-pitch" rel="skos:hasTopConcept"/>
        <related qcode="spbblstat:reached-base-defensive-interference" rel="skos:hasTopConcept"/>
        <related qcode="spbblstat:reached-base-error" rel="skos:hasTopConcept"/>
        <related qcode="spbblstat:reached-base-fielder-choice" rel="skos:hasTopConcept"/>
        <related qcode="spbblstat:on-base-plus-slugging" rel="skos:hasTopConcept"/>
        <related qcode="spbblstat:plate-appearances" rel="skos:hasTopConcept"/>
        <related qcode="spbblstat:hits-extra-base" rel="skos:hasTopConcept"/>
        <related qcode="spbblstat:strikeout-rate" rel="skos:hasTopConcept"/>
        <related qcode="spbblstat:double-plays-against" rel="skos:hasTopConcept"/>
        <related qcode="spbblstat:triple-plays-against" rel="skos:hasTopConcept"/>
        <related qcode="spbblstat:pick-offs-against" rel="skos:hasTopConcept"/>
        <related qcode="spbblstat:games-played" rel="skos:hasTopConcept"/>
        <related qcode="spbblstat:runs-allowed" rel="skos:hasTopConcept"/>
        <related qcode="spbblstat:home-runs-allowed" rel="skos:hasTopConcept"/>
        <related qcode="spbblstat:sacrifice-bunts-allowed" rel="skos:hasTopConcept"/>
        <related qcode="spbblstat:sacrifice-hits-allowed" rel="skos:hasTopConcept"/>
        <related qcode="spbblstat:interferences" rel="skos:hasTopConcept"/>
        <related qcode="spbblstat:innings-pitched" rel="skos:hasTopConcept"/>
        <related qcode="spbblstat:innings-pitched-average" rel="skos:hasTopConcept"/>
        <related qcode="spbblstat:hits-allowed" rel="skos:hasTopConcept"/>
        <related qcode="spbblstat:earned-runs" rel="skos:hasTopConcept"/>
        <related qcode="spbblstat:unearned-runs" rel="skos:hasTopConcept"/>
        <related qcode="spbblstat:bases-on-balls-allowed" rel="skos:hasTopConcept"/>
        <related qcode="spbblstat:bases-on-balls-intentional-pitcher" rel="skos:hasTopConcept"/>
        <related qcode="spbblstat:strikeouts" rel="skos:hasTopConcept"/>
        <related qcode="spbblstat:strikeout-to-bb-ratio" rel="skos:hasTopConcept"/>
        <related qcode="spbblstat:number-of-pitches" rel="skos:hasTopConcept"/>
        <related qcode="spbblstat:number-of-strikes" rel="skos:hasTopConcept"/>
        <related qcode="spbblstat:era" rel="skos:hasTopConcept"/>
        <related qcode="spbblstat:whip" rel="skos:hasTopConcept"/>
        <related qcode="spbblstat:inherited-runners-scored" rel="skos:hasTopConcept"/>
        <related qcode="spbblstat:pick-offs" rel="skos:hasTopConcept"/>
        <related qcode="spbblstat:errors-hit-with-pitch" rel="skos:hasTopConcept"/>
        <related qcode="spbblstat:errors-wild-pitch" rel="skos:hasTopConcept"/>
        <related qcode="spbblstat:balks" rel="skos:hasTopConcept"/>
        <related qcode="spbblstat:wins" rel="skos:hasTopConcept"/>
        <related qcode="spbblstat:losses" rel="skos:hasTopConcept"/>
        <related qcode="spbblstat:saves" rel="skos:hasTopConcept"/>
        <related qcode="spbblstat:holds" rel="skos:hasTopConcept"/>
        <related qcode="spbblstat:saves-blown" rel="skos:hasTopConcept"/>
        <related qcode="spbblstat:saves-tough" rel="skos:hasTopConcept"/>
        <related qcode="spbblstat:saves-opportunities" rel="skos:hasTopConcept"/>
        <related qcode="spbblstat:relief-points" rel="skos:hasTopConcept"/>
        <related qcode="spbblstat:shutouts" rel="skos:hasTopConcept"/>
        <related qcode="spbblstat:games-complete" rel="skos:hasTopConcept"/>
        <related qcode="spbblstat:games-finished" rel="skos:hasTopConcept"/>
        <related qcode="spbblstat:games-pitched" rel="skos:hasTopConcept"/>
        <related qcode="spbblstat:winning-percentage" rel="skos:hasTopConcept"/>
        <related qcode="spbblstat:event-credit" rel="skos:hasTopConcept"/>
        <related qcode="spbblstat:save-credit" rel="skos:hasTopConcept"/>
        <related qcode="spbblstat:batters-average-against" rel="skos:hasTopConcept"/>
        <related qcode="spbblstat:batters-at-bats-against" rel="skos:hasTopConcept"/>
        <related qcode="spbblstat:batters-total-against" rel="skos:hasTopConcept"/>
        <related qcode="spbblstat:batters-total-bases-against" rel="skos:hasTopConcept"/>
        <related qcode="spbblstat:batters-slugging-percentage-against" rel="skos:hasTopConcept"/>
        <related qcode="spbblstat:batters-on-base-percentage-against" rel="skos:hasTopConcept"/>
        <related qcode="spbblstat:batters-doubles-against" rel="skos:hasTopConcept"/>
        <related qcode="spbblstat:batters-triples-against" rel="skos:hasTopConcept"/>
        <related qcode="spbblstat:batters-home-runs-against" rel="skos:hasTopConcept"/>
        <related qcode="spbblstat:inherited-runners-total" rel="skos:hasTopConcept"/>
        <related qcode="spbblstat:sacrifice-flies-allowed" rel="skos:hasTopConcept"/>
        <related qcode="spbblstat:shutouts-combined" rel="skos:hasTopConcept"/>
        <related qcode="spbblstat:double-plays" rel="skos:hasTopConcept"/>
        <related qcode="spbblstat:triple-plays" rel="skos:hasTopConcept"/>
        <related qcode="spbblstat:putouts" rel="skos:hasTopConcept"/>
        <related qcode="spbblstat:assists" rel="skos:hasTopConcept"/>
        <related qcode="spbblstat:errors" rel="skos:hasTopConcept"/>
        <related qcode="spbblstat:fielding-chances" rel="skos:hasTopConcept"/>
        <related qcode="spbblstat:fielding-percentage" rel="skos:hasTopConcept"/>
        <related qcode="spbblstat:defensive-average" rel="skos:hasTopConcept"/>
        <related qcode="spbblstat:errors-passed-ball" rel="skos:hasTopConcept"/>
        <related qcode="spbblstat:errors-catchers-interference" rel="skos:hasTopConcept"/>
        <related qcode="spbblstat:stolen-bases-against" rel="skos:hasTopConcept"/>
        <related qcode="spbblstat:stolen-bases-caught-defense" rel="skos:hasTopConcept"/>
        <related qcode="spbblstat:stolen-bases-average-defense" rel="skos:hasTopConcept"/>
        <related qcode="spbblstat:innings-played" rel="skos:hasTopConcept"/>
        <related qcode="spbblstat:games-played-position" rel="skos:hasTopConcept"/>
        <schemeMetaExtProperty rel="ikos:availLang" value="en-US"/>
        <schemeMetaExtProperty rel="ikos:availLang" value="en-GB"/>
    </schemeMeta>
</knowledgeItem>
