<knowledgeItem xmlns="http://iptc.org/std/nar/2006-10-01/"
    xmlns:xs="http://www.w3.org/2001/XMLSchema" xmlns:newsml="http://iptc.org/std/nar/2006-10-01/"
    standard="NewsML-G2" standardversion="2.18" conformance="power"
    guid="urn:newsml:iptc.org:20080229:srcncdki-spbblpitch" version="1">
    <catalogRef href="http://www.iptc.org/std/catalog/catalog.IPTC-G2-Standards_25.xml"/>
    <catalogRef href="http://www.iptc.org/std/catalog/catalog.IPTC-Sports_1.xml"/>
    <rightsInfo>
        <copyrightHolder uri="http://cv.iptc.org/newscodes/newsprovider/IPTC">
            <name>IPTC - International Press Telecommunications Council</name>
        </copyrightHolder>
        <copyrightNotice>Copyright 2016, IPTC, www.iptc.org, Rights Reserved</copyrightNotice>
        <usageTerms href="http://creativecommons.org/licenses/by/4.0/">the Creative Commons
            Attribution (CC BY) 4.0 license applies to all NewsCodes</usageTerms>
    </rightsInfo>
    <itemMeta>
        <itemClass qcode="cinat:scheme"/>
        <provider uri="http://cv.iptc.org/newscodes/newsprovider/IPTC">
            <name>IPTC</name>
        </provider>
        <versionCreated>2016-06-13T15:15:32-04:00</versionCreated>
        <pubStatus qcode="stat:usable"/>
    </itemMeta>
    <contentMeta>
        <subject qcode="subj:15000000">
            <name xml:lang="en-US">sport</name>
            <name xml:lang="en-GB">sport</name>
        </subject>
        <subject qcode="subj:15007000">
            <name xml:lang="en-US">baseball</name>
            <name xml:lang="en-GB">baseball</name>
            <broader qcode="subj:15000000"/>
        </subject>
        <description>Types of baseball pitches</description>
    </contentMeta>
    <conceptSet>
        <concept id="spbblpitchcurveball">
            <conceptId qcode="spbblpitch:curveball" created="2016-05-02T00:00:00+00:00"/>
            <type qcode="cpnat:abstract"/>
            <name xml:lang="en-US">curveball</name>
            <name xml:lang="en-GB">curveball</name>
            <definition/>
            <related uri="http://cv.iptc.org/newscodes/spbblpitch/" rel="skos:inScheme"/>
        </concept>
        <concept id="spbblpitchfastball">
            <conceptId qcode="spbblpitch:fastball" created="2016-05-02T00:00:00+00:00"/>
            <type qcode="cpnat:abstract"/>
            <name xml:lang="en-US">fastball</name>
            <name xml:lang="en-GB">fastball</name>
            <definition/>
            <related uri="http://cv.iptc.org/newscodes/spbblpitch/" rel="skos:inScheme"/>
        </concept>
        <concept id="spbblpitchslider">
            <conceptId qcode="spbblpitch:slider" created="2016-05-02T00:00:00+00:00"/>
            <type qcode="cpnat:abstract"/>
            <name xml:lang="en-US">slider</name>
            <name xml:lang="en-GB">slider</name>
            <definition/>
            <related uri="http://cv.iptc.org/newscodes/spbblpitch/" rel="skos:inScheme"/>
        </concept>
        <concept id="spbblpitchknuckleball">
            <conceptId qcode="spbblpitch:knuckleball" created="2016-05-02T00:00:00+00:00"/>
            <type qcode="cpnat:abstract"/>
            <name xml:lang="en-US">knuckleball</name>
            <name xml:lang="en-GB">knuckleball</name>
            <definition/>
            <related uri="http://cv.iptc.org/newscodes/spbblpitch/" rel="skos:inScheme"/>
        </concept>
    </conceptSet>
    <schemeMeta authority="http://www.iptc.org" uri="http://cv.iptc.org/newscodes/spbblpitch/"
        preferredalias="spbblpitch">
        <definition xml:lang="en-GB">Types of baseball pitches</definition>
        <name xml:lang="en-US">Baseball Pitch Types</name>
            <name xml:lang="en-GB">Baseball Pitch Types</name>
        <related qcode="spbblpitch:curveball" rel="skos:hasTopConcept"/>
        <related qcode="spbblpitch:fastball" rel="skos:hasTopConcept"/>
        <related qcode="spbblpitch:slider" rel="skos:hasTopConcept"/>
        <related qcode="spbblpitch:knuckleball" rel="skos:hasTopConcept"/>
        <schemeMetaExtProperty rel="ikos:availLang" value="en-US"/>
        <schemeMetaExtProperty rel="ikos:availLang" value="en-GB"/>
    </schemeMeta>
</knowledgeItem>
