<knowledgeItem xmlns="http://iptc.org/std/nar/2006-10-01/" standard="NewsML-G2"
    standardversion="2.18" conformance="power" guid="urn:newsml:iptc.org:20080229:srcncdki-spbblout"
    version="1">
    <catalogRef href="http://www.iptc.org/std/catalog/catalog.IPTC-G2-Standards_25.xml"/>
    <catalogRef href="http://www.iptc.org/std/catalog/catalog.IPTC-Sports_1.xml"/>
    <rightsInfo>
        <copyrightHolder uri="http://cv.iptc.org/newscodes/newsprovider/IPTC">
            <name>IPTC - International Press Telecommunications Council</name>
        </copyrightHolder>
        <copyrightNotice>Copyright 2016, IPTC, www.iptc.org, Rights Reserved</copyrightNotice>
        <usageTerms href="http://creativecommons.org/licenses/by/4.0/">the Creative Commons
            Attribution (CC BY) 4.0 license applies to all NewsCodes</usageTerms>
    </rightsInfo>
    <itemMeta>
        <itemClass qcode="cinat:scheme"/>
        <provider uri="http://cv.iptc.org/newscodes/newsprovider/IPTC">
            <name>IPTC</name>
        </provider>
        <versionCreated>2016-06-13T15:15:32-04:00</versionCreated>
        <pubStatus qcode="stat:usable"/>
    </itemMeta>
    <contentMeta>
        <subject qcode="subj:15000000">
            <name xml:lang="en-US">sport</name>
            <name xml:lang="en-GB">sport</name>
        </subject>
        <subject qcode="subj:15007000">
            <name xml:lang="en-US">baseball</name>
            <name xml:lang="en-GB">baseball</name>
            <broader qcode="subj:15000000"/>
        </subject>
        <description>Types of baseball outs</description>
    </contentMeta>
    <conceptSet>
        <concept id="spbbloutstrikeout">
            <conceptId qcode="spbblout:strikeout" created="2016-05-02T00:00:00+00:00"/>
            <type qcode="cpnat:abstract"/>
            <name xml:lang="en-US">strikeout</name>
            <name xml:lang="en-GB">strikeout</name>
            <definition/>
            <related uri="http://cv.iptc.org/newscodes/spbblout/" rel="skos:inScheme"/>
        </concept>
        <concept id="spbbloutstrikeout-thrown-to-first">
            <conceptId qcode="spbblout:strikeout-thrown-to-first" created="2016-05-02T00:00:00+00:00"/>
            <type qcode="cpnat:abstract"/>
            <name xml:lang="en-US">strikeout-thrown-to-first</name>
            <name xml:lang="en-GB">strikeout-thrown-to-first</name>
            <definition/>
            <related uri="http://cv.iptc.org/newscodes/spbblout/" rel="skos:inScheme"/>
        </concept>
        <concept id="spbbloutfielders-choice">
            <conceptId qcode="spbblout:fielders-choice" created="2016-05-02T00:00:00+00:00"/>
            <type qcode="cpnat:abstract"/>
            <name xml:lang="en-US">fielders-choice</name>
            <name xml:lang="en-GB">fielders-choice</name>
            <definition/>
            <related uri="http://cv.iptc.org/newscodes/spbblout/" rel="skos:inScheme"/>
        </concept>
        <concept id="spbbloutthrow-out">
            <conceptId qcode="spbblout:throw-out" created="2016-05-02T00:00:00+00:00"/>
            <type qcode="cpnat:abstract"/>
            <name xml:lang="en-US">throw-out</name>
            <name xml:lang="en-GB">throw-out</name>
            <definition/>
            <related uri="http://cv.iptc.org/newscodes/spbblout/" rel="skos:inScheme"/>
        </concept>
        <concept id="spbbloutfly-ball">
            <conceptId qcode="spbblout:fly-ball" created="2016-05-02T00:00:00+00:00"/>
            <type qcode="cpnat:abstract"/>
            <name xml:lang="en-US">fly-ball</name>
            <name xml:lang="en-GB">fly-ball</name>
            <definition/>
            <related uri="http://cv.iptc.org/newscodes/spbblout/" rel="skos:inScheme"/>
        </concept>
        <concept id="spbbloutfly-ball-line-drive">
            <conceptId qcode="spbblout:fly-ball-line-drive" created="2016-05-02T00:00:00+00:00"/>
            <type qcode="cpnat:abstract"/>
            <name xml:lang="en-US">fly-ball-line-drive</name>
            <name xml:lang="en-GB">fly-ball-line-drive</name>
            <definition/>
            <related uri="http://cv.iptc.org/newscodes/spbblout/" rel="skos:inScheme"/>
        </concept>
        <concept id="spbbloutfly-ball-popup">
            <conceptId qcode="spbblout:fly-ball-popup" created="2016-05-02T00:00:00+00:00"/>
            <type qcode="cpnat:abstract"/>
            <name xml:lang="en-US">fly-ball-popup</name>
            <name xml:lang="en-GB">fly-ball-popup</name>
            <definition/>
            <related uri="http://cv.iptc.org/newscodes/spbblout/" rel="skos:inScheme"/>
        </concept>
        <concept id="spbbloutpickoff">
            <conceptId qcode="spbblout:pickoff" created="2016-05-02T00:00:00+00:00"/>
            <type qcode="cpnat:abstract"/>
            <name xml:lang="en-US">pickoff</name>
            <name xml:lang="en-GB">pickoff</name>
            <definition/>
            <related uri="http://cv.iptc.org/newscodes/spbblout/" rel="skos:inScheme"/>
        </concept>
        <concept id="spbbloutcaught-stealing">
            <conceptId qcode="spbblout:caught-stealing" created="2016-05-02T00:00:00+00:00"/>
            <type qcode="cpnat:abstract"/>
            <name xml:lang="en-US">caught-stealing</name>
            <name xml:lang="en-GB">caught-stealing</name>
            <definition/>
            <related uri="http://cv.iptc.org/newscodes/spbblout/" rel="skos:inScheme"/>
        </concept>
    </conceptSet>
    <schemeMeta authority="http://www.iptc.org" uri="http://cv.iptc.org/newscodes/spbblout/"
        preferredalias="spbblout">
        <definition xml:lang="en-GB">Types of baseball outs</definition>
        <name xml:lang="en-US">Baseball Out Types</name>
            <name xml:lang="en-GB">Baseball Out Types</name>
        <related qcode="spbblout:strikeout" rel="skos:hasTopConcept"/>
        <related qcode="spbblout:strikeout-thrown-to-first" rel="skos:hasTopConcept"/>
        <related qcode="spbblout:fielders-choice" rel="skos:hasTopConcept"/>
        <related qcode="spbblout:throw-out" rel="skos:hasTopConcept"/>
        <related qcode="spbblout:fly-ball" rel="skos:hasTopConcept"/>
        <related qcode="spbblout:fly-ball-line-drive" rel="skos:hasTopConcept"/>
        <related qcode="spbblout:fly-ball-popup" rel="skos:hasTopConcept"/>
        <related qcode="spbblout:pickoff" rel="skos:hasTopConcept"/>
        <related qcode="spbblout:caught-stealing" rel="skos:hasTopConcept"/>
        <schemeMetaExtProperty rel="ikos:availLang" value="en-US"/>
        <schemeMetaExtProperty rel="ikos:availLang" value="en-GB"/>
    </schemeMeta>
</knowledgeItem>
