<knowledgeItem xmlns="http://iptc.org/std/nar/2006-10-01/"
    xmlns:xs="http://www.w3.org/2001/XMLSchema" xmlns:newsml="http://iptc.org/std/nar/2006-10-01/"
    standard="NewsML-G2" standardversion="2.18" conformance="power"
    guid="urn:newsml:iptc.org:20080229:srcncdki-spbblposition" version="1">
    <catalogRef href="http://www.iptc.org/std/catalog/catalog.IPTC-G2-Standards_25.xml"/>
    <catalogRef href="http://www.iptc.org/std/catalog/catalog.IPTC-Sports_1.xml"/>
    <rightsInfo>
        <copyrightHolder uri="http://cv.iptc.org/newscodes/newsprovider/IPTC">
            <name>IPTC - International Press Telecommunications Council</name>
        </copyrightHolder>
        <copyrightNotice>Copyright 2016, IPTC, www.iptc.org, Rights Reserved</copyrightNotice>
        <usageTerms href="http://creativecommons.org/licenses/by/4.0/">the Creative Commons
            Attribution (CC BY) 4.0 license applies to all NewsCodes</usageTerms>
    </rightsInfo>
    <itemMeta>
        <itemClass qcode="cinat:scheme"/>
        <provider uri="http://cv.iptc.org/newscodes/newsprovider/IPTC">
            <name>IPTC</name>
        </provider>
        <versionCreated>2016-06-13T15:15:32-04:00</versionCreated>
        <pubStatus qcode="stat:usable"/>
    </itemMeta>
    <contentMeta>
        <subject qcode="subj:15000000">
            <name xml:lang="en-US">sport</name>
            <name xml:lang="en-GB">sport</name>
        </subject>
        <subject qcode="subj:15007000">
            <name xml:lang="en-US">baseball</name>
            <name xml:lang="en-GB">baseball</name>
            <broader qcode="subj:15000000"/>
        </subject>
        <description>Baseball player positions</description>
    </contentMeta>
    <conceptSet>
        <concept id="spbblposition1">
            <conceptId qcode="spbblposition:1" created="2016-05-02T00:00:00+00:00"/>
            <type qcode="cpnat:abstract"/>
            <name xml:lang="en-US">1</name>
            <name xml:lang="en-GB">1</name>
            <definition xml:lang="en-GB">pitcher</definition>
            <related uri="http://cv.iptc.org/newscodes/spbblposition/" rel="skos:inScheme"/>
        </concept>
        <concept id="spbblposition2">
            <conceptId qcode="spbblposition:2" created="2016-05-02T00:00:00+00:00"/>
            <type qcode="cpnat:abstract"/>
            <name xml:lang="en-US">2</name>
            <name xml:lang="en-GB">2</name>
            <definition xml:lang="en-GB">catcher</definition>
            <related uri="http://cv.iptc.org/newscodes/spbblposition/" rel="skos:inScheme"/>
        </concept>
        <concept id="spbblposition3">
            <conceptId qcode="spbblposition:3" created="2016-05-02T00:00:00+00:00"/>
            <type qcode="cpnat:abstract"/>
            <name xml:lang="en-US">3</name>
            <name xml:lang="en-GB">3</name>
            <definition xml:lang="en-GB">first baseman</definition>
            <related uri="http://cv.iptc.org/newscodes/spbblposition/" rel="skos:inScheme"/>
        </concept>
        <concept id="spbblposition4">
            <conceptId qcode="spbblposition:4" created="2016-05-02T00:00:00+00:00"/>
            <type qcode="cpnat:abstract"/>
            <name xml:lang="en-US">4</name>
            <name xml:lang="en-GB">4</name>
            <definition xml:lang="en-GB">second baseman</definition>
            <related uri="http://cv.iptc.org/newscodes/spbblposition/" rel="skos:inScheme"/>
        </concept>
        <concept id="spbblposition5">
            <conceptId qcode="spbblposition:5" created="2016-05-02T00:00:00+00:00"/>
            <type qcode="cpnat:abstract"/>
            <name xml:lang="en-US">5</name>
            <name xml:lang="en-GB">5</name>
            <definition xml:lang="en-GB">third baseman</definition>
            <related uri="http://cv.iptc.org/newscodes/spbblposition/" rel="skos:inScheme"/>
        </concept>
        <concept id="spbblposition6">
            <conceptId qcode="spbblposition:6" created="2016-05-02T00:00:00+00:00"/>
            <type qcode="cpnat:abstract"/>
            <name xml:lang="en-US">6</name>
            <name xml:lang="en-GB">6</name>
            <definition xml:lang="en-GB">shortstop</definition>
            <related uri="http://cv.iptc.org/newscodes/spbblposition/" rel="skos:inScheme"/>
        </concept>
        <concept id="spbblposition7">
            <conceptId qcode="spbblposition:7" created="2016-05-02T00:00:00+00:00"/>
            <type qcode="cpnat:abstract"/>
            <name xml:lang="en-US">7</name>
            <name xml:lang="en-GB">7</name>
            <definition xml:lang="en-GB">left fielder</definition>
            <related uri="http://cv.iptc.org/newscodes/spbblposition/" rel="skos:inScheme"/>
        </concept>
        <concept id="spbblposition8">
            <conceptId qcode="spbblposition:8" created="2016-05-02T00:00:00+00:00"/>
            <type qcode="cpnat:abstract"/>
            <name xml:lang="en-US">8</name>
            <name xml:lang="en-GB">8</name>
            <definition xml:lang="en-GB">center fielder</definition>
            <related uri="http://cv.iptc.org/newscodes/spbblposition/" rel="skos:inScheme"/>
        </concept>
        <concept id="spbblposition9">
            <conceptId qcode="spbblposition:9" created="2016-05-02T00:00:00+00:00"/>
            <type qcode="cpnat:abstract"/>
            <name xml:lang="en-US">9</name>
            <name xml:lang="en-GB">9</name>
            <definition xml:lang="en-GB">right fielder</definition>
            <related uri="http://cv.iptc.org/newscodes/spbblposition/" rel="skos:inScheme"/>
        </concept>
        <concept id="spbblposition10">
            <conceptId qcode="spbblposition:10" created="2016-05-02T00:00:00+00:00"/>
            <type qcode="cpnat:abstract"/>
            <name xml:lang="en-US">10</name>
            <name xml:lang="en-GB">10</name>
            <definition xml:lang="en-GB">tenth man (for softball), playing in the outfield</definition>
            <related uri="http://cv.iptc.org/newscodes/spbblposition/" rel="skos:inScheme"/>
        </concept>
        <concept id="spbblpositiondh">
            <conceptId qcode="spbblposition:dh" created="2016-05-02T00:00:00+00:00"/>
            <type qcode="cpnat:abstract"/>
            <name xml:lang="en-US">dh</name>
            <name xml:lang="en-GB">dh</name>
            <definition xml:lang="en-GB">designated hitter</definition>
            <related uri="http://cv.iptc.org/newscodes/spbblposition/" rel="skos:inScheme"/>
        </concept>
        <concept id="spbblpositionph">
            <conceptId qcode="spbblposition:ph" created="2016-05-02T00:00:00+00:00"/>
            <type qcode="cpnat:abstract"/>
            <name xml:lang="en-US">ph</name>
            <name xml:lang="en-GB">ph</name>
            <definition xml:lang="en-GB">pinch hitter</definition>
            <related uri="http://cv.iptc.org/newscodes/spbblposition/" rel="skos:inScheme"/>
        </concept>
        <concept id="spbblpositionpr">
            <conceptId qcode="spbblposition:pr" created="2016-05-02T00:00:00+00:00"/>
            <type qcode="cpnat:abstract"/>
            <name xml:lang="en-US">pr</name>
            <name xml:lang="en-GB">pr</name>
            <definition xml:lang="en-GB">pinch runner</definition>
            <related uri="http://cv.iptc.org/newscodes/spbblposition/" rel="skos:inScheme"/>
        </concept>
        <concept id="spbblpositionmanager">
            <conceptId qcode="spbblposition:manager" created="2016-05-02T00:00:00+00:00"/>
            <type qcode="cpnat:abstract"/>
            <name xml:lang="en-US">manager</name>
            <name xml:lang="en-GB">manager</name>
            <definition/>
            <related uri="http://cv.iptc.org/newscodes/spbblposition/" rel="skos:inScheme"/>
        </concept>
        <concept id="spbblpositioncoach">
            <conceptId qcode="spbblposition:coach" created="2016-05-02T00:00:00+00:00"/>
            <type qcode="cpnat:abstract"/>
            <name xml:lang="en-US">coach</name>
            <name xml:lang="en-GB">coach</name>
            <definition/>
            <related uri="http://cv.iptc.org/newscodes/spbblposition/" rel="skos:inScheme"/>
        </concept>
        <concept id="spbblpositioncoach-first-base">
            <conceptId qcode="spbblposition:coach-first-base" created="2016-05-02T00:00:00+00:00"/>
            <type qcode="cpnat:abstract"/>
            <name xml:lang="en-US">coach-first-base</name>
            <name xml:lang="en-GB">coach-first-base</name>
            <definition/>
            <related uri="http://cv.iptc.org/newscodes/spbblposition/" rel="skos:inScheme"/>
        </concept>
        <concept id="spbblpositioncoach-third-base">
            <conceptId qcode="spbblposition:coach-third-base" created="2016-05-02T00:00:00+00:00"/>
            <type qcode="cpnat:abstract"/>
            <name xml:lang="en-US">coach-third-base</name>
            <name xml:lang="en-GB">coach-third-base</name>
            <definition/>
            <related uri="http://cv.iptc.org/newscodes/spbblposition/" rel="skos:inScheme"/>
        </concept>
        <concept id="spbblpositionumpire">
            <conceptId qcode="spbblposition:umpire" created="2016-05-02T00:00:00+00:00"/>
            <type qcode="cpnat:abstract"/>
            <name xml:lang="en-US">umpire</name>
            <name xml:lang="en-GB">umpire</name>
            <definition/>
            <related uri="http://cv.iptc.org/newscodes/spbblposition/" rel="skos:inScheme"/>
        </concept>
        <concept id="spbblpositionumpire-2">
            <conceptId qcode="spbblposition:umpire-2" created="2016-05-02T00:00:00+00:00"/>
            <type qcode="cpnat:abstract"/>
            <name xml:lang="en-US">umpire-2</name>
            <name xml:lang="en-GB">umpire-2</name>
            <definition xml:lang="en-GB">home plate umpire</definition>
            <related uri="http://cv.iptc.org/newscodes/spbblposition/" rel="skos:inScheme"/>
        </concept>
        <concept id="spbblpositionumpire-3">
            <conceptId qcode="spbblposition:umpire-3" created="2016-05-02T00:00:00+00:00"/>
            <type qcode="cpnat:abstract"/>
            <name xml:lang="en-US">umpire-3</name>
            <name xml:lang="en-GB">umpire-3</name>
            <definition xml:lang="en-GB">first base umpire</definition>
            <related uri="http://cv.iptc.org/newscodes/spbblposition/" rel="skos:inScheme"/>
        </concept>
        <concept id="spbblpositionumpire-4">
            <conceptId qcode="spbblposition:umpire-4" created="2016-05-02T00:00:00+00:00"/>
            <type qcode="cpnat:abstract"/>
            <name xml:lang="en-US">umpire-4</name>
            <name xml:lang="en-GB">umpire-4</name>
            <definition xml:lang="en-GB">second base umpire</definition>
            <related uri="http://cv.iptc.org/newscodes/spbblposition/" rel="skos:inScheme"/>
        </concept>
        <concept id="spbblpositionumpire-5">
            <conceptId qcode="spbblposition:umpire-5" created="2016-05-02T00:00:00+00:00"/>
            <type qcode="cpnat:abstract"/>
            <name xml:lang="en-US">umpire-5</name>
            <name xml:lang="en-GB">umpire-5</name>
            <definition xml:lang="en-GB">third base umpire</definition>
            <related uri="http://cv.iptc.org/newscodes/spbblposition/" rel="skos:inScheme"/>
        </concept>
        <concept id="spbblpositionumpire-7">
            <conceptId qcode="spbblposition:umpire-7" created="2016-05-02T00:00:00+00:00"/>
            <type qcode="cpnat:abstract"/>
            <name xml:lang="en-US">umpire-7</name>
            <name xml:lang="en-GB">umpire-7</name>
            <definition xml:lang="en-GB">left field umpire</definition>
            <related uri="http://cv.iptc.org/newscodes/spbblposition/" rel="skos:inScheme"/>
        </concept>
        <concept id="spbblpositionumpire-9">
            <conceptId qcode="spbblposition:umpire-9" created="2016-05-02T00:00:00+00:00"/>
            <type qcode="cpnat:abstract"/>
            <name xml:lang="en-US">umpire-9</name>
            <name xml:lang="en-GB">umpire-9</name>
            <definition xml:lang="en-GB">right field umpire</definition>
            <related uri="http://cv.iptc.org/newscodes/spbblposition/" rel="skos:inScheme"/>
        </concept>
        <concept id="spbblpositionofficial-scorekeeper">
            <conceptId qcode="spbblposition:official-scorekeeper" created="2016-05-02T00:00:00+00:00"/>
            <type qcode="cpnat:abstract"/>
            <name xml:lang="en-US">official-scorekeeper</name>
            <name xml:lang="en-GB">official-scorekeeper</name>
            <definition/>
            <related uri="http://cv.iptc.org/newscodes/spbblposition/" rel="skos:inScheme"/>
        </concept>
        <concept id="spbblpositiontechnical-commissioner">
            <conceptId qcode="spbblposition:technical-commissioner" created="2016-05-02T00:00:00+00:00"/>
            <type qcode="cpnat:abstract"/>
            <name xml:lang="en-US">technical-commissioner</name>
            <name xml:lang="en-GB">technical-commissioner</name>
            <definition/>
            <related uri="http://cv.iptc.org/newscodes/spbblposition/" rel="skos:inScheme"/>
        </concept>
    </conceptSet>
    <schemeMeta authority="http://www.iptc.org" uri="http://cv.iptc.org/newscodes/spbblposition/"
        preferredalias="spbblposition">
        <definition xml:lang="en-GB">Baseball player positions</definition>
        <name xml:lang="en-US">Baseball Player Positions</name>
            <name xml:lang="en-GB">Baseball Player Positions</name>
        <related qcode="spbblposition:1" rel="skos:hasTopConcept"/>
        <related qcode="spbblposition:2" rel="skos:hasTopConcept"/>
        <related qcode="spbblposition:3" rel="skos:hasTopConcept"/>
        <related qcode="spbblposition:4" rel="skos:hasTopConcept"/>
        <related qcode="spbblposition:5" rel="skos:hasTopConcept"/>
        <related qcode="spbblposition:6" rel="skos:hasTopConcept"/>
        <related qcode="spbblposition:7" rel="skos:hasTopConcept"/>
        <related qcode="spbblposition:8" rel="skos:hasTopConcept"/>
        <related qcode="spbblposition:9" rel="skos:hasTopConcept"/>
        <related qcode="spbblposition:10" rel="skos:hasTopConcept"/>
        <related qcode="spbblposition:dh" rel="skos:hasTopConcept"/>
        <related qcode="spbblposition:ph" rel="skos:hasTopConcept"/>
        <related qcode="spbblposition:pr" rel="skos:hasTopConcept"/>
        <related qcode="spbblposition:manager" rel="skos:hasTopConcept"/>
        <related qcode="spbblposition:coach" rel="skos:hasTopConcept"/>
        <related qcode="spbblposition:coach-first-base" rel="skos:hasTopConcept"/>
        <related qcode="spbblposition:coach-third-base" rel="skos:hasTopConcept"/>
        <related qcode="spbblposition:umpire" rel="skos:hasTopConcept"/>
        <related qcode="spbblposition:umpire-2" rel="skos:hasTopConcept"/>
        <related qcode="spbblposition:umpire-3" rel="skos:hasTopConcept"/>
        <related qcode="spbblposition:umpire-4" rel="skos:hasTopConcept"/>
        <related qcode="spbblposition:umpire-5" rel="skos:hasTopConcept"/>
        <related qcode="spbblposition:umpire-7" rel="skos:hasTopConcept"/>
        <related qcode="spbblposition:umpire-9" rel="skos:hasTopConcept"/>
        <related qcode="spbblposition:official-scorekeeper" rel="skos:hasTopConcept"/>
        <related qcode="spbblposition:technical-commissioner" rel="skos:hasTopConcept"/>
        <schemeMetaExtProperty rel="ikos:availLang" value="en-US"/>
        <schemeMetaExtProperty rel="ikos:availLang" value="en-GB"/>
    </schemeMeta>
</knowledgeItem>
