<knowledgeItem xmlns="http://iptc.org/std/nar/2006-10-01/"
    xmlns:xs="http://www.w3.org/2001/XMLSchema" xmlns:newsml="http://iptc.org/std/nar/2006-10-01/"
    standard="NewsML-G2" standardversion="2.18" conformance="power"
    guid="urn:newsml:iptc.org:20080229:srcncdki-spbblrole" version="1">
    <catalogRef href="http://www.iptc.org/std/catalog/catalog.IPTC-G2-Standards_25.xml"/>
    <catalogRef href="http://www.iptc.org/std/catalog/catalog.IPTC-Sports_1.xml"/>
    <rightsInfo>
        <copyrightHolder uri="http://cv.iptc.org/newscodes/newsprovider/IPTC">
            <name>IPTC - International Press Telecommunications Council</name>
        </copyrightHolder>
        <copyrightNotice>Copyright 2016, IPTC, www.iptc.org, Rights Reserved</copyrightNotice>
        <usageTerms href="http://creativecommons.org/licenses/by/4.0/">the Creative Commons
            Attribution (CC BY) 4.0 license applies to all NewsCodes</usageTerms>
    </rightsInfo>
    <itemMeta>
        <itemClass qcode="cinat:scheme"/>
        <provider uri="http://cv.iptc.org/newscodes/newsprovider/IPTC">
            <name>IPTC</name>
        </provider>
        <versionCreated>2016-06-13T15:15:32-04:00</versionCreated>
        <pubStatus qcode="stat:usable"/>
    </itemMeta>
    <contentMeta>
        <subject qcode="subj:15000000">
            <name xml:lang="en-US">sport</name>
            <name xml:lang="en-GB">sport</name>
        </subject>
        <subject qcode="subj:15007000">
            <name xml:lang="en-US">baseball</name>
            <name xml:lang="en-GB">baseball</name>
            <broader qcode="subj:15000000"/>
        </subject>
        <description>Roles of Baseball players</description>
    </contentMeta>
    <conceptSet>
        <concept id="spbblrolebatter">
            <conceptId qcode="spbblrole:batter" created="2016-05-02T00:00:00+00:00"/>
            <type qcode="cpnat:abstract"/>
            <name xml:lang="en-US">Batter</name>
            <name xml:lang="en-GB">Batter</name>
            <definition/>
            <related uri="http://cv.iptc.org/newscodes/spbblrole/" rel="skos:inScheme"/>
        </concept>
        <concept id="spbblrolepitcher">
            <conceptId qcode="spbblrole:pitcher" created="2016-05-02T00:00:00+00:00"/>
            <type qcode="cpnat:abstract"/>
            <name xml:lang="en-US">Pitcher</name>
            <name xml:lang="en-GB">Pitcher</name>
            <definition/>
            <related uri="http://cv.iptc.org/newscodes/spbblrole/" rel="skos:inScheme"/>
        </concept>
        <concept id="spbblrolerunner-1">
            <conceptId qcode="spbblrole:runner-1" created="2016-05-02T00:00:00+00:00"/>
            <type qcode="cpnat:abstract"/>
            <name xml:lang="en-US">Runner on 1st</name>
            <name xml:lang="en-GB">Runner on 1st</name>
            <definition/>
            <related uri="http://cv.iptc.org/newscodes/spbblrole/" rel="skos:inScheme"/>
        </concept>
        <concept id="spbblrolerunner-2">
            <conceptId qcode="spbblrole:runner-2" created="2016-05-02T00:00:00+00:00"/>
            <type qcode="cpnat:abstract"/>
            <name xml:lang="en-US">Runner on 2nd</name>
            <name xml:lang="en-GB">Runner on 2nd</name>
            <definition/>
            <related uri="http://cv.iptc.org/newscodes/spbblrole/" rel="skos:inScheme"/>
        </concept>
        <concept id="spbblrolerunner-3">
            <conceptId qcode="spbblrole:runner-3" created="2016-05-02T00:00:00+00:00"/>
            <type qcode="cpnat:abstract"/>
            <name xml:lang="en-US">Runner on 3rd</name>
            <name xml:lang="en-GB">Runner on 3rd</name>
            <definition/>
            <related uri="http://cv.iptc.org/newscodes/spbblrole/" rel="skos:inScheme"/>
        </concept>
        <concept id="spbblrolenext-batter">
            <conceptId qcode="spbblrole:next-batter" created="2016-05-02T00:00:00+00:00"/>
            <type qcode="cpnat:abstract"/>
            <name xml:lang="en-US">The next batter up</name>
            <name xml:lang="en-GB">The next batter up</name>
            <definition/>
            <related uri="http://cv.iptc.org/newscodes/spbblrole/" rel="skos:inScheme"/>
        </concept>
        <concept id="spbblrolefielder">
            <conceptId qcode="spbblrole:fielder" created="2016-05-02T00:00:00+00:00"/>
            <type qcode="cpnat:abstract"/>
            <name xml:lang="en-US">fielder</name>
            <name xml:lang="en-GB">fielder</name>
            <definition/>
            <related uri="http://cv.iptc.org/newscodes/spbblrole/" rel="skos:inScheme"/>
        </concept>
        <concept id="spbblroleofficial">
            <conceptId qcode="spbblrole:official" created="2016-05-02T00:00:00+00:00"/>
            <type qcode="cpnat:abstract"/>
            <name xml:lang="en-US">official</name>
            <name xml:lang="en-GB">official</name>
            <definition/>
            <related uri="http://cv.iptc.org/newscodes/spbblrole/" rel="skos:inScheme"/>
        </concept>
        <concept id="spbblroleauxilliary">
            <conceptId qcode="spbblrole:auxilliary" created="2016-05-02T00:00:00+00:00"/>
            <type qcode="cpnat:abstract"/>
            <name xml:lang="en-US">auxilliary</name>
            <name xml:lang="en-GB">auxilliary</name>
            <definition/>
            <related uri="http://cv.iptc.org/newscodes/spbblrole/" rel="skos:inScheme"/>
        </concept>
    </conceptSet>
    <schemeMeta authority="http://www.iptc.org" uri="http://cv.iptc.org/newscodes/spbblrole/"
        preferredalias="spbblrole">
        <definition xml:lang="en-GB">Roles of Baseball players</definition>
        <name xml:lang="en-US">Baseball Player Roles</name>
            <name xml:lang="en-GB">Baseball Player Roles</name>
        <related qcode="spbblrole:batter" rel="skos:hasTopConcept"/>
        <related qcode="spbblrole:pitcher" rel="skos:hasTopConcept"/>
        <related qcode="spbblrole:runner-1" rel="skos:hasTopConcept"/>
        <related qcode="spbblrole:runner-2" rel="skos:hasTopConcept"/>
        <related qcode="spbblrole:runner-3" rel="skos:hasTopConcept"/>
        <related qcode="spbblrole:next-batter" rel="skos:hasTopConcept"/>
        <related qcode="spbblrole:fielder" rel="skos:hasTopConcept"/>
        <related qcode="spbblrole:official" rel="skos:hasTopConcept"/>
        <related qcode="spbblrole:auxilliary" rel="skos:hasTopConcept"/>
        <schemeMetaExtProperty rel="ikos:availLang" value="en-US"/>
        <schemeMetaExtProperty rel="ikos:availLang" value="en-GB"/>
    </schemeMeta>
</knowledgeItem>
